datetime,chamber,CO2_ppm,half_hour,year,month,day,hour,minute,second
2023-10-02T11:00:00Z,1,580.0188,2023-10-02T11:00:00Z,2023,10,2,11,0,0
2023-10-02T11:00:01Z,1,582.5283,2023-10-02T11:00:00Z,2023,10,2,11,0,1
2023-10-02T11:00:02Z,1,579.7759,2023-10-02T11:00:00Z,2023,10,2,11,0,2
2023-10-02T11:00:03Z,1,545.3706,2023-10-02T11:00:00Z,2023,10,2,11,0,3
2023-10-02T11:00:04Z,1,388.6443,2023-10-02T11:00:00Z,2023,10,2,11,0,4
2023-10-02T11:00:05Z,1,414.9542,2023-10-02T11:00:00Z,2023,10,2,11,0,5
2023-10-02T11:00:06Z,1,422.8877,2023-10-02T11:00:00Z,2023,10,2,11,0,6
2023-10-02T11:00:07Z,1,422.9686,2023-10-02T11:00:00Z,2023,10,2,11,0,7
2023-10-02T11:00:08Z,1,424.4258,2023-10-02T11:00:00Z,2023,10,2,11,0,8
2023-10-02T11:00:09Z,1,426.0449,2023-10-02T11:00:00Z,2023,10,2,11,0,9
2023-10-02T11:00:10Z,1,432.4402,2023-10-02T11:00:00Z,2023,10,2,11,0,10
2023-10-02T11:00:11Z,1,448.3881,2023-10-02T11:00:00Z,2023,10,2,11,0,11
2023-10-02T11:00:12Z,1,458.5882,2023-10-02T11:00:00Z,2023,10,2,11,0,12
2023-10-02T11:00:13Z,1,496.4746,2023-10-02T11:00:00Z,2023,10,2,11,0,13
2023-10-02T11:00:14Z,1,496.7984,2023-10-02T11:00:00Z,2023,10,2,11,0,14
2023-10-02T11:00:15Z,1,405.9684,2023-10-02T11:00:00Z,2023,10,2,11,0,15
2023-10-02T11:00:16Z,1,404.5112,2023-10-02T11:00:00Z,2023,10,2,11,0,16
2023-10-02T11:00:17Z,1,413.3352,2023-10-02T11:00:00Z,2023,10,2,11,0,17
2023-10-02T11:00:18Z,1,416.3304,2023-10-02T11:00:00Z,2023,10,2,11,0,18
2023-10-02T11:00:19Z,1,417.3019,2023-10-02T11:00:00Z,2023,10,2,11,0,19
2023-10-02T11:00:20Z,1,417.2209,2023-10-02T11:00:00Z,2023,10,2,11,0,20
2023-10-02T11:00:21Z,1,416.8971,2023-10-02T11:00:00Z,2023,10,2,11,0,21
2023-10-02T11:00:22Z,1,416.0876,2023-10-02T11:00:00Z,2023,10,2,11,0,22
2023-10-02T11:00:23Z,1,414.8733,2023-10-02T11:00:00Z,2023,10,2,11,0,23
2023-10-02T11:00:24Z,1,414.7923,2023-10-02T11:00:00Z,2023,10,2,11,0,24
2023-10-02T11:00:25Z,1,412.2018,2023-10-02T11:00:00Z,2023,10,2,11,0,25
2023-10-02T11:00:26Z,1,414.4685,2023-10-02T11:00:00Z,2023,10,2,11,0,26
2023-10-02T11:00:27Z,1,413.8209,2023-10-02T11:00:00Z,2023,10,2,11,0,27
2023-10-02T11:00:28Z,1,413.8209,2023-10-02T11:00:00Z,2023,10,2,11,0,28
2023-10-02T11:00:29Z,1,414.7897,2023-10-02T11:00:00Z,2023,10,2,11,0,29
2023-10-02T11:00:30Z,1,415.4373,2023-10-02T11:00:00Z,2023,10,2,11,0,30
2023-10-02T11:00:31Z,1,418.3516,2023-10-02T11:00:00Z,2023,10,2,11,0,31
2023-10-02T11:00:32Z,1,417.0563,2023-10-02T11:00:00Z,2023,10,2,11,0,32
2023-10-02T11:00:33Z,1,417.2992,2023-10-02T11:00:00Z,2023,10,2,11,0,33
2023-10-02T11:00:34Z,1,417.2992,2023-10-02T11:00:00Z,2023,10,2,11,0,34
2023-10-02T11:00:35Z,1,417.0563,2023-10-02T11:00:00Z,2023,10,2,11,0,35
2023-10-02T11:00:36Z,1,418.0278,2023-10-02T11:00:00Z,2023,10,2,11,0,36
2023-10-02T11:00:37Z,1,417.2992,2023-10-02T11:00:00Z,2023,10,2,11,0,37
2023-10-02T11:00:38Z,1,417.2182,2023-10-02T11:00:00Z,2023,10,2,11,0,38
2023-10-02T11:00:39Z,1,417.2992,2023-10-02T11:00:00Z,2023,10,2,11,0,39
2023-10-02T11:00:40Z,1,416.1658,2023-10-02T11:00:00Z,2023,10,2,11,0,40
2023-10-02T11:00:41Z,1,417.1373,2023-10-02T11:00:00Z,2023,10,2,11,0,41
2023-10-02T11:00:42Z,1,416.5706,2023-10-02T11:00:00Z,2023,10,2,11,0,42
2023-10-02T11:00:43Z,1,416.4087,2023-10-02T11:00:00Z,2023,10,2,11,0,43
2023-10-02T11:00:44Z,1,417.0563,2023-10-02T11:00:00Z,2023,10,2,11,0,44
2023-10-02T11:00:45Z,1,418.1896,2023-10-02T11:00:00Z,2023,10,2,11,0,45
2023-10-02T11:00:46Z,1,418.3516,2023-10-02T11:00:00Z,2023,10,2,11,0,46
2023-10-02T11:00:47Z,1,419.8087,2023-10-02T11:00:00Z,2023,10,2,11,0,47
2023-10-02T11:00:48Z,1,420.0516,2023-10-02T11:00:00Z,2023,10,2,11,0,48
2023-10-02T11:00:49Z,1,419.0801,2023-10-02T11:00:00Z,2023,10,2,11,0,49
2023-10-02T11:00:50Z,1,417.7039,2023-10-02T11:00:00Z,2023,10,2,11,0,50
2023-10-02T11:00:51Z,1,418.9992,2023-10-02T11:00:00Z,2023,10,2,11,0,51
2023-10-02T11:00:52Z,1,417.461,2023-10-02T11:00:00Z,2023,10,2,11,0,52
2023-10-02T11:00:53Z,1,418.3516,2023-10-02T11:00:00Z,2023,10,2,11,0,53
2023-10-02T11:00:54Z,1,419.5658,2023-10-02T11:00:00Z,2023,10,2,11,0,54
2023-10-02T11:00:55Z,1,418.6754,2023-10-02T11:00:00Z,2023,10,2,11,0,55
2023-10-02T11:00:56Z,1,419.4039,2023-10-02T11:00:00Z,2023,10,2,11,0,56
2023-10-02T11:00:57Z,1,419.4039,2023-10-02T11:00:00Z,2023,10,2,11,0,57
2023-10-02T11:00:58Z,1,420.3753,2023-10-02T11:00:00Z,2023,10,2,11,0,58
2023-10-02T11:00:59Z,1,420.6182,2023-10-02T11:00:00Z,2023,10,2,11,0,59
2023-10-02T11:01:00Z,1,420.2944,2023-10-02T11:00:00Z,2023,10,2,11,1,0
2023-10-02T11:01:01Z,1,421.2658,2023-10-02T11:00:00Z,2023,10,2,11,1,1
2023-10-02T11:01:02Z,1,419.8087,2023-10-02T11:00:00Z,2023,10,2,11,1,2
2023-10-02T11:01:03Z,1,420.2944,2023-10-02T11:00:00Z,2023,10,2,11,1,3
2023-10-02T11:01:04Z,1,420.3753,2023-10-02T11:00:00Z,2023,10,2,11,1,4
2023-10-02T11:01:05Z,1,420.2134,2023-10-02T11:00:00Z,2023,10,2,11,1,5
2023-10-02T11:01:06Z,1,416.7325,2023-10-02T11:00:00Z,2023,10,2,11,1,6
2023-10-02T11:01:07Z,1,417.9468,2023-10-02T11:00:00Z,2023,10,2,11,1,7
2023-10-02T11:01:08Z,1,418.4325,2023-10-02T11:00:00Z,2023,10,2,11,1,8
2023-10-02T11:01:09Z,1,420.3753,2023-10-02T11:00:00Z,2023,10,2,11,1,9
2023-10-02T11:01:10Z,1,420.861,2023-10-02T11:00:00Z,2023,10,2,11,1,10
2023-10-02T11:01:11Z,1,419.8087,2023-10-02T11:00:00Z,2023,10,2,11,1,11
2023-10-02T11:01:12Z,1,419.5658,2023-10-02T11:00:00Z,2023,10,2,11,1,12
2023-10-02T11:01:13Z,1,423.1277,2023-10-02T11:00:00Z,2023,10,2,11,1,13
2023-10-02T11:01:14Z,1,425.961,2023-10-02T11:00:00Z,2023,10,2,11,1,14
2023-10-02T11:01:15Z,1,424.342,2023-10-02T11:00:00Z,2023,10,2,11,1,15
2023-10-02T11:01:16Z,1,427.742,2023-10-02T11:00:00Z,2023,10,2,11,1,16
2023-10-02T11:01:17Z,1,426.2848,2023-10-02T11:00:00Z,2023,10,2,11,1,17
2023-10-02T11:01:18Z,1,424.9086,2023-10-02T11:00:00Z,2023,10,2,11,1,18
2023-10-02T11:01:19Z,1,425.961,2023-10-02T11:00:00Z,2023,10,2,11,1,19
2023-10-02T11:01:20Z,1,428.5514,2023-10-02T11:00:00Z,2023,10,2,11,1,20
2023-10-02T11:01:21Z,1,430.5752,2023-10-02T11:00:00Z,2023,10,2,11,1,21
2023-10-02T11:01:22Z,1,432.1943,2023-10-02T11:00:00Z,2023,10,2,11,1,22
2023-10-02T11:01:23Z,1,434.7038,2023-10-02T11:00:00Z,2023,10,2,11,1,23
2023-10-02T11:01:24Z,1,436.08,2023-10-02T11:00:00Z,2023,10,2,11,1,24
2023-10-02T11:01:25Z,1,439.0752,2023-10-02T11:00:00Z,2023,10,2,11,1,25
2023-10-02T11:01:26Z,1,441.1799,2023-10-02T11:00:00Z,2023,10,2,11,1,26
2023-10-02T11:01:27Z,1,440.2085,2023-10-02T11:00:00Z,2023,10,2,11,1,27
2023-10-02T11:01:28Z,1,437.78,2023-10-02T11:00:00Z,2023,10,2,11,1,28
2023-10-02T11:01:29Z,1,441.5847,2023-10-02T11:00:00Z,2023,10,2,11,1,29
2023-10-02T11:01:30Z,1,446.037,2023-10-02T11:00:00Z,2023,10,2,11,1,30
2023-10-02T11:01:31Z,1,447.5751,2023-10-02T11:00:00Z,2023,10,2,11,1,31
2023-10-02T11:01:32Z,1,450.2466,2023-10-02T11:00:00Z,2023,10,2,11,1,32
2023-10-02T11:01:33Z,1,453.2418,2023-10-02T11:00:00Z,2023,10,2,11,1,33
2023-10-02T11:01:34Z,1,452.9989,2023-10-02T11:00:00Z,2023,10,2,11,1,34
2023-10-02T11:01:35Z,1,455.9942,2023-10-02T11:00:00Z,2023,10,2,11,1,35
2023-10-02T11:01:36Z,1,459.637,2023-10-02T11:00:00Z,2023,10,2,11,1,36
2023-10-02T11:01:37Z,1,461.4988,2023-10-02T11:00:00Z,2023,10,2,11,1,37
2023-10-02T11:01:38Z,1,461.4988,2023-10-02T11:00:00Z,2023,10,2,11,1,38
2023-10-02T11:01:39Z,1,463.1988,2023-10-02T11:00:00Z,2023,10,2,11,1,39
2023-10-02T11:01:40Z,1,461.175,2023-10-02T11:00:00Z,2023,10,2,11,1,40
2023-10-02T11:01:41Z,1,460.5274,2023-10-02T11:00:00Z,2023,10,2,11,1,41
2023-10-02T11:01:42Z,1,461.8227,2023-10-02T11:00:00Z,2023,10,2,11,1,42
2023-10-02T11:01:43Z,1,465.4655,2023-10-02T11:00:00Z,2023,10,2,11,1,43
2023-10-02T11:01:44Z,1,469.1893,2023-10-02T11:00:00Z,2023,10,2,11,1,44
2023-10-02T11:01:45Z,1,470.4845,2023-10-02T11:00:00Z,2023,10,2,11,1,45
2023-10-02T11:01:46Z,1,469.594,2023-10-02T11:00:00Z,2023,10,2,11,1,46
2023-10-02T11:01:47Z,1,470.5654,2023-10-02T11:00:00Z,2023,10,2,11,1,47
2023-10-02T11:01:48Z,1,470.6464,2023-10-02T11:00:00Z,2023,10,2,11,1,48
2023-10-02T11:01:49Z,1,473.3178,2023-10-02T11:00:00Z,2023,10,2,11,1,49
2023-10-02T11:01:50Z,1,473.3178,2023-10-02T11:00:00Z,2023,10,2,11,1,50
2023-10-02T11:01:51Z,1,471.9416,2023-10-02T11:00:00Z,2023,10,2,11,1,51
2023-10-02T11:01:52Z,1,472.913,2023-10-02T11:00:00Z,2023,10,2,11,1,52
2023-10-02T11:01:53Z,1,475.0988,2023-10-02T11:00:00Z,2023,10,2,11,1,53
2023-10-02T11:01:54Z,1,475.0988,2023-10-02T11:00:00Z,2023,10,2,11,1,54
2023-10-02T11:01:55Z,1,477.1226,2023-10-02T11:00:00Z,2023,10,2,11,1,55
2023-10-02T11:01:56Z,1,478.6606,2023-10-02T11:00:00Z,2023,10,2,11,1,56
2023-10-02T11:01:57Z,1,480.2797,2023-10-02T11:00:00Z,2023,10,2,11,1,57
2023-10-02T11:01:58Z,1,480.3606,2023-10-02T11:00:00Z,2023,10,2,11,1,58
2023-10-02T11:01:59Z,1,480.3606,2023-10-02T11:00:00Z,2023,10,2,11,1,59
2023-10-02T11:02:00Z,1,480.9273,2023-10-02T11:00:00Z,2023,10,2,11,2,0
2023-10-02T11:02:01Z,1,482.2225,2023-10-02T11:00:00Z,2023,10,2,11,2,1
2023-10-02T11:02:02Z,1,482.8701,2023-10-02T11:00:00Z,2023,10,2,11,2,2
2023-10-02T11:02:03Z,1,483.5178,2023-10-02T11:00:00Z,2023,10,2,11,2,3
2023-10-02T11:02:04Z,1,484.0844,2023-10-02T11:00:00Z,2023,10,2,11,2,4
2023-10-02T11:02:05Z,1,484.732,2023-10-02T11:00:00Z,2023,10,2,11,2,5
2023-10-02T11:02:06Z,1,484.732,2023-10-02T11:00:00Z,2023,10,2,11,2,6
2023-10-02T11:02:07Z,1,482.7892,2023-10-02T11:00:00Z,2023,10,2,11,2,7
2023-10-02T11:02:08Z,1,484.9748,2023-10-02T11:00:00Z,2023,10,2,11,2,8
2023-10-02T11:02:09Z,1,485.1334,2023-10-02T11:00:00Z,2023,10,2,11,2,9
2023-10-02T11:02:10Z,1,484.9715,2023-10-02T11:00:00Z,2023,10,2,11,2,10
2023-10-02T11:02:11Z,1,484.8905,2023-10-02T11:00:00Z,2023,10,2,11,2,11
2023-10-02T11:02:12Z,1,485.4572,2023-10-02T11:00:00Z,2023,10,2,11,2,12
2023-10-02T11:02:13Z,1,486.5095,2023-10-02T11:00:00Z,2023,10,2,11,2,13
2023-10-02T11:02:14Z,1,489.6666,2023-10-02T11:00:00Z,2023,10,2,11,2,14
2023-10-02T11:02:15Z,1,490.3952,2023-10-02T11:00:00Z,2023,10,2,11,2,15
2023-10-02T11:02:16Z,1,491.6094,2023-10-02T11:00:00Z,2023,10,2,11,2,16
2023-10-02T11:02:17Z,1,492.4189,2023-10-02T11:00:00Z,2023,10,2,11,2,17
2023-10-02T11:02:18Z,1,492.5808,2023-10-02T11:00:00Z,2023,10,2,11,2,18
2023-10-02T11:02:19Z,1,492.5808,2023-10-02T11:00:00Z,2023,10,2,11,2,19
2023-10-02T11:02:20Z,1,492.6618,2023-10-02T11:00:00Z,2023,10,2,11,2,20
2023-10-02T11:02:21Z,1,493.1475,2023-10-02T11:00:00Z,2023,10,2,11,2,21
2023-10-02T11:02:22Z,1,494.5236,2023-10-02T11:00:00Z,2023,10,2,11,2,22
2023-10-02T11:02:23Z,1,495.576,2023-10-02T11:00:00Z,2023,10,2,11,2,23
2023-10-02T11:02:24Z,1,496.1426,2023-10-02T11:00:00Z,2023,10,2,11,2,24
2023-10-02T11:02:25Z,1,498.0045,2023-10-02T11:00:00Z,2023,10,2,11,2,25
2023-10-02T11:02:26Z,1,499.2188,2023-10-02T11:00:00Z,2023,10,2,11,2,26
2023-10-02T11:02:27Z,1,499.8663,2023-10-02T11:00:00Z,2023,10,2,11,2,27
2023-10-02T11:02:28Z,1,499.8663,2023-10-02T11:00:00Z,2023,10,2,11,2,28
2023-10-02T11:02:29Z,1,499.9473,2023-10-02T11:00:00Z,2023,10,2,11,2,29
2023-10-02T11:02:30Z,1,499.8663,2023-10-02T11:00:00Z,2023,10,2,11,2,30
2023-10-02T11:02:31Z,1,499.3806,2023-10-02T11:00:00Z,2023,10,2,11,2,31
2023-10-02T11:02:32Z,1,500.1902,2023-10-02T11:00:00Z,2023,10,2,11,2,32
2023-10-02T11:02:33Z,1,500.5139,2023-10-02T11:00:00Z,2023,10,2,11,2,33
2023-10-02T11:02:34Z,1,501.6472,2023-10-02T11:00:00Z,2023,10,2,11,2,34
2023-10-02T11:02:35Z,1,501.7282,2023-10-02T11:00:00Z,2023,10,2,11,2,35
2023-10-02T11:02:36Z,1,502.6996,2023-10-02T11:00:00Z,2023,10,2,11,2,36
2023-10-02T11:02:37Z,1,504.1567,2023-10-02T11:00:00Z,2023,10,2,11,2,37
2023-10-02T11:02:38Z,1,503.752,2023-10-02T11:00:00Z,2023,10,2,11,2,38
2023-10-02T11:02:39Z,1,503.9138,2023-10-02T11:00:00Z,2023,10,2,11,2,39
2023-10-02T11:02:40Z,1,505.0472,2023-10-02T11:00:00Z,2023,10,2,11,2,40
2023-10-02T11:02:41Z,1,505.29,2023-10-02T11:00:00Z,2023,10,2,11,2,41
2023-10-02T11:02:42Z,1,506.4233,2023-10-02T11:00:00Z,2023,10,2,11,2,42
2023-10-02T11:02:43Z,1,505.8566,2023-10-02T11:00:00Z,2023,10,2,11,2,43
2023-10-02T11:02:44Z,1,507.2328,2023-10-02T11:00:00Z,2023,10,2,11,2,44
2023-10-02T11:02:45Z,1,510.3089,2023-10-02T11:00:00Z,2023,10,2,11,2,45
2023-10-02T11:02:46Z,1,511.1185,2023-10-02T11:00:00Z,2023,10,2,11,2,46
2023-10-02T11:02:47Z,1,512.4136,2023-10-02T11:00:00Z,2023,10,2,11,2,47
2023-10-02T11:02:48Z,1,514.5184,2023-10-02T11:00:00Z,2023,10,2,11,2,48
2023-10-02T11:02:49Z,1,516.3802,2023-10-02T11:00:00Z,2023,10,2,11,2,49
2023-10-02T11:02:50Z,1,518.6468,2023-10-02T11:00:00Z,2023,10,2,11,2,50
2023-10-02T11:02:51Z,1,517.9992,2023-10-02T11:00:00Z,2023,10,2,11,2,51
2023-10-02T11:02:52Z,1,519.2944,2023-10-02T11:00:00Z,2023,10,2,11,2,52
2023-10-02T11:02:53Z,1,518.9706,2023-10-02T11:00:00Z,2023,10,2,11,2,53
2023-10-02T11:02:54Z,1,518.8087,2023-10-02T11:00:00Z,2023,10,2,11,2,54
2023-10-02T11:02:55Z,1,519.2944,2023-10-02T11:00:00Z,2023,10,2,11,2,55
2023-10-02T11:02:56Z,1,520.5896,2023-10-02T11:00:00Z,2023,10,2,11,2,56
2023-10-02T11:02:57Z,1,520.2658,2023-10-02T11:00:00Z,2023,10,2,11,2,57
2023-10-02T11:02:58Z,1,519.942,2023-10-02T11:00:00Z,2023,10,2,11,2,58
2023-10-02T11:02:59Z,1,521.561,2023-10-02T11:00:00Z,2023,10,2,11,2,59
2023-10-02T11:03:00Z,1,522.0468,2023-10-02T11:00:00Z,2023,10,2,11,3,0
2023-10-02T11:03:01Z,1,523.6657,2023-10-02T11:00:00Z,2023,10,2,11,3,1
2023-10-02T11:03:02Z,1,524.0705,2023-10-02T11:00:00Z,2023,10,2,11,3,2
2023-10-02T11:03:03Z,1,524.7991,2023-10-02T11:00:00Z,2023,10,2,11,3,3
2023-10-02T11:03:04Z,1,526.0942,2023-10-02T11:00:00Z,2023,10,2,11,3,4
2023-10-02T11:03:05Z,1,526.499,2023-10-02T11:00:00Z,2023,10,2,11,3,5
2023-10-02T11:03:06Z,1,528.118,2023-10-02T11:00:00Z,2023,10,2,11,3,6
2023-10-02T11:03:07Z,1,528.4418,2023-10-02T11:00:00Z,2023,10,2,11,3,7
2023-10-02T11:03:08Z,1,530.6274,2023-10-02T11:00:00Z,2023,10,2,11,3,8
2023-10-02T11:03:09Z,1,531.356,2023-10-02T11:00:00Z,2023,10,2,11,3,9
2023-10-02T11:03:10Z,1,532.975,2023-10-02T11:00:00Z,2023,10,2,11,3,10
2023-10-02T11:03:11Z,1,534.2702,2023-10-02T11:00:00Z,2023,10,2,11,3,11
2023-10-02T11:03:12Z,1,535.4035,2023-10-02T11:00:00Z,2023,10,2,11,3,12
2023-10-02T11:03:13Z,1,537.1035,2023-10-02T11:00:00Z,2023,10,2,11,3,13
2023-10-02T11:03:14Z,1,539.451,2023-10-02T11:00:00Z,2023,10,2,11,3,14
2023-10-02T11:03:15Z,1,539.6129,2023-10-02T11:00:00Z,2023,10,2,11,3,15
2023-10-02T11:03:16Z,1,541.3129,2023-10-02T11:00:00Z,2023,10,2,11,3,16
2023-10-02T11:03:17Z,1,543.2557,2023-10-02T11:00:00Z,2023,10,2,11,3,17
2023-10-02T11:03:18Z,1,545.1986,2023-10-02T11:00:00Z,2023,10,2,11,3,18
2023-10-02T11:03:19Z,1,546.1699,2023-10-02T11:00:00Z,2023,10,2,11,3,19
2023-10-02T11:03:20Z,1,544.7938,2023-10-02T11:00:00Z,2023,10,2,11,3,20
2023-10-02T11:03:21Z,1,544.7938,2023-10-02T11:00:00Z,2023,10,2,11,3,21
2023-10-02T11:03:22Z,1,544.389,2023-10-02T11:00:00Z,2023,10,2,11,3,22
2023-10-02T11:03:23Z,1,545.6033,2023-10-02T11:00:00Z,2023,10,2,11,3,23
2023-10-02T11:03:24Z,1,545.5223,2023-10-02T11:00:00Z,2023,10,2,11,3,24
2023-10-02T11:03:25Z,1,546.7366,2023-10-02T11:00:00Z,2023,10,2,11,3,25
2023-10-02T11:03:26Z,1,547.2223,2023-10-02T11:00:00Z,2023,10,2,11,3,26
2023-10-02T11:03:27Z,1,547.2223,2023-10-02T11:00:00Z,2023,10,2,11,3,27
2023-10-02T11:03:28Z,1,547.5461,2023-10-02T11:00:00Z,2023,10,2,11,3,28
2023-10-02T11:03:29Z,1,546.3318,2023-10-02T11:00:00Z,2023,10,2,11,3,29
2023-10-02T11:03:30Z,1,546.2508,2023-10-02T11:00:00Z,2023,10,2,11,3,30
2023-10-02T11:03:31Z,1,547.5461,2023-10-02T11:00:00Z,2023,10,2,11,3,31
2023-10-02T11:03:32Z,1,549.246,2023-10-02T11:00:00Z,2023,10,2,11,3,32
2023-10-02T11:03:33Z,1,549.8937,2023-10-02T11:00:00Z,2023,10,2,11,3,33
2023-10-02T11:03:34Z,1,549.7318,2023-10-02T11:00:00Z,2023,10,2,11,3,34
2023-10-02T11:03:35Z,1,549.9746,2023-10-02T11:00:00Z,2023,10,2,11,3,35
2023-10-02T11:03:36Z,1,550.0556,2023-10-02T11:00:00Z,2023,10,2,11,3,36
2023-10-02T11:03:37Z,1,550.0556,2023-10-02T11:00:00Z,2023,10,2,11,3,37
2023-10-02T11:03:38Z,1,550.946,2023-10-02T11:00:00Z,2023,10,2,11,3,38
2023-10-02T11:03:39Z,1,551.8364,2023-10-02T11:00:00Z,2023,10,2,11,3,39
2023-10-02T11:03:40Z,1,552.1603,2023-10-02T11:00:00Z,2023,10,2,11,3,40
2023-10-02T11:03:41Z,1,552.1603,2023-10-02T11:00:00Z,2023,10,2,11,3,41
2023-10-02T11:03:42Z,1,553.6174,2023-10-02T11:00:00Z,2023,10,2,11,3,42
2023-10-02T11:03:43Z,1,554.7507,2023-10-02T11:00:00Z,2023,10,2,11,3,43
2023-10-02T11:03:44Z,1,554.103,2023-10-02T11:00:00Z,2023,10,2,11,3,44
2023-10-02T11:03:45Z,1,556.0459,2023-10-02T11:00:00Z,2023,10,2,11,3,45
2023-10-02T11:03:46Z,1,556.3696,2023-10-02T11:00:00Z,2023,10,2,11,3,46
2023-10-02T11:03:47Z,1,557.8268,2023-10-02T11:00:00Z,2023,10,2,11,3,47
2023-10-02T11:03:48Z,1,558.0696,2023-10-02T11:00:00Z,2023,10,2,11,3,48
2023-10-02T11:03:49Z,1,557.5801,2023-10-02T11:00:00Z,2023,10,2,11,3,49
2023-10-02T11:03:50Z,1,558.3896,2023-10-02T11:00:00Z,2023,10,2,11,3,50
2023-10-02T11:03:51Z,1,558.1467,2023-10-02T11:00:00Z,2023,10,2,11,3,51
2023-10-02T11:03:52Z,1,558.7134,2023-10-02T11:00:00Z,2023,10,2,11,3,52
2023-10-02T11:03:53Z,1,559.28,2023-10-02T11:00:00Z,2023,10,2,11,3,53
2023-10-02T11:03:54Z,1,559.6848,2023-10-02T11:00:00Z,2023,10,2,11,3,54
2023-10-02T11:03:55Z,1,560.7371,2023-10-02T11:00:00Z,2023,10,2,11,3,55
2023-10-02T11:03:56Z,1,560.899,2023-10-02T11:00:00Z,2023,10,2,11,3,56
2023-10-02T11:03:57Z,1,561.1418,2023-10-02T11:00:00Z,2023,10,2,11,3,57
2023-10-02T11:03:58Z,1,560.98,2023-10-02T11:00:00Z,2023,10,2,11,3,58
2023-10-02T11:03:59Z,1,561.8704,2023-10-02T11:00:00Z,2023,10,2,11,3,59
2023-10-02T11:04:00Z,1,562.6799,2023-10-02T11:00:00Z,2023,10,2,11,4,0
2023-10-02T11:04:01Z,1,563.4084,2023-10-02T11:00:00Z,2023,10,2,11,4,1
2023-10-02T11:04:02Z,1,565.5131,2023-10-02T11:00:00Z,2023,10,2,11,4,2
2023-10-02T11:04:03Z,1,566.8083,2023-10-02T11:00:00Z,2023,10,2,11,4,3
2023-10-02T11:04:04Z,1,566.7274,2023-10-02T11:00:00Z,2023,10,2,11,4,4
2023-10-02T11:04:05Z,1,567.1321,2023-10-02T11:00:00Z,2023,10,2,11,4,5
2023-10-02T11:04:06Z,1,567.6987,2023-10-02T11:00:00Z,2023,10,2,11,4,6
2023-10-02T11:04:07Z,1,569.7225,2023-10-02T11:00:00Z,2023,10,2,11,4,7
2023-10-02T11:04:08Z,1,571.6653,2023-10-02T11:00:00Z,2023,10,2,11,4,8
2023-10-02T11:04:09Z,1,569.3987,2023-10-02T11:00:00Z,2023,10,2,11,4,9
2023-10-02T11:04:10Z,1,568.994,2023-10-02T11:00:00Z,2023,10,2,11,4,10
2023-10-02T11:04:11Z,1,569.0749,2023-10-02T11:00:00Z,2023,10,2,11,4,11
2023-10-02T11:04:12Z,1,569.9653,2023-10-02T11:00:00Z,2023,10,2,11,4,12
2023-10-02T11:04:13Z,1,571.1796,2023-10-02T11:00:00Z,2023,10,2,11,4,13
2023-10-02T11:04:14Z,1,572.7986,2023-10-02T11:00:00Z,2023,10,2,11,4,14
2023-10-02T11:04:15Z,1,572.9604,2023-10-02T11:00:00Z,2023,10,2,11,4,15
2023-10-02T11:04:16Z,1,574.0128,2023-10-02T11:00:00Z,2023,10,2,11,4,16
2023-10-02T11:04:17Z,1,574.2556,2023-10-02T11:00:00Z,2023,10,2,11,4,17
2023-10-02T11:04:18Z,1,575.7128,2023-10-02T11:00:00Z,2023,10,2,11,4,18
2023-10-02T11:04:19Z,1,576.4413,2023-10-02T11:00:00Z,2023,10,2,11,4,19
2023-10-02T11:04:20Z,1,576.6841,2023-10-02T11:00:00Z,2023,10,2,11,4,20
2023-10-02T11:04:21Z,1,578.7079,2023-10-02T11:00:00Z,2023,10,2,11,4,21
2023-10-02T11:04:22Z,1,579.2745,2023-10-02T11:00:00Z,2023,10,2,11,4,22
2023-10-02T11:04:23Z,1,579.8411,2023-10-02T11:00:00Z,2023,10,2,11,4,23
2023-10-02T11:04:24Z,1,581.3792,2023-10-02T11:00:00Z,2023,10,2,11,4,24
2023-10-02T11:04:25Z,1,581.5411,2023-10-02T11:00:00Z,2023,10,2,11,4,25
2023-10-02T11:04:26Z,1,581.703,2023-10-02T11:00:00Z,2023,10,2,11,4,26
2023-10-02T11:04:27Z,1,582.5934,2023-10-02T11:00:00Z,2023,10,2,11,4,27
2023-10-02T11:04:28Z,1,582.5934,2023-10-02T11:00:00Z,2023,10,2,11,4,28
2023-10-02T11:04:29Z,1,582.8362,2023-10-02T11:00:00Z,2023,10,2,11,4,29
2023-10-02T11:04:30Z,1,583.8886,2023-10-02T11:00:00Z,2023,10,2,11,4,30
2023-10-02T11:04:31Z,1,584.4552,2023-10-02T11:00:00Z,2023,10,2,11,4,31
2023-10-02T11:04:32Z,1,585.3457,2023-10-02T11:00:00Z,2023,10,2,11,4,32
2023-10-02T11:04:33Z,1,587.4503,2023-10-02T11:00:00Z,2023,10,2,11,4,33
2023-10-02T11:04:34Z,1,587.4503,2023-10-02T11:00:00Z,2023,10,2,11,4,34
2023-10-02T11:04:35Z,1,587.8551,2023-10-02T11:00:00Z,2023,10,2,11,4,35
2023-10-02T11:04:36Z,1,588.5027,2023-10-02T11:00:00Z,2023,10,2,11,4,36
2023-10-02T11:04:37Z,1,591.8216,2023-10-02T11:00:00Z,2023,10,2,11,4,37
2023-10-02T11:04:38Z,1,591.5787,2023-10-02T11:00:00Z,2023,10,2,11,4,38
2023-10-02T11:04:39Z,1,593.4406,2023-10-02T11:00:00Z,2023,10,2,11,4,39
2023-10-02T11:04:40Z,1,593.8453,2023-10-02T11:00:00Z,2023,10,2,11,4,40
2023-10-02T11:04:41Z,1,594.1691,2023-10-02T11:00:00Z,2023,10,2,11,4,41
2023-10-02T11:04:42Z,1,593.9263,2023-10-02T11:00:00Z,2023,10,2,11,4,42
2023-10-02T11:04:43Z,1,593.8453,2023-10-02T11:00:00Z,2023,10,2,11,4,43
2023-10-02T11:04:44Z,1,594.2501,2023-10-02T11:00:00Z,2023,10,2,11,4,44
2023-10-02T11:04:45Z,1,595.2214,2023-10-02T11:00:00Z,2023,10,2,11,4,45
2023-10-02T11:04:46Z,1,596.5976,2023-10-02T11:00:00Z,2023,10,2,11,4,46
2023-10-02T11:04:47Z,1,597.8928,2023-10-02T11:00:00Z,2023,10,2,11,4,47
2023-10-02T11:04:48Z,1,598.7832,2023-10-02T11:00:00Z,2023,10,2,11,4,48
2023-10-02T11:04:49Z,1,598.8641,2023-10-02T11:00:00Z,2023,10,2,11,4,49
2023-10-02T11:04:50Z,1,599.0261,2023-10-02T11:00:00Z,2023,10,2,11,4,50
2023-10-02T11:04:51Z,1,599.3498,2023-10-02T11:00:00Z,2023,10,2,11,4,51
2023-10-02T11:04:52Z,1,599.8356,2023-10-02T11:00:00Z,2023,10,2,11,4,52
2023-10-02T11:04:53Z,1,600.8879,2023-10-02T11:00:00Z,2023,10,2,11,4,53
2023-10-02T11:04:54Z,1,600.4832,2023-10-02T11:00:00Z,2023,10,2,11,4,54
2023-10-02T11:04:55Z,1,601.2117,2023-10-02T11:00:00Z,2023,10,2,11,4,55
2023-10-02T11:04:56Z,1,601.8593,2023-10-02T11:00:00Z,2023,10,2,11,4,56
2023-10-02T11:04:57Z,1,600.8879,2023-10-02T11:00:00Z,2023,10,2,11,4,57
2023-10-02T11:04:58Z,1,601.4545,2023-10-02T11:00:00Z,2023,10,2,11,4,58