Start,End
2023-10-01T00:01:30Z,2023-10-01T00:05:00Z
2023-10-01T00:31:30Z,2023-10-01T00:35:00Z
2023-10-01T01:01:30Z,2023-10-01T01:05:00Z
2023-10-01T01:31:30Z,2023-10-01T01:35:00Z
2023-10-01T02:01:30Z,2023-10-01T02:05:00Z
2023-10-01T02:31:30Z,2023-10-01T02:35:00Z
2023-10-01T03:01:30Z,2023-10-01T03:05:00Z
2023-10-01T03:31:30Z,2023-10-01T03:35:00Z
2023-10-01T04:01:30Z,2023-10-01T04:05:00Z
2023-10-01T04:31:30Z,2023-10-01T04:35:00Z
2023-10-01T05:01:30Z,2023-10-01T05:05:00Z
2023-10-01T05:31:30Z,2023-10-01T05:35:00Z
2023-10-01T06:01:30Z,2023-10-01T06:05:00Z
2023-10-01T06:31:30Z,2023-10-01T06:35:00Z
2023-10-01T07:01:30Z,2023-10-01T07:05:00Z
2023-10-01T07:31:30Z,2023-10-01T07:35:00Z
2023-10-01T08:01:30Z,2023-10-01T08:05:00Z
2023-10-01T08:31:30Z,2023-10-01T08:35:00Z
2023-10-01T09:01:30Z,2023-10-01T09:05:00Z
2023-10-01T09:31:30Z,2023-10-01T09:35:00Z
2023-10-01T10:01:30Z,2023-10-01T10:05:00Z
2023-10-01T10:31:30Z,2023-10-01T10:35:00Z
2023-10-01T11:01:30Z,2023-10-01T11:05:00Z
2023-10-01T11:31:30Z,2023-10-01T11:35:00Z
2023-10-01T12:01:30Z,2023-10-01T12:05:00Z
2023-10-01T12:31:30Z,2023-10-01T12:35:00Z
2023-10-01T13:01:30Z,2023-10-01T13:05:00Z
2023-10-01T13:31:30Z,2023-10-01T13:35:00Z
2023-10-01T14:01:30Z,2023-10-01T14:05:00Z
2023-10-01T14:31:30Z,2023-10-01T14:35:00Z
2023-10-01T15:01:30Z,2023-10-01T15:05:00Z
2023-10-01T15:31:30Z,2023-10-01T15:35:00Z
2023-10-01T16:01:30Z,2023-10-01T16:05:00Z
2023-10-01T16:31:30Z,2023-10-01T16:35:00Z
2023-10-01T17:01:30Z,2023-10-01T17:05:00Z
2023-10-01T17:31:30Z,2023-10-01T17:35:00Z
2023-10-01T18:01:30Z,2023-10-01T18:05:00Z
2023-10-01T18:31:30Z,2023-10-01T18:35:00Z
2023-10-01T19:01:30Z,2023-10-01T19:05:00Z
2023-10-01T19:31:30Z,2023-10-01T19:35:00Z
2023-10-01T20:01:30Z,2023-10-01T20:05:00Z
2023-10-01T20:31:30Z,2023-10-01T20:35:00Z
2023-10-01T21:01:30Z,2023-10-01T21:05:00Z
2023-10-01T21:31:30Z,2023-10-01T21:35:00Z
2023-10-01T22:01:30Z,2023-10-01T22:05:00Z
2023-10-01T22:31:30Z,2023-10-01T22:35:00Z
2023-10-01T23:01:30Z,2023-10-01T23:05:00Z
2023-10-01T23:31:30Z,2023-10-01T23:35:00Z
2023-10-02T00:01:30Z,2023-10-02T00:05:00Z
2023-10-02T00:31:30Z,2023-10-02T00:35:00Z
2023-10-02T01:01:30Z,2023-10-02T01:05:00Z
2023-10-02T01:31:30Z,2023-10-02T01:35:00Z
2023-10-02T02:01:30Z,2023-10-02T02:05:00Z
2023-10-02T02:31:30Z,2023-10-02T02:35:00Z
2023-10-02T03:01:30Z,2023-10-02T03:05:00Z
2023-10-02T03:31:30Z,2023-10-02T03:35:00Z
2023-10-02T04:01:30Z,2023-10-02T04:05:00Z
2023-10-02T04:31:30Z,2023-10-02T04:35:00Z
2023-10-02T05:01:30Z,2023-10-02T05:05:00Z
2023-10-02T05:31:30Z,2023-10-02T05:35:00Z
2023-10-02T06:01:30Z,2023-10-02T06:05:00Z
2023-10-02T06:31:30Z,2023-10-02T06:35:00Z
2023-10-02T07:01:30Z,2023-10-02T07:05:00Z
2023-10-02T07:31:30Z,2023-10-02T07:35:00Z
2023-10-02T08:01:30Z,2023-10-02T08:05:00Z
2023-10-02T08:31:30Z,2023-10-02T08:35:00Z
2023-10-02T09:01:30Z,2023-10-02T09:05:00Z
2023-10-02T09:31:30Z,2023-10-02T09:35:00Z
2023-10-02T10:01:30Z,2023-10-02T10:05:00Z
2023-10-02T10:31:30Z,2023-10-02T10:35:00Z
2023-10-02T11:01:30Z,2023-10-02T11:05:00Z
2023-10-02T11:31:30Z,2023-10-02T11:35:00Z
2023-10-02T12:01:30Z,2023-10-02T12:05:00Z
2023-10-02T12:31:30Z,2023-10-02T12:35:00Z
2023-10-02T13:01:30Z,2023-10-02T13:05:00Z
2023-10-02T13:31:30Z,2023-10-02T13:35:00Z
2023-10-02T14:01:30Z,2023-10-02T14:05:00Z
2023-10-02T14:31:30Z,2023-10-02T14:35:00Z
2023-10-02T15:01:30Z,2023-10-02T15:05:00Z
2023-10-02T15:31:30Z,2023-10-02T15:35:00Z
2023-10-02T16:01:30Z,2023-10-02T16:05:00Z
2023-10-02T16:31:30Z,2023-10-02T16:35:00Z
2023-10-02T17:01:30Z,2023-10-02T17:05:00Z
2023-10-02T17:31:30Z,2023-10-02T17:35:00Z
2023-10-02T18:01:30Z,2023-10-02T18:05:00Z