"key","value","section","note","script"
"n_obs",13579,"data","","2_analysis/03_main_analyses.R"
"n_fluxbot_obs",6815,"data","","2_analysis/03_main_analyses.R"
"n_autochamber_chamber_hours",6764,"data","","2_analysis/03_main_analyses.R"
"n_fluxbot_units_with_data",16,"data","","2_analysis/03_main_analyses.R"
"n_fluxbot_units_healthy",8,"data","","2_analysis/03_main_analyses.R"
"n_fluxbot_units_unhealthy",8,"data","","2_analysis/03_main_analyses.R"
"fluxbot_last_obs_doy",304,"data","","2_analysis/03_main_analyses.R"
"autochamber_last_obs_doy",304,"data","","2_analysis/03_main_analyses.R"
"gam_intercept",2.7176,"A1","autochamber, stand 1 reference","2_analysis/03_main_analyses.R"
"gam_stand2",-0.083379,"A1","","2_analysis/03_main_analyses.R"
"gam_stand2_se",0.24586,"A1","","2_analysis/03_main_analyses.R"
"gam_stand2_p",0.73451,"A1","","2_analysis/03_main_analyses.R"
"gam_method",-0.32117,"A1","","2_analysis/03_main_analyses.R"
"gam_method_se",0.24839,"A1","","2_analysis/03_main_analyses.R"
"gam_method_p",0.19603,"A1","","2_analysis/03_main_analyses.R"
"gam_method_ci95_lo",-0.80801,"A1","","2_analysis/03_main_analyses.R"
"gam_method_ci95_hi",0.16567,"A1","","2_analysis/03_main_analyses.R"
"gam_method_ci90_lo",-0.72977,"A2","","2_analysis/03_main_analyses.R"
"gam_method_ci90_hi",0.087427,"A2","","2_analysis/03_main_analyses.R"
"gam_method_pct_of_intercept",-11.818,"A1","","2_analysis/03_main_analyses.R"
"gam_r2adj",0.59831,"A1","","2_analysis/03_main_analyses.R"
"gam_dev_expl",0.59956,"A1","","2_analysis/03_main_analyses.R"
"gam_edf_hour",6.8074,"A1","","2_analysis/03_main_analyses.R"
"gam_edf_s10t",8.5339,"A1","","2_analysis/03_main_analyses.R"
"gam_p_hour",0,"A1","","2_analysis/03_main_analyses.R"
"gam_p_s10t",0,"A1","","2_analysis/03_main_analyses.R"
"gam_fs_method",-0.32119,"A1","bs='fs' as submitted, EST join","2_analysis/03_main_analyses.R"
"gam_fs_method_se",0.24838,"A1","","2_analysis/03_main_analyses.R"
"sd_between_chamber_gam",0.64952,"A1","random-intercept SD, both systems","2_analysis/03_main_analyses.R"
"sd_residual_gam",0.69073,"A1","","2_analysis/03_main_analyses.R"
"method_offset_over_sd_chamber",0.49447,"A1","","2_analysis/03_main_analyses.R"
"sd_chamber_autochamber",0.71981,"A1","lmer, system-specific chamber SD","2_analysis/03_main_analyses.R"
"sd_chamber_fluxbot",0.59642,"A1","","2_analysis/03_main_analyses.R"
"sd_stand_hour",0.64857,"A1","","2_analysis/03_main_analyses.R"
"sd_resid_lmer",0.60814,"A1","","2_analysis/03_main_analyses.R"
"chamber_median_min",1.5562,"A1","","2_analysis/03_main_analyses.R"
"chamber_median_max",4.1764,"A1","","2_analysis/03_main_analyses.R"
"chamber_q1_min",1.0703,"A1","","2_analysis/03_main_analyses.R"
"chamber_q3_max",5.0801,"A1","","2_analysis/03_main_analyses.R"
"chamber_mean_range_autochamber_lo",1.695,"A1","","2_analysis/03_main_analyses.R"
"chamber_mean_range_autochamber_hi",4.4163,"A1","","2_analysis/03_main_analyses.R"
"sd_chamber_means_autochamber",0.72507,"A1","","2_analysis/03_main_analyses.R"
"chamber_mean_range_fluxbot_lo",1.6375,"A1","","2_analysis/03_main_analyses.R"
"chamber_mean_range_fluxbot_hi",3.8104,"A1","","2_analysis/03_main_analyses.R"
"sd_chamber_means_fluxbot",0.6513,"A1","","2_analysis/03_main_analyses.R"
"autochamber_mean_flux",2.599,"A2","","2_analysis/03_main_analyses.R"
"fluxbot_mean_flux",2.4195,"A2","","2_analysis/03_main_analyses.R"
"tost_bound_10pct",0.2599,"A2","","2_analysis/03_main_analyses.R"
"tost_p_10pct",0.59741,"A2","equivalence if < 0.05","2_analysis/03_main_analyses.R"
"tost_bound_20pct",0.51981,"A2","","2_analysis/03_main_analyses.R"
"tost_p_20pct",0.21194,"A2","equivalence if < 0.05","2_analysis/03_main_analyses.R"
"tost_bound_30pct",0.77971,"A2","","2_analysis/03_main_analyses.R"
"tost_p_30pct",0.03244,"A2","equivalence if < 0.05","2_analysis/03_main_analyses.R"
"tost_min_equiv_bound",0.72977,"A2","","2_analysis/03_main_analyses.R"
"tost_min_equiv_bound_pct",28.078,"A2","","2_analysis/03_main_analyses.R"
"chamber_boot_diff",-0.13498,"A2","","2_analysis/03_main_analyses.R"
"chamber_boot_ci95_lo",-0.62165,"A2","","2_analysis/03_main_analyses.R"
"chamber_boot_ci95_hi",0.32192,"A2","","2_analysis/03_main_analyses.R"
"fig5_n_hours",328,"agreement","","2_analysis/03_main_analyses.R"
"ccc",0.68596,"agreement","","2_analysis/03_main_analyses.R"
"ccc_lo",0.63194,"agreement","","2_analysis/03_main_analyses.R"
"ccc_hi",0.73335,"agreement","","2_analysis/03_main_analyses.R"
"ccc_pearson_r",0.77525,"agreement","precision component","2_analysis/03_main_analyses.R"
"ccc_cb",0.88483,"agreement","accuracy (bias-correction) component","2_analysis/03_main_analyses.R"
"fig5_slope",0.89185,"agreement","","2_analysis/03_main_analyses.R"
"fig5_slope_lo",0.81267,"agreement","","2_analysis/03_main_analyses.R"
"fig5_slope_hi",0.97102,"agreement","","2_analysis/03_main_analyses.R"
"fig5_intercept",0.0074062,"agreement","","2_analysis/03_main_analyses.R"
"fig5_intercept_lo",-0.20422,"agreement","","2_analysis/03_main_analyses.R"
"fig5_intercept_hi",0.21903,"agreement","","2_analysis/03_main_analyses.R"
"fig5_r2",0.60101,"agreement","","2_analysis/03_main_analyses.R"
"fig5_mean_autochamber",2.621,"agreement","","2_analysis/03_main_analyses.R"
"fig5_mean_fluxbot",2.3449,"agreement","","2_analysis/03_main_analyses.R"
"paired_bias",-0.27606,"agreement","fluxbot - autochamber, 3-h array means","2_analysis/03_main_analyses.R"
"paired_bias_lo",-0.41089,"agreement","circular block bootstrap, 24-value blocks","2_analysis/03_main_analyses.R"
"paired_bias_hi",-0.13408,"agreement","","2_analysis/03_main_analyses.R"
"paired_bias_pct",-10.533,"agreement","","2_analysis/03_main_analyses.R"
"fig5_intercept_pct_of_mean",0.28257,"agreement","","2_analysis/03_main_analyses.R"
"ccc_hourly_nosmooth",0.64619,"agreement","array-wide hourly means, no rolling mean","2_analysis/03_main_analyses.R"
"ccc_hourly_nosmooth_n",361,"agreement","","2_analysis/03_main_analyses.R"
"ccc_k3",0.68596,"agreement",">= 3 chambers per system x stand","2_analysis/03_main_analyses.R"
"ccc_k3_n",328,"agreement","","2_analysis/03_main_analyses.R"
"ccc_stand_healthy",0.62587,"agreement","stand-hour 3-h means, >=3 chambers each","2_analysis/03_main_analyses.R"
"ccc_stand_healthy_r",0.77289,"agreement","","2_analysis/03_main_analyses.R"
"ccc_stand_healthy_bias",-0.56837,"agreement","","2_analysis/03_main_analyses.R"
"ccc_stand_healthy_n",430,"agreement","","2_analysis/03_main_analyses.R"
"ccc_stand_unhealthy",0.72291,"agreement","stand-hour 3-h means, >=3 chambers each","2_analysis/03_main_analyses.R"
"ccc_stand_unhealthy_r",0.74489,"agreement","","2_analysis/03_main_analyses.R"
"ccc_stand_unhealthy_bias",-0.036758,"agreement","","2_analysis/03_main_analyses.R"
"ccc_stand_unhealthy_n",493,"agreement","","2_analysis/03_main_analyses.R"
"ccc_as_submitted_logic",0.70464,"agreement","from 2_analysis/01_submitted_baseline.R fig5_ccc (NY-parsed met; met-independent)","2_analysis/03_main_analyses.R"
"anomaly_r",0.77525,"agreement","correlation of 3-h anomalies","2_analysis/03_main_analyses.R"
"fig4_mean_autochamber",2.613,"fig4","","2_analysis/03_main_analyses.R"
"fig4_sd_autochamber",0.9494,"fig4","","2_analysis/03_main_analyses.R"
"fig4_mean_fluxbot",2.4147,"fig4","","2_analysis/03_main_analyses.R"
"fig4_sd_fluxbot",1.0818,"fig4","","2_analysis/03_main_analyses.R"
"diel_peak_hour_autochamber",18,"diel","","2_analysis/03_main_analyses.R"
"diel_peak_autochamber",2.9655,"diel","","2_analysis/03_main_analyses.R"
"diel_min_hour_autochamber",9,"diel","","2_analysis/03_main_analyses.R"
"diel_min_autochamber",2.411,"diel","","2_analysis/03_main_analyses.R"
"diel_amplitude_autochamber",0.55449,"diel","","2_analysis/03_main_analyses.R"
"diel_ci_halfwidth_median_autochamber",0.27495,"diel","across days","2_analysis/03_main_analyses.R"
"diel_peak_hour_fluxbot",17,"diel","","2_analysis/03_main_analyses.R"
"diel_peak_fluxbot",2.6847,"diel","","2_analysis/03_main_analyses.R"
"diel_min_hour_fluxbot",7,"diel","","2_analysis/03_main_analyses.R"
"diel_min_fluxbot",2.1181,"diel","","2_analysis/03_main_analyses.R"
"diel_amplitude_fluxbot",0.56662,"diel","","2_analysis/03_main_analyses.R"
"diel_ci_halfwidth_median_fluxbot",0.2768,"diel","across days","2_analysis/03_main_analyses.R"
"diel_r_between_systems",0.84181,"diel","","2_analysis/03_main_analyses.R"
"q10_common_tmin",11.156,"A4","","2_analysis/03_main_analyses.R"
"q10_common_tmax",19.1,"A4","","2_analysis/03_main_analyses.R"
"q10_autochamber_q10",2.836,"A4","nls exponential, common stand-hours","2_analysis/03_main_analyses.R"
"q10_autochamber_lo",2.7252,"A4","nls exponential, common stand-hours","2_analysis/03_main_analyses.R"
"q10_autochamber_hi",2.9513,"A4","nls exponential, common stand-hours","2_analysis/03_main_analyses.R"
"q10_autochamber_r2",0.28105,"A4","nls exponential, common stand-hours","2_analysis/03_main_analyses.R"
"q10_autochamber_n",6417,"A4","nls exponential, common stand-hours","2_analysis/03_main_analyses.R"
"q10lmm_autochamber_q10",2.699,"A4","log-linear mixed model, chamber random intercept","2_analysis/03_main_analyses.R"
"q10lmm_autochamber_lo",2.6145,"A4","log-linear mixed model, chamber random intercept","2_analysis/03_main_analyses.R"
"q10lmm_autochamber_hi",2.7862,"A4","log-linear mixed model, chamber random intercept","2_analysis/03_main_analyses.R"
"q10_fluxbot_q10",3.0231,"A4","nls exponential, common stand-hours","2_analysis/03_main_analyses.R"
"q10_fluxbot_lo",2.8695,"A4","nls exponential, common stand-hours","2_analysis/03_main_analyses.R"
"q10_fluxbot_hi",3.1849,"A4","nls exponential, common stand-hours","2_analysis/03_main_analyses.R"
"q10_fluxbot_r2",0.23373,"A4","nls exponential, common stand-hours","2_analysis/03_main_analyses.R"
"q10_fluxbot_n",5604,"A4","nls exponential, common stand-hours","2_analysis/03_main_analyses.R"
"q10lmm_fluxbot_q10",3.9339,"A4","log-linear mixed model, chamber random intercept","2_analysis/03_main_analyses.R"
"q10lmm_fluxbot_lo",3.6647,"A4","log-linear mixed model, chamber random intercept","2_analysis/03_main_analyses.R"
"q10lmm_fluxbot_hi",4.2228,"A4","log-linear mixed model, chamber random intercept","2_analysis/03_main_analyses.R"
"q10_gt05_autochamber_q10",2.8154,"A4","nls exponential, common stand-hours","2_analysis/03_main_analyses.R"
"q10_gt05_autochamber_lo",2.707,"A4","nls exponential, common stand-hours","2_analysis/03_main_analyses.R"
"q10_gt05_autochamber_hi",2.9281,"A4","nls exponential, common stand-hours","2_analysis/03_main_analyses.R"
"q10_gt05_autochamber_r2",0.28592,"A4","nls exponential, common stand-hours","2_analysis/03_main_analyses.R"
"q10_gt05_autochamber_n",6380,"A4","nls exponential, common stand-hours","2_analysis/03_main_analyses.R"
"q10lmm_gt05_autochamber_q10",2.6434,"A4","log-linear mixed model, chamber random intercept","2_analysis/03_main_analyses.R"
"q10lmm_gt05_autochamber_lo",2.5741,"A4","log-linear mixed model, chamber random intercept","2_analysis/03_main_analyses.R"
"q10lmm_gt05_autochamber_hi",2.7145,"A4","log-linear mixed model, chamber random intercept","2_analysis/03_main_analyses.R"
"q10_gt05_fluxbot_q10",2.7817,"A4","nls exponential, common stand-hours","2_analysis/03_main_analyses.R"
"q10_gt05_fluxbot_lo",2.6477,"A4","nls exponential, common stand-hours","2_analysis/03_main_analyses.R"
"q10_gt05_fluxbot_hi",2.9226,"A4","nls exponential, common stand-hours","2_analysis/03_main_analyses.R"
"q10_gt05_fluxbot_r2",0.22955,"A4","nls exponential, common stand-hours","2_analysis/03_main_analyses.R"
"q10_gt05_fluxbot_n",5416,"A4","nls exponential, common stand-hours","2_analysis/03_main_analyses.R"
"q10lmm_gt05_fluxbot_q10",2.8043,"A4","log-linear mixed model, chamber random intercept","2_analysis/03_main_analyses.R"
"q10lmm_gt05_fluxbot_lo",2.6698,"A4","log-linear mixed model, chamber random intercept","2_analysis/03_main_analyses.R"
"q10lmm_gt05_fluxbot_hi",2.9455,"A4","log-linear mixed model, chamber random intercept","2_analysis/03_main_analyses.R"
"q10_fullrecord_autochamber_q10",2.8322,"A4","","2_analysis/03_main_analyses.R"
"q10_fullrecord_autochamber_lo",2.7251,"A4","","2_analysis/03_main_analyses.R"
"q10_fullrecord_autochamber_hi",2.9436,"A4","","2_analysis/03_main_analyses.R"
"q10_fullrecord_autochamber_tmin",11.156,"A4","","2_analysis/03_main_analyses.R"
"q10_fullrecord_autochamber_tmax",19.1,"A4","","2_analysis/03_main_analyses.R"
"q10_fullrecord_fluxbot_q10",3.1763,"A4","","2_analysis/03_main_analyses.R"
"q10_fullrecord_fluxbot_lo",3.0321,"A4","","2_analysis/03_main_analyses.R"
"q10_fullrecord_fluxbot_hi",3.3272,"A4","","2_analysis/03_main_analyses.R"
"q10_fullrecord_fluxbot_tmin",11.156,"A4","","2_analysis/03_main_analyses.R"
"q10_fullrecord_fluxbot_tmax",19.1,"A4","","2_analysis/03_main_analyses.R"
"q10_arraymean_autochamber_q10",3.1747,"A4","","2_analysis/03_main_analyses.R"
"q10_arraymean_autochamber_lo",2.9804,"A4","","2_analysis/03_main_analyses.R"
"q10_arraymean_autochamber_hi",3.3817,"A4","","2_analysis/03_main_analyses.R"
"q10_arraymean_autochamber_r2",0.64601,"A4","","2_analysis/03_main_analyses.R"
"q10_arraymean_fluxbot_q10",3.303,"A4","","2_analysis/03_main_analyses.R"
"q10_arraymean_fluxbot_lo",3.0511,"A4","","2_analysis/03_main_analyses.R"
"q10_arraymean_fluxbot_hi",3.5758,"A4","","2_analysis/03_main_analyses.R"
"q10_arraymean_fluxbot_r2",0.55355,"A4","","2_analysis/03_main_analyses.R"
"q10_interaction_t",9.9752,"A4","log-linear LMM s10t x method","2_analysis/03_main_analyses.R"
"q10_interaction_p_approx",1.9576e-23,"A4","normal approximation","2_analysis/03_main_analyses.R"
"gini_autochamber",0.13506,"fig8","","2_analysis/03_main_analyses.R"
"gini_fluxbot",0.13764,"fig8","","2_analysis/03_main_analyses.R"
"cv_autochamber_healthy",0.30649,"A3","","2_analysis/03_main_analyses.R"
"cv_autochamber_unhealthy",0.21741,"A3","","2_analysis/03_main_analyses.R"
"cv_fluxbot_healthy",0.18136,"A3","","2_analysis/03_main_analyses.R"
"cv_fluxbot_unhealthy",0.32662,"A3","","2_analysis/03_main_analyses.R"
"effort_cv_autochamber_healthy",0.30649,"A3","CV of chamber means, common window","2_analysis/03_main_analyses.R"
"effort_cv_hourly_autochamber_healthy",0.31751,"A3","median per-hour CV across chambers","2_analysis/03_main_analyses.R"
"effort_n10_autochamber_healthy",39,"A3","chambers for +/-10% (95% CI), deployment mean","2_analysis/03_main_analyses.R"
"effort_n20_autochamber_healthy",12,"A3","","2_analysis/03_main_analyses.R"
"effort_n10_hourly_autochamber_healthy",42,"A3","single-hour stand mean","2_analysis/03_main_analyses.R"
"effort_n20_hourly_autochamber_healthy",13,"A3","","2_analysis/03_main_analyses.R"
"effort_boot_n10_autochamber_healthy",NA,"A3","bootstrap, 95% of draws within 10%","2_analysis/03_main_analyses.R"
"effort_boot_n20_autochamber_healthy",8,"A3","","2_analysis/03_main_analyses.R"
"effort_cv_autochamber_unhealthy",0.21741,"A3","CV of chamber means, common window","2_analysis/03_main_analyses.R"
"effort_cv_hourly_autochamber_unhealthy",0.23799,"A3","median per-hour CV across chambers","2_analysis/03_main_analyses.R"
"effort_n10_autochamber_unhealthy",21,"A3","chambers for +/-10% (95% CI), deployment mean","2_analysis/03_main_analyses.R"
"effort_n20_autochamber_unhealthy",8,"A3","","2_analysis/03_main_analyses.R"
"effort_n10_hourly_autochamber_unhealthy",25,"A3","single-hour stand mean","2_analysis/03_main_analyses.R"
"effort_n20_hourly_autochamber_unhealthy",8,"A3","","2_analysis/03_main_analyses.R"
"effort_boot_n10_autochamber_unhealthy",16,"A3","bootstrap, 95% of draws within 10%","2_analysis/03_main_analyses.R"
"effort_boot_n20_autochamber_unhealthy",4,"A3","","2_analysis/03_main_analyses.R"
"effort_cv_fluxbot_healthy",0.18136,"A3","CV of chamber means, common window","2_analysis/03_main_analyses.R"
"effort_cv_hourly_fluxbot_healthy",0.33015,"A3","median per-hour CV across chambers","2_analysis/03_main_analyses.R"
"effort_n10_fluxbot_healthy",16,"A3","chambers for +/-10% (95% CI), deployment mean","2_analysis/03_main_analyses.R"
"effort_n20_fluxbot_healthy",6,"A3","","2_analysis/03_main_analyses.R"
"effort_n10_hourly_fluxbot_healthy",45,"A3","single-hour stand mean","2_analysis/03_main_analyses.R"
"effort_n20_hourly_fluxbot_healthy",13,"A3","","2_analysis/03_main_analyses.R"
"effort_boot_n10_fluxbot_healthy",12,"A3","bootstrap, 95% of draws within 10%","2_analysis/03_main_analyses.R"
"effort_boot_n20_fluxbot_healthy",3,"A3","","2_analysis/03_main_analyses.R"
"effort_cv_fluxbot_unhealthy",0.32662,"A3","CV of chamber means, common window","2_analysis/03_main_analyses.R"
"effort_cv_hourly_fluxbot_unhealthy",0.35965,"A3","median per-hour CV across chambers","2_analysis/03_main_analyses.R"
"effort_n10_fluxbot_unhealthy",44,"A3","chambers for +/-10% (95% CI), deployment mean","2_analysis/03_main_analyses.R"
"effort_n20_fluxbot_unhealthy",13,"A3","","2_analysis/03_main_analyses.R"
"effort_n10_hourly_fluxbot_unhealthy",53,"A3","single-hour stand mean","2_analysis/03_main_analyses.R"
"effort_n20_hourly_fluxbot_unhealthy",15,"A3","","2_analysis/03_main_analyses.R"
"effort_boot_n10_fluxbot_unhealthy",NA,"A3","bootstrap, 95% of draws within 10%","2_analysis/03_main_analyses.R"
"effort_boot_n20_fluxbot_unhealthy",9,"A3","","2_analysis/03_main_analyses.R"
"effort_cv_mean_autochamber",0.26195,"A3","","2_analysis/03_main_analyses.R"
"effort_cv_hourly_mean_autochamber",0.27775,"A3","","2_analysis/03_main_analyses.R"
"effort_n10_mean_autochamber",29,"A3","","2_analysis/03_main_analyses.R"
"effort_n20_mean_autochamber",10,"A3","","2_analysis/03_main_analyses.R"
"effort_n10_hourly_mean_autochamber",33,"A3","","2_analysis/03_main_analyses.R"
"effort_n20_hourly_mean_autochamber",10,"A3","","2_analysis/03_main_analyses.R"
"effort_cv_mean_fluxbot",0.25399,"A3","","2_analysis/03_main_analyses.R"
"effort_cv_hourly_mean_fluxbot",0.3449,"A3","","2_analysis/03_main_analyses.R"
"effort_n10_mean_fluxbot",28,"A3","","2_analysis/03_main_analyses.R"
"effort_n20_mean_fluxbot",9,"A3","","2_analysis/03_main_analyses.R"
"effort_n10_hourly_mean_fluxbot",49,"A3","","2_analysis/03_main_analyses.R"
"effort_n20_hourly_mean_fluxbot",14,"A3","","2_analysis/03_main_analyses.R"
"s10t_min_deployment",11.156,"A5","","2_analysis/03_main_analyses.R"
"s10t_max_deployment",19.1,"A5","","2_analysis/03_main_analyses.R"
"s10t_min_autochamber",11.156,"A5","","2_analysis/03_main_analyses.R"
"s10t_min_fluxbot",11.156,"A5","","2_analysis/03_main_analyses.R"
"n_fluxbot_obs_after_oct31",0,"A5","","2_analysis/03_main_analyses.R"
"qc_n_raw_fluxbot",8372,"A6","","2_analysis/03_main_analyses.R"
"qc_n_negative_fluxbot",848,"A6","","2_analysis/03_main_analyses.R"
"qc_iqr_upper_fence_fluxbot",5.4516,"A6","","2_analysis/03_main_analyses.R"
"qc_n_above_fence_fluxbot",86,"A6","","2_analysis/03_main_analyses.R"
"qc_pct_removed_iqr_fluxbot",1.143,"A6","","2_analysis/03_main_analyses.R"
"qc_max_raw_fluxbot",7.3794,"A6","","2_analysis/03_main_analyses.R"
"qc_n_raw_autochamber",14347,"A6","","2_analysis/03_main_analyses.R"
"qc_n_negative_autochamber",469,"A6","","2_analysis/03_main_analyses.R"
"qc_iqr_upper_fence_autochamber",4.8105,"A6","","2_analysis/03_main_analyses.R"
"qc_n_above_fence_autochamber",530,"A6","","2_analysis/03_main_analyses.R"
"qc_pct_removed_iqr_autochamber",5.7789,"A6","","2_analysis/03_main_analyses.R"
"qc_max_raw_autochamber",28.871,"A6","","2_analysis/03_main_analyses.R"
"sens_main_gam_method",-0.32117,"sensitivity","Main: as deployed (all conditions; linear fits)","2_analysis/03_main_analyses.R"
"sens_main_gam_method_lo",-0.80801,"sensitivity","Main: as deployed (all conditions; linear fits)","2_analysis/03_main_analyses.R"
"sens_main_gam_method_hi",0.16567,"sensitivity","Main: as deployed (all conditions; linear fits)","2_analysis/03_main_analyses.R"
"sens_main_ccc",0.68596,"sensitivity","Main: as deployed (all conditions; linear fits)","2_analysis/03_main_analyses.R"
"sens_main_paired_bias",-0.27606,"sensitivity","Main: as deployed (all conditions; linear fits)","2_analysis/03_main_analyses.R"
"sens_main_q10_ac",2.836,"sensitivity","Main: as deployed (all conditions; linear fits)","2_analysis/03_main_analyses.R"
"sens_main_q10_fb",3.0231,"sensitivity","Main: as deployed (all conditions; linear fits)","2_analysis/03_main_analyses.R"
"sens_main_gini_ac",0.13506,"sensitivity","Main: as deployed (all conditions; linear fits)","2_analysis/03_main_analyses.R"
"sens_main_gini_fb",0.13764,"sensitivity","Main: as deployed (all conditions; linear fits)","2_analysis/03_main_analyses.R"
"sens_main_max_flux",9.2294,"sensitivity","Main: as deployed (all conditions; linear fits)","2_analysis/03_main_analyses.R"
"sens_main_n",13579,"sensitivity","Main: as deployed (all conditions; linear fits)","2_analysis/03_main_analyses.R"
"sens_main_gam_intercept",2.7176,"sensitivity","Main: as deployed (all conditions; linear fits)","2_analysis/03_main_analyses.R"
"sens_screened_gam_method",-0.28648,"sensitivity","RH-screened: wet-sensor closures removed","2_analysis/03_main_analyses.R"
"sens_screened_gam_method_lo",-0.7729,"sensitivity","RH-screened: wet-sensor closures removed","2_analysis/03_main_analyses.R"
"sens_screened_gam_method_hi",0.19995,"sensitivity","RH-screened: wet-sensor closures removed","2_analysis/03_main_analyses.R"
"sens_screened_ccc",0.74895,"sensitivity","RH-screened: wet-sensor closures removed","2_analysis/03_main_analyses.R"
"sens_screened_paired_bias",-0.23389,"sensitivity","RH-screened: wet-sensor closures removed","2_analysis/03_main_analyses.R"
"sens_screened_q10_ac",2.9886,"sensitivity","RH-screened: wet-sensor closures removed","2_analysis/03_main_analyses.R"
"sens_screened_q10_fb",3.329,"sensitivity","RH-screened: wet-sensor closures removed","2_analysis/03_main_analyses.R"
"sens_screened_gini_ac",0.13528,"sensitivity","RH-screened: wet-sensor closures removed","2_analysis/03_main_analyses.R"
"sens_screened_gini_fb",0.13786,"sensitivity","RH-screened: wet-sensor closures removed","2_analysis/03_main_analyses.R"
"sens_screened_max_flux",9.2294,"sensitivity","RH-screened: wet-sensor closures removed","2_analysis/03_main_analyses.R"
"sens_screened_n",12959,"sensitivity","RH-screened: wet-sensor closures removed","2_analysis/03_main_analyses.R"
"sens_screened_gam_intercept",2.7222,"sensitivity","RH-screened: wet-sensor closures removed","2_analysis/03_main_analyses.R"
"sens_best_gam_method",-0.04959,"sensitivity","Flux model: goFlux best model (LM or HM)","2_analysis/03_main_analyses.R"
"sens_best_gam_method_lo",-0.64999,"sensitivity","Flux model: goFlux best model (LM or HM)","2_analysis/03_main_analyses.R"
"sens_best_gam_method_hi",0.55081,"sensitivity","Flux model: goFlux best model (LM or HM)","2_analysis/03_main_analyses.R"
"sens_best_ccc",0.65755,"sensitivity","Flux model: goFlux best model (LM or HM)","2_analysis/03_main_analyses.R"
"sens_best_paired_bias",-0.0098782,"sensitivity","Flux model: goFlux best model (LM or HM)","2_analysis/03_main_analyses.R"
"sens_best_q10_ac",2.7361,"sensitivity","Flux model: goFlux best model (LM or HM)","2_analysis/03_main_analyses.R"
"sens_best_q10_fb",3.1811,"sensitivity","Flux model: goFlux best model (LM or HM)","2_analysis/03_main_analyses.R"
"sens_best_gini_ac",0.13994,"sensitivity","Flux model: goFlux best model (LM or HM)","2_analysis/03_main_analyses.R"
"sens_best_gini_fb",0.1545,"sensitivity","Flux model: goFlux best model (LM or HM)","2_analysis/03_main_analyses.R"
"sens_best_max_flux",11.42,"sensitivity","Flux model: goFlux best model (LM or HM)","2_analysis/03_main_analyses.R"
"sens_best_n",13563,"sensitivity","Flux model: goFlux best model (LM or HM)","2_analysis/03_main_analyses.R"
"sens_best_gam_intercept",2.9587,"sensitivity","Flux model: goFlux best model (LM or HM)","2_analysis/03_main_analyses.R"
"sens_hm_gam_method",0.16967,"sensitivity","Flux model: Hutchinson-Mosier (HM) for all closures","2_analysis/03_main_analyses.R"
"sens_hm_gam_method_lo",-0.45789,"sensitivity","Flux model: Hutchinson-Mosier (HM) for all closures","2_analysis/03_main_analyses.R"
"sens_hm_gam_method_hi",0.79724,"sensitivity","Flux model: Hutchinson-Mosier (HM) for all closures","2_analysis/03_main_analyses.R"
"sens_hm_ccc",0.64159,"sensitivity","Flux model: Hutchinson-Mosier (HM) for all closures","2_analysis/03_main_analyses.R"
"sens_hm_paired_bias",0.18119,"sensitivity","Flux model: Hutchinson-Mosier (HM) for all closures","2_analysis/03_main_analyses.R"
"sens_hm_q10_ac",2.7249,"sensitivity","Flux model: Hutchinson-Mosier (HM) for all closures","2_analysis/03_main_analyses.R"
"sens_hm_q10_fb",2.6062,"sensitivity","Flux model: Hutchinson-Mosier (HM) for all closures","2_analysis/03_main_analyses.R"
"sens_hm_gini_ac",0.13766,"sensitivity","Flux model: Hutchinson-Mosier (HM) for all closures","2_analysis/03_main_analyses.R"
"sens_hm_gini_fb",0.13713,"sensitivity","Flux model: Hutchinson-Mosier (HM) for all closures","2_analysis/03_main_analyses.R"
"sens_hm_max_flux",12.52,"sensitivity","Flux model: Hutchinson-Mosier (HM) for all closures","2_analysis/03_main_analyses.R"
"sens_hm_n",13504,"sensitivity","Flux model: Hutchinson-Mosier (HM) for all closures","2_analysis/03_main_analyses.R"
"sens_hm_gam_intercept",2.9963,"sensitivity","Flux model: Hutchinson-Mosier (HM) for all closures","2_analysis/03_main_analyses.R"
"sens_qc_iqr_gam_method",-0.3608,"sensitivity","QC: submitted rule (negatives removed, pooled 1.5 x IQR)","2_analysis/03_main_analyses.R"
"sens_qc_iqr_gam_method_lo",-0.79077,"sensitivity","QC: submitted rule (negatives removed, pooled 1.5 x IQR)","2_analysis/03_main_analyses.R"
"sens_qc_iqr_gam_method_hi",0.069166,"sensitivity","QC: submitted rule (negatives removed, pooled 1.5 x IQR)","2_analysis/03_main_analyses.R"
"sens_qc_iqr_ccc",0.50893,"sensitivity","QC: submitted rule (negatives removed, pooled 1.5 x IQR)","2_analysis/03_main_analyses.R"
"sens_qc_iqr_paired_bias",-0.34769,"sensitivity","QC: submitted rule (negatives removed, pooled 1.5 x IQR)","2_analysis/03_main_analyses.R"
"sens_qc_iqr_q10_ac",2.279,"sensitivity","QC: submitted rule (negatives removed, pooled 1.5 x IQR)","2_analysis/03_main_analyses.R"
"sens_qc_iqr_q10_fb",3.3268,"sensitivity","QC: submitted rule (negatives removed, pooled 1.5 x IQR)","2_analysis/03_main_analyses.R"
"sens_qc_iqr_gini_ac",0.13179,"sensitivity","QC: submitted rule (negatives removed, pooled 1.5 x IQR)","2_analysis/03_main_analyses.R"
"sens_qc_iqr_gini_fb",0.14153,"sensitivity","QC: submitted rule (negatives removed, pooled 1.5 x IQR)","2_analysis/03_main_analyses.R"
"sens_qc_iqr_max_flux",5.439,"sensitivity","QC: submitted rule (negatives removed, pooled 1.5 x IQR)","2_analysis/03_main_analyses.R"
"sens_qc_iqr_n",14100,"sensitivity","QC: submitted rule (negatives removed, pooled 1.5 x IQR)","2_analysis/03_main_analyses.R"
"sens_qc_iqr_gam_intercept",2.5131,"sensitivity","QC: submitted rule (negatives removed, pooled 1.5 x IQR)","2_analysis/03_main_analyses.R"
"sens_qc_none_gam_method",-0.3487,"sensitivity","QC: negatives removed only","2_analysis/03_main_analyses.R"
"sens_qc_none_gam_method_lo",-0.82992,"sensitivity","QC: negatives removed only","2_analysis/03_main_analyses.R"
"sens_qc_none_gam_method_hi",0.13253,"sensitivity","QC: negatives removed only","2_analysis/03_main_analyses.R"
"sens_qc_none_ccc",0.45498,"sensitivity","QC: negatives removed only","2_analysis/03_main_analyses.R"
"sens_qc_none_paired_bias",-0.26636,"sensitivity","QC: negatives removed only","2_analysis/03_main_analyses.R"
"sens_qc_none_q10_ac",3.0128,"sensitivity","QC: negatives removed only","2_analysis/03_main_analyses.R"
"sens_qc_none_q10_fb",3.6865,"sensitivity","QC: negatives removed only","2_analysis/03_main_analyses.R"
"sens_qc_none_gini_ac",0.13499,"sensitivity","QC: negatives removed only","2_analysis/03_main_analyses.R"
"sens_qc_none_gini_fb",0.14046,"sensitivity","QC: negatives removed only","2_analysis/03_main_analyses.R"
"sens_qc_none_max_flux",15.355,"sensitivity","QC: negatives removed only","2_analysis/03_main_analyses.R"
"sens_qc_none_n",14596,"sensitivity","QC: negatives removed only","2_analysis/03_main_analyses.R"
"sens_qc_none_gam_intercept",2.5209,"sensitivity","QC: negatives removed only","2_analysis/03_main_analyses.R"
"sens_ac_edt_gam_method",-0.31796,"sensitivity","Autochamber clock read as EDT (as submitted)","2_analysis/03_main_analyses.R"
"sens_ac_edt_gam_method_lo",-0.8047,"sensitivity","Autochamber clock read as EDT (as submitted)","2_analysis/03_main_analyses.R"
"sens_ac_edt_gam_method_hi",0.16877,"sensitivity","Autochamber clock read as EDT (as submitted)","2_analysis/03_main_analyses.R"
"sens_ac_edt_ccc",0.69869,"sensitivity","Autochamber clock read as EDT (as submitted)","2_analysis/03_main_analyses.R"
"sens_ac_edt_paired_bias",-0.27485,"sensitivity","Autochamber clock read as EDT (as submitted)","2_analysis/03_main_analyses.R"
"sens_ac_edt_q10_ac",2.7848,"sensitivity","Autochamber clock read as EDT (as submitted)","2_analysis/03_main_analyses.R"
"sens_ac_edt_q10_fb",3.0093,"sensitivity","Autochamber clock read as EDT (as submitted)","2_analysis/03_main_analyses.R"
"sens_ac_edt_gini_ac",0.13443,"sensitivity","Autochamber clock read as EDT (as submitted)","2_analysis/03_main_analyses.R"
"sens_ac_edt_gini_fb",0.13687,"sensitivity","Autochamber clock read as EDT (as submitted)","2_analysis/03_main_analyses.R"
"sens_ac_edt_max_flux",9.2294,"sensitivity","Autochamber clock read as EDT (as submitted)","2_analysis/03_main_analyses.R"
"sens_ac_edt_n",13579,"sensitivity","Autochamber clock read as EDT (as submitted)","2_analysis/03_main_analyses.R"
"sens_ac_edt_gam_intercept",2.7158,"sensitivity","Autochamber clock read as EDT (as submitted)","2_analysis/03_main_analyses.R"
"sens_pressure_sealevel_gam_method",-0.33467,"sensitivity","Pressure: HF001 sea-level (as submitted)","2_analysis/03_main_analyses.R"
"sens_pressure_sealevel_gam_method_lo",-0.84196,"sensitivity","Pressure: HF001 sea-level (as submitted)","2_analysis/03_main_analyses.R"
"sens_pressure_sealevel_gam_method_hi",0.17263,"sensitivity","Pressure: HF001 sea-level (as submitted)","2_analysis/03_main_analyses.R"
"sens_pressure_sealevel_ccc",0.68596,"sensitivity","Pressure: HF001 sea-level (as submitted)","2_analysis/03_main_analyses.R"
"sens_pressure_sealevel_paired_bias",-0.28766,"sensitivity","Pressure: HF001 sea-level (as submitted)","2_analysis/03_main_analyses.R"
"sens_pressure_sealevel_q10_ac",2.836,"sensitivity","Pressure: HF001 sea-level (as submitted)","2_analysis/03_main_analyses.R"
"sens_pressure_sealevel_q10_fb",3.0231,"sensitivity","Pressure: HF001 sea-level (as submitted)","2_analysis/03_main_analyses.R"
"sens_pressure_sealevel_gini_ac",0.13506,"sensitivity","Pressure: HF001 sea-level (as submitted)","2_analysis/03_main_analyses.R"
"sens_pressure_sealevel_gini_fb",0.13764,"sensitivity","Pressure: HF001 sea-level (as submitted)","2_analysis/03_main_analyses.R"
"sens_pressure_sealevel_max_flux",9.6173,"sensitivity","Pressure: HF001 sea-level (as submitted)","2_analysis/03_main_analyses.R"
"sens_pressure_sealevel_n",13579,"sensitivity","Pressure: HF001 sea-level (as submitted)","2_analysis/03_main_analyses.R"
"sens_pressure_sealevel_gam_intercept",2.8318,"sensitivity","Pressure: HF001 sea-level (as submitted)","2_analysis/03_main_analyses.R"
"sens_hf293_gam_method",-1.2991,"sensitivity","Autochamber: HF-published fluxes (HF293)","2_analysis/03_main_analyses.R"
"sens_hf293_gam_method_lo",-1.8749,"sensitivity","Autochamber: HF-published fluxes (HF293)","2_analysis/03_main_analyses.R"
"sens_hf293_gam_method_hi",-0.72332,"sensitivity","Autochamber: HF-published fluxes (HF293)","2_analysis/03_main_analyses.R"
"sens_hf293_ccc",0.29535,"sensitivity","Autochamber: HF-published fluxes (HF293)","2_analysis/03_main_analyses.R"
"sens_hf293_paired_bias",-1.2138,"sensitivity","Autochamber: HF-published fluxes (HF293)","2_analysis/03_main_analyses.R"
"sens_hf293_q10_ac",2.8267,"sensitivity","Autochamber: HF-published fluxes (HF293)","2_analysis/03_main_analyses.R"
"sens_hf293_q10_fb",3.0274,"sensitivity","Autochamber: HF-published fluxes (HF293)","2_analysis/03_main_analyses.R"
"sens_hf293_gini_ac",0.13096,"sensitivity","Autochamber: HF-published fluxes (HF293)","2_analysis/03_main_analyses.R"
"sens_hf293_gini_fb",0.13732,"sensitivity","Autochamber: HF-published fluxes (HF293)","2_analysis/03_main_analyses.R"
"sens_hf293_max_flux",12.777,"sensitivity","Autochamber: HF-published fluxes (HF293)","2_analysis/03_main_analyses.R"
"sens_hf293_n",13478,"sensitivity","Autochamber: HF-published fluxes (HF293)","2_analysis/03_main_analyses.R"
"sens_hf293_gam_intercept",3.7309,"sensitivity","Autochamber: HF-published fluxes (HF293)","2_analysis/03_main_analyses.R"
"sens_submitted_gam_method",-0.32983,"sensitivity","Submitted flux files and QC","2_analysis/03_main_analyses.R"
"sens_submitted_gam_method_lo",-0.81963,"sensitivity","Submitted flux files and QC","2_analysis/03_main_analyses.R"
"sens_submitted_gam_method_hi",0.15997,"sensitivity","Submitted flux files and QC","2_analysis/03_main_analyses.R"
"sens_submitted_ccc",0.65674,"sensitivity","Submitted flux files and QC","2_analysis/03_main_analyses.R"
"sens_submitted_paired_bias",-0.33999,"sensitivity","Submitted flux files and QC","2_analysis/03_main_analyses.R"
"sens_submitted_q10_ac",2.2754,"sensitivity","Submitted flux files and QC","2_analysis/03_main_analyses.R"
"sens_submitted_q10_fb",2.8603,"sensitivity","Submitted flux files and QC","2_analysis/03_main_analyses.R"
"sens_submitted_gini_ac",0.12868,"sensitivity","Submitted flux files and QC","2_analysis/03_main_analyses.R"
"sens_submitted_gini_fb",0.15859,"sensitivity","Submitted flux files and QC","2_analysis/03_main_analyses.R"
"sens_submitted_max_flux",5.9405,"sensitivity","Submitted flux files and QC","2_analysis/03_main_analyses.R"
"sens_submitted_n",13591,"sensitivity","Submitted flux files and QC","2_analysis/03_main_analyses.R"
"sens_submitted_gam_intercept",2.6863,"sensitivity","Submitted flux files and QC","2_analysis/03_main_analyses.R"
"standmean_compared_autochamber_healthy",2.73,"stands","mean of hourly stand means, compared hours","2_analysis/03_main_analyses.R"
"standmean_compared_autochamber_unhealthy",2.4811,"stands","mean of hourly stand means, compared hours","2_analysis/03_main_analyses.R"
"standmean_compared_fluxbot_healthy",2.2544,"stands","mean of hourly stand means, compared hours","2_analysis/03_main_analyses.R"
"standmean_compared_fluxbot_unhealthy",2.4389,"stands","mean of hourly stand means, compared hours","2_analysis/03_main_analyses.R"
