"System","Stage","Closures","% of intended","Removed at this step","Reason"
"Fluxbot (16 units)","Intended",11520,100,NA,""
"Fluxbot (16 units)","Recorded",8591,74.6,2929,"no data (logger, power or transmission down)"
"Fluxbot (16 units)","Flux computed",8372,72.7,219,"too few records to fit a flux"
"Fluxbot (16 units)","Valid",6820,59.2,1552,"failed fit or chamber check (no CO2 accumulation, CO2 decline, linear-fit R2 < 0.5, stuck lid)"
"Fluxbot (16 units)","Retained (as deployed)",6815,59.2,5,"spike (> 5 MAD from chamber median)"
"Fluxbot (16 units)","RH-screened subset",6195,53.8,620,"wet sensor (in-chamber RH >= 99% before closure)"
"Autochamber (12 chambers)","Intended",17280,100,NA,""
"Autochamber (12 chambers)","Recorded",14353,83.1,2927,"no data (logger, power or transmission down)"
"Autochamber (12 chambers)","Flux computed",14347,83,6,"too few records to fit a flux"
"Autochamber (12 chambers)","Valid",13464,77.9,883,"failed fit or chamber check (no CO2 accumulation, CO2 decline, linear-fit R2 < 0.5, stuck lid)"
"Autochamber (12 chambers)","Retained (as deployed)",13406,77.6,58,"spike (> 5 MAD from chamber median)"
"Autochamber (12 chambers)","RH-screened subset",13406,77.6,0,"wet sensor (in-chamber RH >= 99% before closure)"
