"System","Stand","Chamber","Q10","n"
"Autochamber","Stand 1","10",1.79,444
"Autochamber","Stand 1","11",2.96,483
"Autochamber","Stand 1","12",2.94,482
"Autochamber","Stand 1","7",2.99,468
"Autochamber","Stand 1","8",2.71,482
"Autochamber","Stand 1","9",2.59,486
"Autochamber","Stand 2","1",2.42,589
"Autochamber","Stand 2","2",3.25,589
"Autochamber","Stand 2","3",2.74,589
"Autochamber","Stand 2","4",2.61,587
"Autochamber","Stand 2","5",2.95,591
"Autochamber","Stand 2","6",2.13,590
"Fluxbot 2.0","Stand 1","100",3.06,462
"Fluxbot 2.0","Stand 1","101",2.63,421
"Fluxbot 2.0","Stand 1","108",1.98,417
"Fluxbot 2.0","Stand 1","111",3.51,210
"Fluxbot 2.0","Stand 1","112",9.17,222
"Fluxbot 2.0","Stand 1","114",5.64,130
"Fluxbot 2.0","Stand 1","13",6.47,314
"Fluxbot 2.0","Stand 1","22",2.65,441
"Fluxbot 2.0","Stand 2","102",1.94,396
"Fluxbot 2.0","Stand 2","103",2.51,282
"Fluxbot 2.0","Stand 2","104",1.83,482
"Fluxbot 2.0","Stand 2","105",2.84,516
"Fluxbot 2.0","Stand 2","106",1.36,380
"Fluxbot 2.0","Stand 2","110",3.92,467
"Fluxbot 2.0","Stand 2","113",3.06,240
