"method","stand","id","median","mean","q1","q3","n"
"autochamber","healthy","autochamber10",1.88444278109837,1.83840317865445,1.56252827374257,2.21249560959118,483
"autochamber","healthy","autochamber11",3.25202626327955,3.20443375498348,2.56444900401487,3.89147524912022,512
"autochamber","healthy","autochamber12",4.12029785816902,4.23535780491342,3.41806857163066,5.02938111528543,513
"autochamber","healthy","autochamber7",2.03532719753363,2.1080130228963,1.37150701765311,2.74114546608437,515
"autochamber","healthy","autochamber8",2.55344278895227,2.53187060529369,1.96160484089952,3.03675242513087,513
"autochamber","healthy","autochamber9",2.64406858449988,2.6813199687689,2.1208741700301,3.13255619328913,511
"autochamber","unhealthy","autochamber1",2.72063327852861,2.82934746024678,2.42850226954037,3.13113384044956,643
"autochamber","unhealthy","autochamber2",2.17072802379924,2.29958863176306,1.91286661739454,2.57512401720386,643
"autochamber","unhealthy","autochamber3",2.88057422103859,3.0496826523224,2.59923682970171,3.28001275954043,643
"autochamber","unhealthy","autochamber4",1.6345395094758,1.69503627599226,1.44764100534389,1.88694753723336,641
"autochamber","unhealthy","autochamber5",1.86595714556642,1.93443752127916,1.54768131513569,2.12186135604951,645
"autochamber","unhealthy","autochamber6",2.32201821324282,2.39571480889934,2.09573008780716,2.63084315265615,644
"fluxbot","healthy","fluxbot100",2.65280822116135,2.83729188623361,1.94556823795376,3.64176130735366,659
"fluxbot","healthy","fluxbot101",2.37428087180679,2.42504877496822,1.79638164265953,3.03030106882668,571
"fluxbot","healthy","fluxbot108",2.68433993151635,2.69263811828065,2.18961957343691,3.22295736448044,568
"fluxbot","healthy","fluxbot111",2.15935682990035,2.11540611330193,1.38017657685115,2.64303000516786,428
"fluxbot","healthy","fluxbot112",1.79962812166527,2.16649118608752,1.50373455045061,3.13097175462629,331
"fluxbot","healthy","fluxbot114",3.07555176100031,2.81635130643493,1.84294145206301,3.80850985115812,177
"fluxbot","healthy","fluxbot13",1.91966645567582,2.14294324216286,1.11617048502617,3.22170693987757,483
"fluxbot","healthy","fluxbot22",1.55566920067626,1.62737853945303,1.33297511804111,1.87271254249257,579
"fluxbot","unhealthy","fluxbot102",2.87907155174286,2.85849536511408,2.44820610629519,3.3875548613293,444
"fluxbot","unhealthy","fluxbot103",3.41612622951624,3.79995640247352,2.90555165229845,4.57902593618549,319
"fluxbot","unhealthy","fluxbot104",3.09343808654827,3.13193225359354,2.63798484598816,3.67909238654397,502
"fluxbot","unhealthy","fluxbot105",1.78932147608656,1.857693679719,1.49125338779356,2.23807810669228,571
"fluxbot","unhealthy","fluxbot106",1.54646711997689,1.65396557206975,1.01664615632642,2.2258233524657,447
"fluxbot","unhealthy","fluxbot110",1.88076166605296,2.04547033096487,1.35511218570803,2.63461690977511,538
"fluxbot","unhealthy","fluxbot113",1.70729345411575,1.78311958905691,1.20793510252722,2.52241143393354,290
"fluxbot","unhealthy","fluxbot24",3.39786451042804,3.41482513585546,3.12379341911125,3.68296857753947,72
