"slope","lo","hi","n_min","h2o_lo","h2o_hi","subset","test","sensor","group"
10.2682323688085,3.55703950110448,16.9794252365126,271,13.8679240237356,15.3871769323659,"all","22 Sep","covered","covered"
1.22727203534872,-3.95964733232581,6.41419140302324,253,13.8679240237356,15.3871769323659,"dry only","22 Sep","covered","covered"
-3.01361675560008,-6.05010101169773,0.0228675004975756,270,13.8099306685169,15.4156215500724,"all","22 Sep","uncovered","uncovered"
0.759067772839416,-2.1060766776259,3.62421222330473,253,13.8099306685169,15.4156215500724,"dry only","22 Sep","uncovered","uncovered"
2.39199920580055,1.20166760326702,3.58233080833409,146,2.8761194514607,8.77206522878745,"all","13 Dec","c1","uncovered"
3.91640707778789,-4.45253081766008,12.2853449732359,60,2.8761194514607,3.99833825059981,"dry only","13 Dec","c1","uncovered"
-5.21713597924645,-11.4815253705253,1.04725341203239,146,2.85232216529085,8.77678094904357,"all","13 Dec","c2","uncovered"
-53.8056924228413,-84.562846955575,-23.0485378901076,60,2.85232216529085,4.04800056080184,"dry only","13 Dec","c2","uncovered"
2.63960270352246,0.812318431164439,4.46688697588049,146,2.86184830156505,8.76263387906135,"all","13 Dec","c3","uncovered"
0.513028781800799,-6.71171891607731,7.7377764796789,60,2.86184830156505,4.0117150561683,"dry only","13 Dec","c3","uncovered"
3.11879198219075,0.910244087962727,5.32733987641877,146,2.87020681033788,8.77291002721972,"all","13 Dec","t1","covered"
-2.0572434722753,-8.31759901746575,4.20311207291515,60,2.87020681033788,3.98062514969523,"dry only","13 Dec","t1","covered"
7.5656849221276,5.43441739830416,9.69695244595103,145,2.86506891608832,8.77219831906828,"all","13 Dec","t2","covered"
-10.2656748009142,-21.8118877265414,1.28053812471302,60,2.86506891608832,4.0117150561683,"dry only","13 Dec","t2","covered"
