"key","value","section","note"
"ptfe_lgr_h2o_median_ppm",14761,"ptfe_lab","LGR water vapour"
"ptfe_covered_before_tau",50,"ptfe_lab",""
"ptfe_covered_before_L",0,"ptfe_lab",""
"ptfe_covered_before_a",43.734,"ptfe_lab",""
"ptfe_covered_before_b",0.99508,"ptfe_lab",""
"ptfe_covered_before_rmse",11.667,"ptfe_lab",""
"ptfe_covered_before_r2",0.98866,"ptfe_lab",""
"ptfe_covered_after_tau",20,"ptfe_lab",""
"ptfe_covered_after_L",6,"ptfe_lab",""
"ptfe_covered_after_a",-184.22,"ptfe_lab",""
"ptfe_covered_after_b",1.3291,"ptfe_lab",""
"ptfe_covered_after_rmse",27.05,"ptfe_lab",""
"ptfe_covered_after_r2",0.95575,"ptfe_lab",""
"ptfe_uncovered_before_tau",30,"ptfe_lab",""
"ptfe_uncovered_before_L",6,"ptfe_lab",""
"ptfe_uncovered_before_a",56.527,"ptfe_lab",""
"ptfe_uncovered_before_b",0.99752,"ptfe_lab",""
"ptfe_uncovered_before_rmse",7.5664,"ptfe_lab",""
"ptfe_uncovered_before_r2",0.99528,"ptfe_lab",""
"ptfe_uncovered_after_tau",15,"ptfe_lab",""
"ptfe_uncovered_after_L",18,"ptfe_lab",""
"ptfe_uncovered_after_a",0.97987,"ptfe_lab",""
"ptfe_uncovered_after_b",1.0538,"ptfe_lab",""
"ptfe_uncovered_after_rmse",10.651,"ptfe_lab",""
"ptfe_uncovered_after_r2",0.98871,"ptfe_lab",""
"ptfe_offset_covered_before",38.453,"ptfe_lab","K30 - LGR, 30 min before wetting"
"ptfe_offset_covered_after",61.689,"ptfe_lab","K30 - LGR after wetting"
"ptfe_errors_pct_covered",1.428,"ptfe_lab","% readings = error code"
"ptfe_offset_uncovered_before",52.492,"ptfe_lab","K30 - LGR, 30 min before wetting"
"ptfe_offset_uncovered_after",34.862,"ptfe_lab","K30 - LGR after wetting"
"ptfe_errors_pct_uncovered",1.3981,"ptfe_lab","% readings = error code"
