"stand","bot","median_dev_hPa","n_hours"
"healthy","100",-22.4825,708
"healthy","101",0.0999999999999659,628
"healthy","108",0.282500000000027,565
"healthy","111",1.04500000000002,672
"healthy","114",-0.230000000000018,514
"healthy","13",-0.0450000000000728,703
"healthy","22",0,687
"unhealthy","102",0.0299999999999727,556
"unhealthy","103",0,328
"unhealthy","104",0.539999999999964,347
"unhealthy","105",0.115000000000009,336
"unhealthy","106",0,546
"unhealthy","110",-0.450000000000045,682
"unhealthy","113",-0.100000000000023,319
"unhealthy","24",0.220000000000027,170
