"stand","hour_of_obs","p_local","n_bots","p_hf001","ratio","diff"
"healthy",2023-10-01,981.7075,4,1023,0.95963587487781,-41.2925
"healthy",2023-10-01 01:00:00,981.425,4,1023,0.95935972629521,-41.575
"healthy",2023-10-01 02:00:00,981.165,4,1022.25,0.959809244314013,-41.085
"healthy",2023-10-01 03:00:00,981.2225,4,1022,0.960100293542074,-40.7775
"healthy",2023-10-01 04:00:00,981.42,4,1022,0.960293542074364,-40.5799999999999
"healthy",2023-10-01 05:00:00,981.595,4,1022.75,0.959760449767783,-41.155
"healthy",2023-10-01 06:00:00,982.08,4,1023,0.96,-40.9200000000001
"healthy",2023-10-01 07:00:00,982.45,4,1023.5,0.959892525647289,-41.05
"healthy",2023-10-01 08:00:00,982.44,4,1024,0.9594140625,-41.5599999999999
"healthy",2023-10-01 09:00:00,982.7975,4,1024,0.95976318359375,-41.2025
"healthy",2023-10-01 10:00:00,982.585,4,1024,0.9595556640625,-41.415
"healthy",2023-10-01 11:00:00,982.125,4,1023.75,0.959340659340659,-41.625
"healthy",2023-10-01 12:00:00,981.8025,4,1023,0.959728739002933,-41.1975
"healthy",2023-10-01 13:00:00,981.13,4,1022.5,0.959540342298289,-41.37
"healthy",2023-10-01 14:00:00,980.995,4,1022,0.959877690802348,-41.005
"healthy",2023-10-01 15:00:00,980.6125,4,1022,0.959503424657534,-41.3875
"healthy",2023-10-01 16:00:00,980.6,4,1022,0.959491193737769,-41.4000000000001
"healthy",2023-10-01 17:00:00,980.945,4,1022,0.959828767123288,-41.0550000000001
"healthy",2023-10-01 18:00:00,981.145,4,1022,0.96002446183953,-40.855
"healthy",2023-10-01 19:00:00,981.17,4,1022,0.960048923679061,-40.8299999999999
"healthy",2023-10-01 20:00:00,981.3375,4,1022,0.960212818003914,-40.6625
"healthy",2023-10-01 21:00:00,981.54,4,1022,0.96041095890411,-40.46
"healthy",2023-10-01 22:00:00,981.615,4,1022.5,0.96001466992665,-40.885
"healthy",2023-10-01 23:00:00,981.435,4,1023,0.959369501466276,-41.5650000000001
"healthy",2023-10-02,981.625,4,1022,0.960494129158513,-40.375
"healthy",2023-10-02 01:00:00,981.8925,4,1023,0.959816715542522,-41.1075000000001
"healthy",2023-10-02 02:00:00,982.1175,4,1023,0.960036656891496,-40.8824999999999
"healthy",2023-10-02 03:00:00,982.21,4,1023,0.960127077223851,-40.79
"healthy",2023-10-02 04:00:00,982.27,4,1023,0.960185728250244,-40.73
"healthy",2023-10-02 05:00:00,982.4825,4,1023.25,0.960158807720498,-40.7675
"healthy",2023-10-02 06:00:00,982.8325,4,1023.5,0.960266243282853,-40.6675
"healthy",2023-10-02 07:00:00,982.7,3,1024,0.95966796875,-41.3
"healthy",2023-10-02 08:00:00,983.15,3,1024,0.960107421875,-40.85
"healthy",2023-10-02 09:00:00,983.38,3,1024,0.96033203125,-40.62
"healthy",2023-10-02 10:00:00,983.345,3,1024,0.9602978515625,-40.655
"healthy",2023-10-02 11:00:00,983.17,4,1024,0.960126953125,-40.8299999999999
"healthy",2023-10-02 12:00:00,982.455,4,1024,0.9594287109375,-41.5450000000001
"healthy",2023-10-02 13:00:00,982.3,3,1024,0.95927734375,-41.7
"healthy",2023-10-02 14:00:00,982.315,4,1023,0.960229716520039,-40.6849999999999
"healthy",2023-10-02 15:00:00,982.1275,4,1023,0.960046432062561,-40.8724999999999
"healthy",2023-10-02 16:00:00,982.315,3,1023,0.960229716520039,-40.6849999999999
"healthy",2023-10-02 17:00:00,982.01,3,1023,0.959931573802542,-40.99
"healthy",2023-10-02 18:00:00,982.17,3,1023,0.96008797653959,-40.83
"healthy",2023-10-02 19:00:00,982.04,3,1023,0.959960899315738,-40.96
"healthy",2023-10-02 20:00:00,982.18,3,1023,0.960097751710655,-40.82
"healthy",2023-10-02 21:00:00,982.12,3,1023,0.960039100684262,-40.88
"healthy",2023-10-02 22:00:00,981.69,3,1023,0.959618768328446,-41.3099999999999
"healthy",2023-10-02 23:00:00,981.59,3,1023,0.959521016617791,-41.41
"healthy",2023-10-03,981.71,3,1023,0.959638318670577,-41.29
"healthy",2023-10-03 01:00:00,981.66,3,1023,0.959589442815249,-41.34
"healthy",2023-10-03 02:00:00,981.22,3,1023,0.959159335288368,-41.78
"healthy",2023-10-03 03:00:00,980.97,3,1022,0.959853228962818,-41.03
"healthy",2023-10-03 04:00:00,980.55,3,1022,0.959442270058708,-41.45
"healthy",2023-10-03 05:00:00,980.52,3,1022,0.959412915851272,-41.48
"healthy",2023-10-03 06:00:00,980.675,3,1022,0.95956457925636,-41.325
"healthy",2023-10-03 07:00:00,980.92,3,1022,0.959804305283757,-41.08
"healthy",2023-10-03 08:00:00,981.075,3,1022,0.959955968688845,-40.925
"healthy",2023-10-03 09:00:00,981.18,3,1022,0.960058708414873,-40.82
"healthy",2023-10-03 10:00:00,981.13,3,1022,0.960009784735812,-40.87
"healthy",2023-10-03 11:00:00,980.85,3,1022,0.959735812133072,-41.15
"healthy",2023-10-03 12:00:00,980.61,3,1022,0.959500978473581,-41.39
"healthy",2023-10-03 13:00:00,980.35,6,1021.25,0.959951040391677,-40.9
"healthy",2023-10-03 14:00:00,979.89,6,1021,0.95973555337904,-41.11
"healthy",2023-10-03 15:00:00,979.74,6,1021,0.959588638589618,-41.26
"healthy",2023-10-03 16:00:00,979.665,6,1021,0.959515181194907,-41.335
"healthy",2023-10-03 17:00:00,979.885,6,1021,0.959730656219393,-41.115
"healthy",2023-10-03 18:00:00,980.14,6,1021,0.95998041136141,-40.86
"healthy",2023-10-03 19:00:00,980.5,6,1021,0.960333006856024,-40.5
"healthy",2023-10-03 20:00:00,980.7525,6,1021.5,0.96011013215859,-40.7474999999999
"healthy",2023-10-03 21:00:00,980.6775,6,1021.75,0.959801810619036,-41.0725
"healthy",2023-10-03 22:00:00,980.8475,6,1022,0.959733365949119,-41.1525
"healthy",2023-10-03 23:00:00,980.85,6,1022,0.959735812133072,-41.15
"healthy",2023-10-04,980.8,6,1022,0.959686888454012,-41.2
"healthy",2023-10-04 01:00:00,980.69,3,1022,0.959579256360078,-41.3099999999999
"healthy",2023-10-04 02:00:00,980.8,5,1022,0.959686888454012,-41.2
"healthy",2023-10-04 03:00:00,981.11,5,1022,0.959990215264188,-40.89
"healthy",2023-10-04 04:00:00,981.61,4,1022,0.960479452054795,-40.39
"healthy",2023-10-04 05:00:00,982.1475,4,1022.75,0.960300659985334,-40.6025
"healthy",2023-10-04 06:00:00,982.5975,6,1023,0.960505865102639,-40.4024999999999
"healthy",2023-10-04 07:00:00,983.08,6,1023.75,0.960273504273504,-40.6700000000001
"healthy",2023-10-04 08:00:00,983.795,6,1024.25,0.960502806931901,-40.4549999999999
"healthy",2023-10-04 09:00:00,984.175,7,1025,0.960170731707317,-40.825
"healthy",2023-10-04 10:00:00,984.22,7,1025,0.960214634146341,-40.78
"healthy",2023-10-04 11:00:00,984.09,7,1025,0.960087804878049,-40.91
"healthy",2023-10-04 12:00:00,983.69,7,1025,0.95969756097561,-41.3099999999999
"healthy",2023-10-04 13:00:00,983.11,7,1024.25,0.959834024896266,-41.14
"healthy",2023-10-04 14:00:00,983.07,7,1024,0.960029296875,-40.93
"healthy",2023-10-04 15:00:00,982.89,7,1024,0.959853515625,-41.11
"healthy",2023-10-04 16:00:00,982.92,7,1024,0.9598828125,-41.08
"healthy",2023-10-04 17:00:00,982.845,6,1024,0.9598095703125,-41.155
"healthy",2023-10-04 18:00:00,983.085,6,1024,0.9600439453125,-40.915
"healthy",2023-10-04 19:00:00,983.4025,6,1024,0.96035400390625,-40.5975
"healthy",2023-10-04 20:00:00,983.57,6,1024,0.960517578125,-40.4300000000001
"healthy",2023-10-04 21:00:00,983.81,6,1024.75,0.960048792388387,-40.9400000000001
"healthy",2023-10-04 22:00:00,983.725,6,1025,0.959731707317073,-41.2750000000001
"healthy",2023-10-04 23:00:00,983.74,5,1025,0.959746341463415,-41.26
"healthy",2023-10-05,983.8,5,1025,0.95980487804878,-41.2
"healthy",2023-10-05 01:00:00,984.23,3,1025,0.960224390243902,-40.77
"healthy",2023-10-05 02:00:00,984.18,3,1025,0.960175609756098,-40.82
"healthy",2023-10-05 03:00:00,984.11,3,1025,0.960107317073171,-40.89
"healthy",2023-10-05 04:00:00,984.0125,4,1025,0.960012195121951,-40.9875
"healthy",2023-10-05 05:00:00,983.675,4,1025,0.959682926829268,-41.325
"healthy",2023-10-05 06:00:00,984.5,5,1025,0.960487804878049,-40.5
"healthy",2023-10-05 07:00:00,985.1,6,1025.75,0.960370460638557,-40.65
"healthy",2023-10-05 08:00:00,985.375,6,1026,0.960404483430799,-40.625
"healthy",2023-10-05 09:00:00,985.17,6,1027,0.959269717624148,-41.8299999999999
"healthy",2023-10-05 10:00:00,984.975,6,1026,0.960014619883041,-41.0250000000001
"healthy",2023-10-05 11:00:00,984.59,6,1026,0.959639376218324,-41.4100000000001
"healthy",2023-10-05 12:00:00,983.9725,6,1025.75,0.959271264928101,-41.7775
"healthy",2023-10-05 13:00:00,982.9875,6,1024.75,0.959246157599414,-41.7625
"healthy",2023-10-05 14:00:00,982.295,6,1024,0.9592724609375,-41.7049999999999
"healthy",2023-10-05 15:00:00,982.015,5,1023,0.959936461388074,-40.985
"healthy",2023-10-05 16:00:00,981.79,5,1023,0.959716520039101,-41.21
"healthy",2023-10-05 17:00:00,981.84,5,1023,0.959765395894428,-41.16
"healthy",2023-10-05 18:00:00,981.71,5,1023,0.959638318670577,-41.29
"healthy",2023-10-05 19:00:00,982.13,5,1023,0.960048875855327,-40.87
"healthy",2023-10-05 20:00:00,982.295,5,1023,0.960210166177908,-40.705
"healthy",2023-10-05 21:00:00,982.12,5,1023,0.960039100684262,-40.88
"healthy",2023-10-05 22:00:00,981.94,5,1023,0.959863147605083,-41.0599999999999
"healthy",2023-10-05 23:00:00,981.75,5,1023,0.959677419354839,-41.25
"healthy",2023-10-06,981.68,5,1023,0.95960899315738,-41.32
"healthy",2023-10-06 01:00:00,980.9,5,1022.5,0.959315403422983,-41.6
"healthy",2023-10-06 02:00:00,980.46,5,1022,0.959354207436399,-41.54
"healthy",2023-10-06 03:00:00,980.25,5,1021.25,0.959853121175031,-41
"healthy",2023-10-06 04:00:00,979.95,5,1021,0.959794319294809,-41.05
"healthy",2023-10-06 05:00:00,979.78,5,1021,0.959627815866797,-41.22
"healthy",2023-10-06 06:00:00,979.7,5,1021,0.959549461312439,-41.3
"healthy",2023-10-06 07:00:00,979.91,5,1021,0.95975514201763,-41.09
"healthy",2023-10-06 08:00:00,980.02,5,1021,0.959862879529873,-40.98
"healthy",2023-10-06 09:00:00,979.42,5,1021,0.959275220372184,-41.58
"healthy",2023-10-06 10:00:00,979.21,5,1020,0.960009803921569,-40.79
"healthy",2023-10-06 11:00:00,978.7,5,1020,0.959509803921569,-41.3
"healthy",2023-10-06 12:00:00,978.31,5,1020,0.959127450980392,-41.6900000000001
"healthy",2023-10-06 13:00:00,977.87,5,1019,0.95963689892051,-41.13
"healthy",2023-10-06 14:00:00,977.505,5,1019,0.959278704612365,-41.495
"healthy",2023-10-06 15:00:00,977.33,5,1018.25,0.95981340535232,-40.92
"healthy",2023-10-06 16:00:00,977.105,6,1018,0.959828094302554,-40.895
"healthy",2023-10-06 17:00:00,976.82,6,1018,0.959548133595285,-41.1800000000001
"healthy",2023-10-06 18:00:00,976.855,6,1018,0.959582514734774,-41.145
"healthy",2023-10-06 19:00:00,976.795,6,1018,0.959523575638507,-41.2049999999999
"healthy",2023-10-06 20:00:00,976.18,6,1017.75,0.9591549987718,-41.5699999999999
"healthy",2023-10-06 21:00:00,976.0525,6,1017,0.959736971484759,-40.9475
"healthy",2023-10-06 22:00:00,975.8,6,1017,0.959488692232055,-41.2
"healthy",2023-10-06 23:00:00,975.225,6,1016.5,0.959394982784063,-41.2750000000001
"healthy",2023-10-07,973.985,6,1015.5,0.959118660758247,-41.515
"healthy",2023-10-07 01:00:00,973.35,6,1015,0.958965517241379,-41.65
"healthy",2023-10-07 02:00:00,972.63,6,1014,0.959201183431953,-41.37
"healthy",2023-10-07 03:00:00,972.08,6,1013.25,0.959368369109302,-41.1700000000001
"healthy",2023-10-07 04:00:00,971.37,6,1013,0.958904244817374,-41.63
"healthy",2023-10-07 05:00:00,970.975,6,1012,0.959461462450593,-41.0250000000001
"healthy",2023-10-07 06:00:00,970.42,6,1012,0.958913043478261,-41.5799999999999
"healthy",2023-10-07 07:00:00,970.03,6,1011,0.959475766567755,-40.97
"healthy",2023-10-07 08:00:00,969.68,6,1011,0.959129574678536,-41.3199999999999
"healthy",2023-10-07 09:00:00,968.595,6,1010.25,0.958767631774313,-41.655
"healthy",2023-10-07 10:00:00,968.21,6,1009.75,0.958861104233721,-41.54
"healthy",2023-10-07 11:00:00,967.0425,6,1008.5,0.958891918691125,-41.4575
"healthy",2023-10-07 12:00:00,965.91,6,1007.75,0.958481766311089,-41.8399999999999
"healthy",2023-10-07 13:00:00,965.3325,2,1006.5,0.959098360655738,-41.1675
"healthy",2023-10-08 11:00:00,965.575,1,1002,0.963647704590818,-36.425
"healthy",2023-10-09,965.075,1,1005,0.960273631840796,-39.925
"healthy",2023-10-09 01:00:00,965.41,1,1005.75,0.959890628883917,-40.34
"healthy",2023-10-09 02:00:00,965.365,1,1006,0.959607355864811,-40.635
"healthy",2023-10-09 03:00:00,965.13,3,1006,0.959373757455268,-40.87
"healthy",2023-10-09 04:00:00,965.47,5,1006,0.959711729622266,-40.53
"healthy",2023-10-09 05:00:00,965.52,6,1006.5,0.959284649776453,-40.98
"healthy",2023-10-09 06:00:00,965.8675,6,1007,0.959153426017875,-41.1324999999999
"healthy",2023-10-09 07:00:00,966.535,6,1007,0.959816285998014,-40.465
"healthy",2023-10-09 08:00:00,966.97,6,1008,0.959295634920635,-41.03
"healthy",2023-10-09 09:00:00,967.005,6,1008,0.959330357142857,-40.995
"healthy",2023-10-09 10:00:00,967.08,6,1008,0.959404761904762,-40.9200000000001
"healthy",2023-10-09 11:00:00,966.895,6,1008,0.95922123015873,-41.105
"healthy",2023-10-09 12:00:00,966.2775,6,1008,0.958608630952381,-41.7225000000001
"healthy",2023-10-09 13:00:00,965.725,6,1007,0.959011916583913,-41.275
"healthy",2023-10-09 14:00:00,965.6925,6,1007,0.958979642502483,-41.3075
"healthy",2023-10-09 15:00:00,965.75,6,1007,0.959036742800397,-41.25
"healthy",2023-10-09 16:00:00,965.9725,6,1007,0.95925769612711,-41.0274999999999
"healthy",2023-10-09 17:00:00,966.495,6,1007,0.959776564051639,-40.505
"healthy",2023-10-09 18:00:00,966.865,6,1007.5,0.959667493796526,-40.635
"healthy",2023-10-09 19:00:00,967.3925,6,1008,0.959714781746032,-40.6075000000001
"healthy",2023-10-09 20:00:00,968.17,6,1008.5,0.96000991571641,-40.33
"healthy",2023-10-09 21:00:00,968.76,6,1009.25,0.959881099826604,-40.49
"healthy",2023-10-09 22:00:00,968.75,6,1010,0.959158415841584,-41.25
"healthy",2023-10-09 23:00:00,968.65,6,1010,0.959059405940594,-41.35
"healthy",2023-10-10,968.62,6,1010,0.959029702970297,-41.38
"healthy",2023-10-10 01:00:00,968.6875,6,1010,0.959096534653465,-41.3125
"healthy",2023-10-10 02:00:00,968.7625,6,1010,0.959170792079208,-41.2375
"healthy",2023-10-10 03:00:00,968.72,6,1010,0.959128712871287,-41.28
"healthy",2023-10-10 04:00:00,968.9075,6,1010,0.959314356435644,-41.0925
"healthy",2023-10-10 05:00:00,969.135,6,1010,0.959539603960396,-40.865
"healthy",2023-10-10 06:00:00,969.3075,6,1010,0.959710396039604,-40.6925000000001
"healthy",2023-10-10 07:00:00,969.3,6,1010,0.95970297029703,-40.7
"healthy",2023-10-10 08:00:00,969.605,6,1010.25,0.959767384310814,-40.645
"healthy",2023-10-10 09:00:00,969.73,6,1011,0.95917903066271,-41.27
"healthy",2023-10-10 10:00:00,969.5675,6,1011,0.959018298714144,-41.4325
"healthy",2023-10-10 11:00:00,969.46,6,1010.75,0.959149146673262,-41.29
"healthy",2023-10-10 12:00:00,968.71,6,1010.25,0.958881464983915,-41.54
"healthy",2023-10-10 13:00:00,968.2425,6,1009.5,0.959130757800892,-41.2574999999999
"healthy",2023-10-10 14:00:00,968.0825,6,1009,0.959447472745292,-40.9175
"healthy",2023-10-10 15:00:00,968.2425,6,1009,0.959606045589693,-40.7574999999999
"healthy",2023-10-10 16:00:00,968.4325,6,1009,0.959794350842418,-40.5675
"healthy",2023-10-10 17:00:00,968.8975,6,1009.5,0.959779593858346,-40.6025
"healthy",2023-10-10 18:00:00,969.24,6,1010,0.959643564356436,-40.76
"healthy",2023-10-10 19:00:00,969.635,6,1010,0.960034653465347,-40.365
"healthy",2023-10-10 20:00:00,969.94,6,1010.75,0.959624041553302,-40.8099999999999
"healthy",2023-10-10 21:00:00,970.2075,6,1011,0.959651335311573,-40.7925
"healthy",2023-10-10 22:00:00,970.3575,6,1011,0.959799703264095,-40.6424999999999
"healthy",2023-10-10 23:00:00,970.265,6,1011,0.959708209693373,-40.735
"healthy",2023-10-11,970.355,6,1011,0.959797230464886,-40.645
"healthy",2023-10-11 01:00:00,970.3525,6,1011,0.959794757665677,-40.6475
"healthy",2023-10-11 02:00:00,969.79,5,1011,0.959238377843719,-41.21
"healthy",2023-10-11 03:00:00,969.62,5,1011,0.959070227497527,-41.38
"healthy",2023-10-11 04:00:00,969.76,5,1011,0.959208704253215,-41.24
"healthy",2023-10-11 05:00:00,970.15,5,1011,0.959594460929773,-40.85
"healthy",2023-10-11 06:00:00,970.7125,6,1011.25,0.95991347342398,-40.5374999999999
"healthy",2023-10-11 07:00:00,971.115,6,1012,0.959599802371542,-40.885
"healthy",2023-10-11 08:00:00,971.525,6,1012.25,0.959767843912077,-40.725
"healthy",2023-10-11 09:00:00,971.775,6,1013,0.959304047384008,-41.225
"healthy",2023-10-11 10:00:00,971.45,6,1012.75,0.959219945692422,-41.3
"healthy",2023-10-11 11:00:00,971.3175,6,1012.75,0.959089113799062,-41.4325
"healthy",2023-10-11 12:00:00,970.76,6,1012,0.959249011857708,-41.24
"healthy",2023-10-11 13:00:00,970.2525,6,1011.5,0.959221453287197,-41.2474999999999
"healthy",2023-10-11 14:00:00,970.075,6,1011,0.959520276953511,-40.925
"healthy",2023-10-11 15:00:00,969.775,6,1011,0.959223541048467,-41.225
"healthy",2023-10-11 16:00:00,969.955,6,1011,0.959401582591494,-41.045
"healthy",2023-10-11 17:00:00,970.475,6,1011,0.959915924826904,-40.525
"healthy",2023-10-11 18:00:00,970.805,6,1011.75,0.959530516431925,-40.9449999999999
"healthy",2023-10-11 19:00:00,971.375,6,1012,0.959856719367589,-40.625
"healthy",2023-10-11 20:00:00,971.435,6,1012,0.959916007905138,-40.5650000000001
"healthy",2023-10-11 21:00:00,971.96,6,1012.25,0.960197579649296,-40.29
"healthy",2023-10-11 22:00:00,972.0775,6,1013,0.959602665350444,-40.9224999999999
"healthy",2023-10-11 23:00:00,971.95,6,1013,0.959476801579467,-41.05
"healthy",2023-10-12,971.995,6,1013,0.959521224086871,-41.005
"healthy",2023-10-12 01:00:00,972.3225,6,1013,0.959844521224087,-40.6775
"healthy",2023-10-12 02:00:00,971.87,6,1013,0.959397828232971,-41.13
"healthy",2023-10-12 03:00:00,971.82,5,1013,0.959348469891412,-41.18
"healthy",2023-10-12 04:00:00,972.0575,6,1013,0.95958292201382,-40.9425000000001
"healthy",2023-10-12 05:00:00,972.265,6,1013,0.959787759131293,-40.735
"healthy",2023-10-12 06:00:00,972.13,6,1013,0.959654491609082,-40.87
"healthy",2023-10-12 07:00:00,972.56,6,1013,0.960078973346496,-40.4400000000001
"healthy",2023-10-12 08:00:00,972.49,6,1014,0.959063116370809,-41.51
"healthy",2023-10-12 09:00:00,972.685,6,1014,0.959255424063116,-41.3150000000001
"healthy",2023-10-12 10:00:00,972.255,6,1013.75,0.959067817509248,-41.495
"healthy",2023-10-12 11:00:00,972.07,6,1013,0.95959526159921,-40.9300000000001
"healthy",2023-10-12 12:00:00,971.31,6,1013,0.958845014807502,-41.6900000000001
"healthy",2023-10-12 13:00:00,970.9725,6,1012,0.959458992094862,-41.0274999999999
"healthy",2023-10-12 14:00:00,970.88,6,1012,0.959367588932806,-41.12
"healthy",2023-10-12 15:00:00,970.765,6,1012,0.95925395256917,-41.235
"healthy",2023-10-12 16:00:00,970.6,6,1012,0.959090909090909,-41.4
"healthy",2023-10-12 17:00:00,970.735,6,1011.5,0.959698467622343,-40.765
"healthy",2023-10-12 18:00:00,971.07,6,1012,0.959555335968379,-40.9300000000001
"healthy",2023-10-12 19:00:00,971.43,6,1012,0.959911067193676,-40.5699999999999
"healthy",2023-10-12 20:00:00,971.505,6,1012.25,0.959748085947147,-40.745
"healthy",2023-10-12 21:00:00,971.5525,6,1012.75,0.959321155270304,-41.1975
"healthy",2023-10-12 22:00:00,971.465,6,1012.75,0.95923475685016,-41.285
"healthy",2023-10-12 23:00:00,971.5225,6,1012,0.960002470355731,-40.4775
"healthy",2023-10-13,971.48,6,1012.75,0.959249568007899,-41.27
"healthy",2023-10-13 01:00:00,971.9825,6,1013,0.959508884501481,-41.0174999999999
"healthy",2023-10-13 02:00:00,971.795,6,1013,0.959323790720632,-41.2049999999999
"healthy",2023-10-13 03:00:00,971.82,6,1013,0.959348469891412,-41.1800000000001
"healthy",2023-10-13 04:00:00,972.055,6,1013,0.959580454096742,-40.9449999999999
"healthy",2023-10-13 05:00:00,972.4475,6,1013,0.959967917077986,-40.5525
"healthy",2023-10-13 06:00:00,972.685,6,1014,0.959255424063116,-41.3150000000001
"healthy",2023-10-13 07:00:00,973.0425,6,1014,0.95960798816568,-40.9575
"healthy",2023-10-13 08:00:00,972.9625,6,1014,0.95952909270217,-41.0374999999999
"healthy",2023-10-13 09:00:00,973.415,6,1014.5,0.959502217841301,-41.085
"healthy",2023-10-13 10:00:00,973.16,6,1015,0.958778325123153,-41.84
"healthy",2023-10-13 11:00:00,972.9725,6,1014,0.959538954635109,-41.0274999999999
"healthy",2023-10-13 12:00:00,972.605,6,1014,0.959176528599606,-41.395
"healthy",2023-10-13 13:00:00,972.525,6,1014,0.959097633136095,-41.475
"healthy",2023-10-13 14:00:00,972.905,6,1014,0.959472386587771,-41.095
"healthy",2023-10-13 15:00:00,972.885,6,1014,0.959452662721893,-41.115
"healthy",2023-10-13 16:00:00,972.86,6,1014,0.959428007889546,-41.14
"healthy",2023-10-13 17:00:00,972.895,6,1014,0.959462524654832,-41.105
"healthy",2023-10-13 18:00:00,973.105,6,1014,0.959669625246548,-40.895
"healthy",2023-10-13 19:00:00,973.0725,6,1014,0.959637573964497,-40.9275
"healthy",2023-10-13 20:00:00,973.27,6,1014,0.959832347140039,-40.73
"healthy",2023-10-13 21:00:00,973.12,6,1014,0.959684418145957,-40.88
"healthy",2023-10-13 22:00:00,973.0525,6,1014,0.959617850098619,-40.9475
"healthy",2023-10-13 23:00:00,973.025,6,1014,0.959590729783037,-40.975
"healthy",2023-10-14,972.895,6,1014,0.959462524654832,-41.105
"healthy",2023-10-14 01:00:00,972.33,5,1014,0.958905325443787,-41.67
"healthy",2023-10-14 02:00:00,972.1525,6,1013.5,0.959203256043414,-41.3475000000001
"healthy",2023-10-14 03:00:00,971.2275,6,1013,0.958763573543929,-41.7725
"healthy",2023-10-14 04:00:00,971.495,6,1012,0.959975296442688,-40.505
"healthy",2023-10-14 05:00:00,971.26,6,1012.5,0.959269135802469,-41.24
"healthy",2023-10-14 06:00:00,970.995,6,1012,0.959481225296443,-41.005
"healthy",2023-10-14 07:00:00,971.0875,6,1012,0.959572628458498,-40.9124999999999
"healthy",2023-10-14 08:00:00,970.78,6,1012,0.959268774703557,-41.22
"healthy",2023-10-14 09:00:00,970.2225,6,1012,0.958717885375494,-41.7774999999999
"healthy",2023-10-14 10:00:00,969.3575,6,1011,0.958810583580613,-41.6424999999999
"healthy",2023-10-14 11:00:00,968.76,6,1010.25,0.958930957683742,-41.49
"healthy",2023-10-14 12:00:00,967.85,6,1009.5,0.958741951461119,-41.65
"healthy",2023-10-14 13:00:00,966.965,6,1008.5,0.958815071888944,-41.535
"healthy",2023-10-14 14:00:00,966.335,6,1008,0.958665674603175,-41.665
"healthy",2023-10-14 15:00:00,966.04,6,1007,0.959324726911619,-40.96
"healthy",2023-10-14 16:00:00,966.1475,6,1007,0.959431479642503,-40.8525
"healthy",2023-10-14 17:00:00,965.6175,6,1007,0.958905163853029,-41.3824999999999
"healthy",2023-10-14 18:00:00,965.3,4,1006.75,0.958827911596722,-41.45
"healthy",2023-10-14 19:00:00,965.4,1,1006,0.959642147117296,-40.6
"healthy",2023-10-16 18:00:00,965.23,1,1004.75,0.960666832545409,-39.52
"healthy",2023-10-16 19:00:00,965.4375,2,1005.75,0.959917971662938,-40.3125
"healthy",2023-10-16 20:00:00,965.5275,4,1006,0.95976888667992,-40.4725000000001
"healthy",2023-10-16 21:00:00,966.135,4,1007,0.95941906653426,-40.865
"healthy",2023-10-16 22:00:00,966.415,4,1007.25,0.95945892280963,-40.835
"healthy",2023-10-16 23:00:00,966.6175,4,1007.25,0.959659965251924,-40.6324999999999
"healthy",2023-10-17,966.9625,4,1008,0.959288194444445,-41.0374999999999
"healthy",2023-10-17 01:00:00,967.45,4,1008,0.959771825396825,-40.55
"healthy",2023-10-17 02:00:00,967.8325,4,1008.75,0.959437422552664,-40.9175
"healthy",2023-10-17 03:00:00,968.32,4,1009,0.959682854311199,-40.68
"healthy",2023-10-17 04:00:00,968.655,4,1009.25,0.959777062174882,-40.595
"healthy",2023-10-17 05:00:00,968.7675,4,1010,0.959175742574257,-41.2325000000001
"healthy",2023-10-17 06:00:00,969.445,3,1010,0.959846534653465,-40.555
"healthy",2023-10-17 07:00:00,970.19,3,1011,0.959634025717112,-40.8099999999999
"healthy",2023-10-17 08:00:00,971.6675,2,1011.75,0.960382999752903,-40.0825
"healthy",2023-10-17 09:00:00,972.325,2,1012.75,0.960083929893853,-40.425
"healthy",2023-10-17 10:00:00,972.655,2,1013,0.960172754195459,-40.345
"healthy",2023-10-17 11:00:00,972.655,2,1013,0.960172754195459,-40.345
"healthy",2023-10-17 12:00:00,972.5275,2,1013.25,0.959810017271157,-40.7225000000001
"healthy",2023-10-17 13:00:00,972.665,2,1013,0.960182625863771,-40.335
"healthy",2023-10-17 14:00:00,973,2,1013.25,0.96027633851468,-40.25
"healthy",2023-10-17 15:00:00,973.63,2,1014,0.960187376725838,-40.37
"healthy",2023-10-17 16:00:00,974.0725,2,1014.25,0.960386985457234,-40.1775
"healthy",2023-10-17 17:00:00,974.6675,2,1015,0.96026354679803,-40.3325
"healthy",2023-10-17 18:00:00,975.295,2,1015.5,0.96040866568193,-40.2049999999999
"healthy",2023-10-17 19:00:00,975.545,2,1016,0.960182086614173,-40.4549999999999
"healthy",2023-10-17 20:00:00,976.88,1,1016.75,0.960786820752397,-39.87
"healthy",2023-10-17 21:00:00,977.36,1,1017,0.96102261553589,-39.64
"healthy",2023-10-17 22:00:00,977.58,1,1018,0.960294695481336,-40.42
"healthy",2023-10-17 23:00:00,978.025,1,1018,0.960731827111984,-39.975
"healthy",2023-10-18,978.42,1,1018.5,0.960648011782032,-40.08
"healthy",2023-10-18 01:00:00,978.675,1,1019,0.960426889106968,-40.325
"healthy",2023-10-19 14:00:00,977.58,3,1019,0.959352306182532,-41.42
"healthy",2023-10-19 15:00:00,977.07,6,1018.25,0.959558065308127,-41.1800000000001
"healthy",2023-10-19 16:00:00,976.79,6,1018,0.959518664047151,-41.21
"healthy",2023-10-19 17:00:00,976.865,6,1018,0.959592337917485,-41.135
"healthy",2023-10-19 18:00:00,977.02,6,1018,0.959744597249509,-40.98
"healthy",2023-10-19 19:00:00,976.825,6,1018,0.95955304518664,-41.175
"healthy",2023-10-19 20:00:00,976.575,6,1018,0.959307465618861,-41.425
"healthy",2023-10-19 21:00:00,976.1675,6,1017.5,0.959378378378378,-41.3325
"healthy",2023-10-19 22:00:00,976.085,6,1017,0.959768928220256,-40.915
"healthy",2023-10-19 23:00:00,975.93,6,1017,0.959616519174041,-41.0699999999999
"healthy",2023-10-20,975.3525,6,1017,0.959048672566372,-41.6475
"healthy",2023-10-20 01:00:00,975.12,6,1016,0.959763779527559,-40.88
"healthy",2023-10-20 02:00:00,974.245,6,1015.75,0.959138567560916,-41.505
"healthy",2023-10-20 03:00:00,973.48,6,1015,0.959093596059113,-41.52
"healthy",2023-10-20 04:00:00,973.59,6,1014.75,0.959438285291944,-41.1600000000001
"healthy",2023-10-20 05:00:00,972.995,6,1014.75,0.958851933973885,-41.755
"healthy",2023-10-20 06:00:00,972.54,6,1014,0.959112426035503,-41.46
"healthy",2023-10-20 07:00:00,971.945,6,1013.25,0.959235134468295,-41.3050000000001
"healthy",2023-10-20 08:00:00,971.98,5,1013,0.959506416584403,-41.02
"healthy",2023-10-20 09:00:00,971.695,6,1013,0.959225074037512,-41.305
"healthy",2023-10-20 10:00:00,970.8775,6,1012.5,0.958891358024691,-41.6224999999999
"healthy",2023-10-20 11:00:00,969.5975,6,1011.5,0.958573900148295,-41.9025
"healthy",2023-10-20 12:00:00,968.855,6,1010.5,0.958787728847105,-41.645
"healthy",2023-10-20 13:00:00,967.785,6,1009.5,0.958677563150074,-41.7149999999999
"healthy",2023-10-20 14:00:00,967.045,6,1008.5,0.958894397620228,-41.4549999999999
"healthy",2023-10-20 15:00:00,966.88,6,1008,0.959206349206349,-41.12
"healthy",2023-10-20 16:00:00,965.605,6,1007.5,0.958416873449132,-41.895
"healthy",2023-10-20 17:00:00,965.32,5,1006.25,0.959324223602484,-40.93
"healthy",2023-10-20 18:00:00,967.935,1,1005.75,0.962401193139448,-37.8150000000001
"healthy",2023-10-20 19:00:00,1001.8175,2,1005,0.996833333333333,-3.1825
"healthy",2023-10-20 20:00:00,998.7575,2,1004.5,0.994283225485316,-5.74250000000006
"healthy",2023-10-20 21:00:00,995.3775,2,1003.5,0.991905829596413,-8.12249999999995
"healthy",2023-10-20 22:00:00,1022.23,1,1002.25,1.01993514592168,19.98
"healthy",2023-10-20 23:00:00,1018.76,1,1000.75,1.01799650262303,18.01
"healthy",2023-10-21,1015.015,1,999.5,1.01552276138069,15.515
"healthy",2023-10-21 01:00:00,1011.04,1,999,1.01205205205205,12.04
"healthy",2023-10-21 02:00:00,1008.53,1,998,1.01055110220441,10.53
"healthy",2023-10-21 03:00:00,1007.05,1,996.75,1.01033358414848,10.3
"healthy",2023-10-21 04:00:00,1003.97,1,996,1.00800200803213,7.97000000000003
"healthy",2023-10-21 05:00:00,1003.135,1,995.75,1.0074165202109,7.38499999999999
"healthy",2023-10-21 06:00:00,1001.88,1,995,1.00691457286432,6.88
"healthy",2023-10-21 07:00:00,999.31,1,994,1.00534205231388,5.30999999999995
"healthy",2023-10-21 08:00:00,998.47,1,993,1.00550855991944,5.47000000000003
"healthy",2023-10-21 09:00:00,997.585,1,992.25,1.00537666918619,5.33500000000004
"healthy",2023-10-21 10:00:00,994.705,1,991.5,1.00323247604639,3.20500000000004
"healthy",2023-10-21 11:00:00,1001.465,2,990.25,1.01132542287301,11.215
"healthy",2023-10-21 12:00:00,982.56,2,990,0.992484848484848,-7.44000000000005
"healthy",2023-10-21 13:00:00,984.61,1,989,0.995561172901921,-4.38999999999999
"healthy",2023-10-21 14:00:00,984.23,1,989,0.995176946410516,-4.76999999999998
"healthy",2023-10-21 15:00:00,983.615,1,988.75,0.994806573957016,-5.13499999999999
"healthy",2023-10-21 16:00:00,986.7575,2,988,0.998742408906882,-1.24250000000006
"healthy",2023-10-21 17:00:00,977.7225,2,988.75,0.988847029077118,-11.0274999999999
"healthy",2023-10-21 18:00:00,977.51,1,989,0.988382204246714,-11.49
"healthy",2023-10-21 19:00:00,976.275,1,990,0.986136363636364,-13.7249999999999
"healthy",2023-10-21 20:00:00,974.165,1,990.25,0.983756627114365,-16.085
"healthy",2023-10-21 21:00:00,972.625,1,991,0.981458123107972,-18.375
"healthy",2023-10-21 22:00:00,971.315,1,991.75,0.979395008822788,-20.4349999999999
"healthy",2023-10-21 23:00:00,969.63,1,992.25,0.977203325774754,-22.62
"healthy",2023-10-22,967.445,1,993,0.974264853977845,-25.555
"healthy",2023-10-22 01:00:00,966.32,1,994,0.97215291750503,-27.68
"healthy",2023-10-22 02:00:00,966.21,1,994.25,0.971797837566005,-28.04
"healthy",2023-10-22 19:00:00,965.07,1,1005,0.960268656716418,-39.93
"healthy",2023-10-22 20:00:00,965.345,3,1006,0.959587475149105,-40.655
"healthy",2023-10-22 21:00:00,965.7575,6,1006.75,0.959282344176806,-40.9925000000001
"healthy",2023-10-22 22:00:00,966.525,6,1007.5,0.959330024813896,-40.975
"healthy",2023-10-22 23:00:00,967.03,6,1008,0.959355158730159,-40.97
"healthy",2023-10-23,967.87,6,1008.5,0.959712444224095,-40.63
"healthy",2023-10-23 01:00:00,968.995,6,1009.5,0.959876176324913,-40.505
"healthy",2023-10-23 02:00:00,969.6925,6,1010.5,0.959616526472044,-40.8075
"healthy",2023-10-23 03:00:00,970.645,6,1011.5,0.959609490855166,-40.855
"healthy",2023-10-23 04:00:00,971.32,5,1012.25,0.959565324771549,-40.93
"healthy",2023-10-23 05:00:00,972.465,6,1013.25,0.959748334566987,-40.785
"healthy",2023-10-23 06:00:00,973.3925,6,1014.25,0.959716539314765,-40.8575000000001
"healthy",2023-10-23 07:00:00,974.57,6,1015.25,0.959931051465156,-40.6800000000001
"healthy",2023-10-23 08:00:00,976.18,6,1016.75,0.96009835259405,-40.5699999999999
"healthy",2023-10-23 09:00:00,977.0775,6,1018,0.959801080550098,-40.9224999999999
"healthy",2023-10-23 10:00:00,977.715,6,1019,0.959484789008832,-41.285
"healthy",2023-10-23 11:00:00,978.205,6,1019,0.959965652600589,-40.795
"healthy",2023-10-23 12:00:00,978.18,6,1020,0.959,-41.8199999999999
"healthy",2023-10-23 13:00:00,978.28,6,1019.75,0.959333169894582,-41.47
"healthy",2023-10-23 14:00:00,978.4475,6,1019.5,0.959732712113781,-41.0525
"healthy",2023-10-23 15:00:00,979.13,6,1020,0.95993137254902,-40.87
"healthy",2023-10-23 16:00:00,979.7525,6,1020.5,0.960071043606076,-40.7474999999999
"healthy",2023-10-23 17:00:00,980.8175,6,1021.25,0.960408812729498,-40.4325
"healthy",2023-10-23 18:00:00,981.82,6,1022.5,0.960215158924205,-40.68
"healthy",2023-10-23 19:00:00,982.51,6,1023,0.960420332355816,-40.49
"healthy",2023-10-23 20:00:00,983.1025,6,1024,0.96006103515625,-40.8975
"healthy",2023-10-23 21:00:00,983.555,6,1024.5,0.960034163006344,-40.945
"healthy",2023-10-23 22:00:00,983.3125,6,1025,0.959329268292683,-41.6875
"healthy",2023-10-23 23:00:00,983.755,6,1025,0.959760975609756,-41.245
"healthy",2023-10-24,983.97,6,1025,0.959970731707317,-41.03
"healthy",2023-10-24 01:00:00,984.32,5,1025.5,0.95984397854705,-41.18
"healthy",2023-10-24 02:00:00,984.5,5,1026,0.959551656920078,-41.5
"healthy",2023-10-24 03:00:00,984.445,5,1026,0.959498050682261,-41.555
"healthy",2023-10-24 04:00:00,985.195,5,1026,0.960229044834308,-40.805
"healthy",2023-10-24 05:00:00,985.64,5,1027,0.959727361246349,-41.36
"healthy",2023-10-24 06:00:00,986.2475,6,1027,0.960318889970789,-40.7525000000001
"healthy",2023-10-24 07:00:00,986.76,6,1027.75,0.96011675991243,-40.99
"healthy",2023-10-24 08:00:00,986.7525,6,1028,0.959875972762646,-41.2474999999999
"healthy",2023-10-24 09:00:00,986.965,6,1028.25,0.959849258448821,-41.285
"healthy",2023-10-24 10:00:00,986.64,6,1028,0.95976653696498,-41.36
"healthy",2023-10-24 11:00:00,986.64,6,1028,0.95976653696498,-41.36
"healthy",2023-10-24 12:00:00,986.2175,6,1028,0.959355544747082,-41.7825
"healthy",2023-10-24 13:00:00,985.59,6,1027.5,0.959211678832117,-41.91
"healthy",2023-10-24 14:00:00,984.9025,6,1026.75,0.959242756269783,-41.8475000000001
"healthy",2023-10-24 15:00:00,985.0175,6,1026,0.96005604288499,-40.9825000000001
"healthy",2023-10-24 16:00:00,984.695,6,1026,0.95974171539961,-41.3050000000001
"healthy",2023-10-24 17:00:00,984.6025,6,1026,0.959651559454191,-41.3975
"healthy",2023-10-24 18:00:00,984.705,6,1026,0.959751461988304,-41.295
"healthy",2023-10-24 19:00:00,984.82,6,1026,0.959863547758285,-41.18
"healthy",2023-10-24 20:00:00,984.36,6,1026,0.959415204678363,-41.64
"healthy",2023-10-24 21:00:00,984.315,6,1025.25,0.960073152889539,-40.9349999999999
"healthy",2023-10-24 22:00:00,983.76,6,1025.25,0.95953182150695,-41.49
"healthy",2023-10-24 23:00:00,984.065,6,1025,0.960063414634146,-40.9349999999999
"healthy",2023-10-25,984.2125,6,1025.25,0.959973177273836,-41.0374999999999
"healthy",2023-10-25 01:00:00,984.24,6,1026,0.959298245614035,-41.76
"healthy",2023-10-25 02:00:00,983.6825,6,1025.25,0.959456230187759,-41.5675
"healthy",2023-10-25 03:00:00,983.305,6,1025,0.959321951219512,-41.6949999999999
"healthy",2023-10-25 04:00:00,983.49,6,1025,0.95950243902439,-41.51
"healthy",2023-10-25 05:00:00,983.3875,6,1025,0.95940243902439,-41.6125
"healthy",2023-10-25 06:00:00,983.3525,6,1025,0.959368292682927,-41.6475
"healthy",2023-10-25 07:00:00,983.3425,6,1025,0.959358536585366,-41.6575
"healthy",2023-10-25 08:00:00,983.715,6,1025,0.959721951219512,-41.285
"healthy",2023-10-25 09:00:00,983.535,6,1025,0.959546341463415,-41.465
"healthy",2023-10-25 10:00:00,983.355,6,1025,0.959370731707317,-41.645
"healthy",2023-10-25 11:00:00,982.845,6,1024.25,0.959575298999268,-41.405
"healthy",2023-10-25 12:00:00,982.705,6,1024,0.9596728515625,-41.295
"healthy",2023-10-25 13:00:00,982.285,6,1023.75,0.959496947496947,-41.465
"healthy",2023-10-25 14:00:00,982.02,6,1023,0.959941348973607,-40.98
"healthy",2023-10-25 15:00:00,981.71,6,1023,0.959638318670577,-41.29
"healthy",2023-10-25 16:00:00,981.945,6,1023,0.959868035190616,-41.0550000000001
"healthy",2023-10-25 17:00:00,982.1825,6,1023,0.960100195503421,-40.8175
"healthy",2023-10-25 18:00:00,982.37,6,1023.25,0.960048863914,-40.88
"healthy",2023-10-25 19:00:00,982.475,6,1023,0.960386119257087,-40.525
"healthy",2023-10-25 20:00:00,982.205,6,1023.25,0.959887612997801,-41.045
"healthy",2023-10-25 21:00:00,982.14,6,1023,0.960058651026393,-40.86
"healthy",2023-10-25 22:00:00,982.31,6,1023,0.960224828934506,-40.6900000000001
"healthy",2023-10-25 23:00:00,982.215,6,1023,0.960131964809384,-40.785
"healthy",2023-10-26,982.06,5,1023,0.959980449657869,-40.9400000000001
"healthy",2023-10-26 01:00:00,981.76,5,1023,0.959687194525904,-41.24
"healthy",2023-10-26 02:00:00,981.62,5,1023,0.959550342130987,-41.38
"healthy",2023-10-26 03:00:00,981.38,5,1023,0.959315738025415,-41.62
"healthy",2023-10-26 04:00:00,981.4725,4,1022.75,0.959640674651674,-41.2775
"healthy",2023-10-26 05:00:00,981.64,5,1023,0.959569892473118,-41.36
"healthy",2023-10-26 06:00:00,981.82,6,1023,0.959745845552297,-41.18
"healthy",2023-10-26 07:00:00,982.51,6,1023,0.960420332355816,-40.49
"healthy",2023-10-26 08:00:00,983.39,6,1024,0.960341796875,-40.61
"healthy",2023-10-26 09:00:00,983.425,6,1024.75,0.959673090997804,-41.325
"healthy",2023-10-26 10:00:00,983.005,6,1024.25,0.959731510861606,-41.245
"healthy",2023-10-26 11:00:00,982.4725,6,1024,0.95944580078125,-41.5275
"healthy",2023-10-26 12:00:00,981.725,6,1023.25,0.959418519423406,-41.525
"healthy",2023-10-26 13:00:00,981.0825,6,1022.5,0.959493887530562,-41.4175
"healthy",2023-10-26 14:00:00,981.2025,6,1022,0.96008072407045,-40.7974999999999
"healthy",2023-10-26 15:00:00,981.035,6,1022,0.959916829745597,-40.965
"healthy",2023-10-26 16:00:00,981.02,6,1022,0.959902152641879,-40.98
"healthy",2023-10-26 17:00:00,981.265,6,1022,0.960141878669276,-40.735
"healthy",2023-10-26 18:00:00,981.6175,6,1022,0.960486790606654,-40.3824999999999
"healthy",2023-10-26 19:00:00,981.385,6,1022.25,0.960024455857178,-40.865
"healthy",2023-10-26 20:00:00,981.2325,6,1022,0.960110078277887,-40.7674999999999
"healthy",2023-10-26 21:00:00,981.195,6,1022,0.960073385518591,-40.8050000000001
"healthy",2023-10-26 22:00:00,981.11,6,1022,0.959990215264188,-40.89
"healthy",2023-10-26 23:00:00,980.8875,6,1022,0.959772504892368,-41.1125
"healthy",2023-10-27,980.435,6,1022,0.959329745596869,-41.5650000000001
"healthy",2023-10-27 01:00:00,980.11,6,1021,0.959951028403526,-40.89
"healthy",2023-10-27 02:00:00,979.65,6,1021,0.959500489715965,-41.35
"healthy",2023-10-27 03:00:00,979.52,5,1021,0.959373163565132,-41.48
"healthy",2023-10-27 04:00:00,979.6,5,1021,0.959451518119491,-41.4
"healthy",2023-10-27 05:00:00,979.32,5,1020.5,0.959647231749143,-41.18
"healthy",2023-10-27 06:00:00,978.8625,6,1020,0.959669117647059,-41.1375
"healthy",2023-10-27 07:00:00,979.43,6,1020,0.960225490196078,-40.57
"healthy",2023-10-27 08:00:00,979.465,6,1020.75,0.959554249326476,-41.2850000000001
"healthy",2023-10-27 09:00:00,979.1825,6,1020.5,0.959512493875551,-41.3175
"healthy",2023-10-27 10:00:00,978.8,6,1020,0.959607843137255,-41.2
"healthy",2023-10-27 11:00:00,978.15,6,1020,0.958970588235294,-41.85
"healthy",2023-10-27 12:00:00,977.5625,6,1019,0.959335132482826,-41.4375
"healthy",2023-10-27 13:00:00,976.7325,6,1018.25,0.959226614289222,-41.5174999999999
"healthy",2023-10-27 14:00:00,976.21,6,1017.5,0.959420147420147,-41.29
"healthy",2023-10-27 15:00:00,976.05,6,1017,0.959734513274336,-40.95
"healthy",2023-10-27 16:00:00,976,6,1017,0.95968534906588,-41
"healthy",2023-10-27 17:00:00,975.735,6,1017,0.959424778761062,-41.265
"healthy",2023-10-27 18:00:00,976.015,6,1017,0.959700098328417,-40.985
"healthy",2023-10-27 19:00:00,975.655,6,1017,0.959346116027532,-41.345
"healthy",2023-10-27 20:00:00,975.525,6,1016.5,0.9596901131333,-40.975
"healthy",2023-10-27 21:00:00,975.65,6,1016.75,0.959577083845586,-41.1
"healthy",2023-10-27 22:00:00,975.4775,6,1017,0.959171583087512,-41.5225
"healthy",2023-10-27 23:00:00,975.04,6,1016,0.959685039370079,-40.96
"healthy",2023-10-28,974.725,6,1016,0.959375,-41.275
"healthy",2023-10-28 01:00:00,974.27,4,1016,0.958927165354331,-41.73
"healthy",2023-10-28 02:00:00,974,4,1015,0.959605911330049,-41
"healthy",2023-10-28 03:00:00,973.785,4,1015,0.959394088669951,-41.2149999999999
"healthy",2023-10-28 04:00:00,973.565,4,1015,0.959177339901478,-41.4349999999999
"healthy",2023-10-28 05:00:00,973.685,4,1015,0.959295566502463,-41.3150000000001
"healthy",2023-10-28 06:00:00,974.1975,6,1015,0.959800492610837,-40.8025
"healthy",2023-10-28 07:00:00,974.405,6,1015.25,0.959768529918739,-40.845
"healthy",2023-10-28 08:00:00,974.655,6,1015.75,0.959542210189515,-41.095
"healthy",2023-10-28 09:00:00,974.545,6,1016,0.959197834645669,-41.4549999999999
"healthy",2023-10-28 10:00:00,974.445,6,1016,0.959099409448819,-41.5550000000001
"healthy",2023-10-28 11:00:00,974.18,6,1015.25,0.95954690962817,-41.07
"healthy",2023-10-28 12:00:00,973.5975,6,1015,0.959209359605911,-41.4024999999999
"healthy",2023-10-28 13:00:00,973.5025,6,1014.5,0.959588467225234,-40.9974999999999
"healthy",2023-10-28 14:00:00,973.645,5,1014.25,0.959965491742667,-40.605
"healthy",2023-10-28 15:00:00,973.97,6,1014.5,0.960049285362247,-40.53
"healthy",2023-10-28 16:00:00,974.2425,6,1015,0.959844827586207,-40.7574999999999
"healthy",2023-10-28 17:00:00,975.145,6,1015.25,0.960497414429943,-40.105
"healthy",2023-10-28 18:00:00,975.7425,6,1016.25,0.960140221402214,-40.5074999999999
"healthy",2023-10-28 19:00:00,976.67,6,1017,0.960344149459194,-40.33
"healthy",2023-10-28 20:00:00,977.3325,6,1018,0.960051571709234,-40.6675
"healthy",2023-10-28 21:00:00,977.8725,6,1018.75,0.959874846625767,-40.8775000000001
"healthy",2023-10-28 22:00:00,978.3875,6,1019,0.960144749754661,-40.6125
"healthy",2023-10-28 23:00:00,978.765,6,1019.5,0.960044139283963,-40.735
"healthy",2023-10-29,978.78,6,1020,0.959588235294118,-41.22
"healthy",2023-10-29 01:00:00,978.7825,6,1020,0.95959068627451,-41.2175
"healthy",2023-10-29 02:00:00,978.635,6,1020,0.959446078431373,-41.365
"healthy",2023-10-29 03:00:00,979.015,6,1020,0.95981862745098,-40.985
"healthy",2023-10-29 04:00:00,979.69,5,1020.75,0.959774675483713,-41.0599999999999
"healthy",2023-10-29 05:00:00,979.9375,6,1021,0.95978207639569,-41.0625
"healthy",2023-10-29 06:00:00,980.11,5,1021,0.959951028403526,-40.89
"healthy",2023-10-29 07:00:00,980.28,5,1021.25,0.959882496940024,-40.97
"healthy",2023-10-29 08:00:00,980.59,5,1021.75,0.9597161732322,-41.16
"healthy",2023-10-29 09:00:00,981.665,5,1022.25,0.960298361457569,-40.585
"healthy",2023-10-29 10:00:00,982.34,5,1023.5,0.959785051294577,-41.16
"healthy",2023-10-29 11:00:00,982.1,4,1023,0.960019550342131,-40.9
"healthy",2023-10-29 12:00:00,980.565,4,1022.5,0.958987775061125,-41.9349999999999
"healthy",2023-10-29 13:00:00,980.275,3,1022,0.959173189823875,-41.725
"healthy",2023-10-29 14:00:00,979.485,3,1021,0.9593388834476,-41.515
"healthy",2023-10-29 15:00:00,979.21,3,1020.25,0.959774565057584,-41.04
"healthy",2023-10-29 16:00:00,980.04,3,1020,0.960823529411765,-39.96
"healthy",2023-10-29 17:00:00,979.88,3,1020,0.960666666666667,-40.12
"healthy",2023-10-29 18:00:00,980.16,3,1020,0.960941176470588,-39.84
"healthy",2023-10-29 19:00:00,980.635,3,1020,0.961406862745098,-39.365
"healthy",2023-10-29 20:00:00,980.45,3,1019.75,0.961461142436872,-39.3
"healthy",2023-10-29 21:00:00,980.315,3,1019.5,0.961564492398234,-39.1849999999999
"healthy",2023-10-29 22:00:00,980.535,3,1019,0.962252208047105,-38.465
"healthy",2023-10-29 23:00:00,981.03,3,1018.5,0.96321060382916,-37.47
"healthy",2023-10-30,980.245,3,1018,0.96291257367387,-37.755
"healthy",2023-10-30 01:00:00,979.52,3,1017,0.9631465093412,-37.48
"healthy",2023-10-30 02:00:00,978.46,3,1016.75,0.962340791738382,-38.29
"healthy",2023-10-30 03:00:00,977.145,3,1015.5,0.962230428360414,-38.355
"healthy",2023-10-30 04:00:00,975.65,3,1014,0.962179487179487,-38.35
"healthy",2023-10-30 05:00:00,971.46,3,1012.75,0.959229819797581,-41.29
"healthy",2023-10-30 06:00:00,971.7125,2,1011.75,0.960427477143563,-40.0375
"healthy",2023-10-30 07:00:00,970.9125,2,1010.75,0.960586198367549,-39.8375000000001
"healthy",2023-10-30 08:00:00,970.64,2,1010,0.961029702970297,-39.36
"healthy",2023-10-30 09:00:00,969.5225,2,1009.5,0.960398712233779,-39.9775
"healthy",2023-10-30 10:00:00,968.7825,2,1008.75,0.960379182156134,-39.9675
"healthy",2023-10-30 11:00:00,968.54,2,1008,0.960853174603175,-39.46
"healthy",2023-10-30 12:00:00,967.37,2,1007.75,0.959930538327958,-40.38
"healthy",2023-10-30 13:00:00,967.0525,2,1006.5,0.960807252856433,-39.4475
"healthy",2023-10-30 14:00:00,966.95,2,1006,0.961182902584493,-39.05
"healthy",2023-10-30 15:00:00,965.115,1,1006,0.959358846918489,-40.885
"healthy",2023-10-30 16:00:00,997.645,2,1006,0.991694831013917,-8.35500000000002
"healthy",2023-10-30 17:00:00,980.5575,2,1007,0.97374131082423,-26.4425
"healthy",2023-10-30 18:00:00,973.1625,2,1008,0.965438988095238,-34.8375000000001
"healthy",2023-10-30 19:00:00,971.2425,2,1009,0.9625792864222,-37.7574999999999
"healthy",2023-10-30 20:00:00,969.79,3,1009.75,0.960425847982174,-39.96
"healthy",2023-10-30 21:00:00,970.72,3,1010.75,0.960395745733366,-40.03
"healthy",2023-10-30 22:00:00,971.34,3,1012,0.959822134387352,-40.66
"healthy",2023-10-30 23:00:00,972.19,3,1012.75,0.959950629474204,-40.5599999999999
"healthy",2023-10-31,972.83,3,1013.25,0.960108561559339,-40.42
"healthy",2023-10-31 01:00:00,973.425,3,1014,0.959985207100592,-40.575
"healthy",2023-10-31 02:00:00,973.93,3,1015,0.959536945812808,-41.07
"healthy",2023-10-31 03:00:00,974.985,3,1015.5,0.960103397341211,-40.515
"healthy",2023-10-31 04:00:00,975.17,3,1016,0.959812992125984,-40.83
"healthy",2023-10-31 05:00:00,975.535,4,1016.75,0.959463978362429,-41.2149999999999
"healthy",2023-10-31 06:00:00,977.015,4,1017.25,0.960447284345048,-40.235
"healthy",2023-10-31 07:00:00,977.5775,4,1018.25,0.96005646943285,-40.6725
"healthy",2023-10-31 08:00:00,974.64,3,1019,0.956467124631992,-44.36
"healthy",2023-10-31 09:00:00,978.765,3,1020,0.959573529411765,-41.235
"healthy",2023-10-31 10:00:00,978.45,3,1020,0.959264705882353,-41.55
"healthy",2023-10-31 11:00:00,976.7925,2,1020,0.957639705882353,-43.2075
"healthy",2023-10-31 12:00:00,977.9225,2,1019,0.959688420019627,-41.0775
"healthy",2023-10-31 13:00:00,977.26,3,1018.75,0.959273619631902,-41.49
"healthy",2023-10-31 14:00:00,976.695,4,1018,0.959425343811395,-41.3050000000001
"healthy",2023-10-31 15:00:00,976.34,4,1018,0.959076620825147,-41.6600000000001
"healthy",2023-10-31 16:00:00,976.2225,4,1018,0.958961198428291,-41.7775
"healthy",2023-10-31 17:00:00,976.115,4,1017.25,0.959562546080118,-41.135
"healthy",2023-10-31 18:00:00,976.335,4,1017.5,0.959542997542998,-41.165
"healthy",2023-10-31 19:00:00,976.1725,4,1018,0.958912082514735,-41.8275000000001
"healthy",2023-10-31 20:00:00,976.0075,4,1017.25,0.959456869009585,-41.2425000000001
"healthy",2023-10-31 21:00:00,975.3925,4,1017,0.959088003933137,-41.6075
"healthy",2023-10-31 22:00:00,974.95,4,1016.75,0.958888615687239,-41.8
"healthy",2023-10-31 23:00:00,974.75,4,1016,0.959399606299213,-41.25
"healthy",2023-11-01,974.72,4,1016,0.959370078740158,-41.28
"healthy",2023-11-01 01:00:00,973.855,4,1016,0.958518700787402,-42.145
"healthy",2023-11-01 02:00:00,973.485,4,1015,0.959098522167488,-41.5150000000001
"healthy",2023-11-01 03:00:00,972.99,4,1015,0.958610837438424,-42.01
"healthy",2023-11-01 04:00:00,972.71,3,1014.5,0.958807294233613,-41.79
"healthy",2023-11-01 05:00:00,973.1025,4,1014,0.959667159763314,-40.8975
"healthy",2023-11-01 06:00:00,972.665,3,1014.25,0.958999260537343,-41.585
"healthy",2023-11-01 07:00:00,972.8,3,1014.25,0.959132363815627,-41.45
"healthy",2023-11-01 08:00:00,973.38,3,1015,0.958995073891626,-41.62
"healthy",2023-11-01 09:00:00,973.69,3,1015,0.959300492610837,-41.3099999999999
"healthy",2023-11-01 10:00:00,973.85,3,1016,0.958513779527559,-42.15
"healthy",2023-11-01 11:00:00,973.85,3,1016,0.958513779527559,-42.15
"healthy",2023-11-01 12:00:00,973.87,3,1016,0.958533464566929,-42.13
"healthy",2023-11-01 13:00:00,974.36,3,1016,0.959015748031496,-41.64
"healthy",2023-11-01 14:00:00,975.3525,2,1016.25,0.959756457564576,-40.8975
"healthy",2023-11-01 15:00:00,975.8925,2,1017,0.959579646017699,-41.1075000000001
"healthy",2023-11-01 16:00:00,976.64,2,1017.25,0.960078643401327,-40.61
"healthy",2023-11-01 17:00:00,977.14,2,1018,0.959862475442043,-40.86
"healthy",2023-11-01 18:00:00,978.02,2,1018.5,0.96025527736868,-40.48
"healthy",2023-11-01 19:00:00,978.79,2,1019.25,0.960304145204807,-40.46
"healthy",2023-11-01 20:00:00,979.515,2,1020,0.960308823529412,-40.485
"healthy",2023-11-01 21:00:00,980.63,2,1021,0.960460333006856,-40.37
"healthy",2023-11-01 22:00:00,981.135,2,1022,0.960014677103718,-40.865
"healthy",2023-11-01 23:00:00,981.865,2,1022.75,0.960024443901247,-40.885
"healthy",2023-11-02,982.04,2,1023,0.959960899315738,-40.96
"healthy",2023-11-02 01:00:00,983.43,1,1024,0.960380859375,-40.57
"healthy",2023-11-02 02:00:00,983.4725,2,1024.25,0.960187942396876,-40.7774999999999
"healthy",2023-11-02 03:00:00,983.75,2,1025,0.959756097560976,-41.25
"healthy",2023-11-02 04:00:00,985.19,1,1025.25,0.960926603267496,-40.0599999999999
"healthy",2023-11-02 05:00:00,985.29,1,1026,0.960321637426901,-40.71
"healthy",2023-11-02 06:00:00,985.15,1,1027,0.959250243427459,-41.85
"healthy",2023-11-02 07:00:00,985.94,1,1027,0.960019474196689,-41.0599999999999
"healthy",2023-11-02 08:00:00,987.095,1,1028.25,0.959975686846584,-41.155
"healthy",2023-11-02 09:00:00,987.58,1,1029.25,0.959514209375759,-41.67
"healthy",2023-11-02 10:00:00,987.93,1,1030,0.959155339805825,-42.07
"healthy",2023-11-02 11:00:00,987.53,1,1030,0.958766990291262,-42.47
"healthy",2023-11-02 12:00:00,987.2,1,1029,0.959378036929057,-41.8
"healthy",2023-11-02 13:00:00,987.18,1,1029,0.95935860058309,-41.82
"healthy",2023-11-02 14:00:00,987.08,1,1029,0.959261418853256,-41.92
"healthy",2023-11-02 15:00:00,987.18,1,1029,0.95935860058309,-41.82
"healthy",2023-11-02 16:00:00,987.4,1,1029,0.959572400388727,-41.6
"healthy",2023-11-02 17:00:00,987.445,1,1029,0.959616132167153,-41.555
"healthy",2023-11-02 18:00:00,987.925,1,1029.25,0.959849404906485,-41.325
"healthy",2023-11-02 19:00:00,988.24,1,1030,0.959456310679612,-41.76
"healthy",2023-11-02 20:00:00,988.44,1,1030,0.959650485436893,-41.5599999999999
"healthy",2023-11-02 21:00:00,988.69,1,1030,0.959893203883495,-41.3099999999999
"healthy",2023-11-02 22:00:00,988.655,1,1030,0.959859223300971,-41.345
"healthy",2023-11-02 23:00:00,988.76,1,1030.25,0.959728221305508,-41.49
"healthy",2023-11-03,988.765,1,1030.5,0.959500242600679,-41.7349999999999
"unhealthy",2023-10-02 11:00:00,1024.01,1,1024,1.000009765625,0.0099999999999909
"unhealthy",2023-10-03 17:00:00,979.55,6,1021,0.959402546523017,-41.45
"unhealthy",2023-10-03 18:00:00,979.815,8,1021,0.959662095984329,-41.1849999999999
"unhealthy",2023-10-03 19:00:00,980.16,8,1021,0.96,-40.84
"unhealthy",2023-10-03 20:00:00,980.41,7,1021.5,0.959774840920215,-41.09
"unhealthy",2023-10-03 21:00:00,980.32,8,1021.75,0.959451920724248,-41.43
"unhealthy",2023-10-03 22:00:00,980.48,8,1022,0.959373776908024,-41.52
"unhealthy",2023-10-03 23:00:00,980.495,7,1022,0.959388454011742,-41.505
"unhealthy",2023-10-04,980.36,8,1022,0.959256360078278,-41.64
"unhealthy",2023-10-04 01:00:00,980.42,7,1022,0.959315068493151,-41.58
"unhealthy",2023-10-04 02:00:00,980.35,8,1022,0.959246575342466,-41.65
"unhealthy",2023-10-04 03:00:00,980.785,8,1022,0.959672211350293,-41.215
"unhealthy",2023-10-04 04:00:00,981.21,8,1022,0.960088062622309,-40.79
"unhealthy",2023-10-04 05:00:00,981.745,8,1022.75,0.959907113175263,-41.005
"unhealthy",2023-10-04 06:00:00,982.1925,8,1023,0.960109970674487,-40.8075
"unhealthy",2023-10-04 07:00:00,982.6775,8,1023.75,0.959880341880342,-41.0725
"unhealthy",2023-10-04 08:00:00,983.39,8,1024.25,0.960107395655358,-40.86
"unhealthy",2023-10-04 09:00:00,983.885,8,1025,0.959887804878049,-41.115
"unhealthy",2023-10-04 10:00:00,983.95,8,1025,0.959951219512195,-41.05
"unhealthy",2023-10-04 11:00:00,983.85,8,1025,0.959853658536585,-41.15
"unhealthy",2023-10-04 12:00:00,983.4325,8,1025,0.959446341463415,-41.5675
"unhealthy",2023-10-04 13:00:00,982.855,8,1024.25,0.959585062240664,-41.395
"unhealthy",2023-10-04 14:00:00,982.79,8,1024,0.959755859375,-41.21
"unhealthy",2023-10-04 15:00:00,982.64,8,1024,0.959609375,-41.36
"unhealthy",2023-10-04 16:00:00,982.655,8,1024,0.9596240234375,-41.345
"unhealthy",2023-10-04 17:00:00,982.645,8,1024,0.9596142578125,-41.355
"unhealthy",2023-10-04 18:00:00,982.89,8,1024,0.959853515625,-41.11
"unhealthy",2023-10-04 19:00:00,983.2,8,1024,0.96015625,-40.8
"unhealthy",2023-10-04 20:00:00,983.3725,8,1024,0.96032470703125,-40.6275000000001
"unhealthy",2023-10-04 21:00:00,983.6025,8,1024.75,0.95984630397658,-41.1475
"unhealthy",2023-10-04 22:00:00,983.5025,8,1025,0.959514634146342,-41.4974999999999
"unhealthy",2023-10-04 23:00:00,983.435,7,1025,0.959448780487805,-41.5650000000001
"unhealthy",2023-10-05,983.575,7,1025,0.959585365853659,-41.425
"unhealthy",2023-10-05 01:00:00,983.9,7,1025,0.95990243902439,-41.1
"unhealthy",2023-10-05 02:00:00,983.88,7,1025,0.959882926829268,-41.12
"unhealthy",2023-10-05 03:00:00,983.685,7,1025,0.959692682926829,-41.3150000000001
"unhealthy",2023-10-05 04:00:00,983.77,7,1025,0.959775609756098,-41.23
"unhealthy",2023-10-05 05:00:00,983.455,7,1025,0.959468292682927,-41.545
"unhealthy",2023-10-05 06:00:00,984.15,7,1025,0.960146341463415,-40.85
"unhealthy",2023-10-05 07:00:00,984.86,7,1025.75,0.960136485498416,-40.89
"unhealthy",2023-10-05 08:00:00,985.125,7,1026,0.96016081871345,-40.875
"unhealthy",2023-10-05 09:00:00,984.935,7,1027,0.959040895813048,-42.0650000000001
"unhealthy",2023-10-05 10:00:00,984.74,7,1026,0.959785575048733,-41.26
"unhealthy",2023-10-05 11:00:00,984.42,7,1026,0.959473684210526,-41.58
"unhealthy",2023-10-05 12:00:00,983.77,7,1025.75,0.959073848403607,-41.98
"unhealthy",2023-10-05 13:00:00,982.79,7,1024.75,0.959053427665284,-41.96
"unhealthy",2023-10-05 14:00:00,982.1075,6,1024,0.95908935546875,-41.8924999999999
"unhealthy",2023-10-05 15:00:00,981.775,7,1023,0.959701857282502,-41.225
"unhealthy",2023-10-05 16:00:00,981.5,7,1023,0.959433040078201,-41.5
"unhealthy",2023-10-05 17:00:00,981.53,7,1023,0.959462365591398,-41.47
"unhealthy",2023-10-05 18:00:00,981.39,7,1023,0.959325513196481,-41.61
"unhealthy",2023-10-05 19:00:00,981.8,7,1023,0.959726295210166,-41.2
"unhealthy",2023-10-05 20:00:00,981.955,7,1023,0.959877810361681,-41.045
"unhealthy",2023-10-05 21:00:00,981.75,7,1023,0.959677419354839,-41.25
"unhealthy",2023-10-05 22:00:00,981.61,7,1023,0.959540566959922,-41.39
"unhealthy",2023-10-05 23:00:00,981.39,7,1023,0.959325513196481,-41.61
"unhealthy",2023-10-06,981.335,7,1023,0.959271749755621,-41.665
"unhealthy",2023-10-06 01:00:00,980.57,7,1022.5,0.958992665036675,-41.93
"unhealthy",2023-10-06 02:00:00,980.13,7,1022,0.959031311154599,-41.87
"unhealthy",2023-10-06 03:00:00,979.925,7,1021.25,0.95953488372093,-41.325
"unhealthy",2023-10-06 04:00:00,979.62,7,1021,0.95947110675808,-41.38
"unhealthy",2023-10-06 05:00:00,979.44,7,1021,0.959294809010774,-41.5599999999999
"unhealthy",2023-10-06 06:00:00,979.38,7,1021,0.959236043095005,-41.62
"unhealthy",2023-10-06 07:00:00,979.585,7,1021,0.959436826640549,-41.415
"unhealthy",2023-10-06 08:00:00,979.68,7,1021,0.959529872673849,-41.32
"unhealthy",2023-10-06 09:00:00,979.08,7,1021,0.958942213516161,-41.92
"unhealthy",2023-10-06 10:00:00,978.91,7,1020,0.95971568627451,-41.09
"unhealthy",2023-10-06 11:00:00,978.36,7,1020,0.959176470588235,-41.64
"unhealthy",2023-10-06 12:00:00,978,7,1020,0.958823529411765,-42
"unhealthy",2023-10-06 13:00:00,977.54,7,1019,0.959313052011776,-41.46
"unhealthy",2023-10-06 14:00:00,977.19,8,1019,0.958969578017664,-41.8099999999999
"unhealthy",2023-10-06 15:00:00,977.025,8,1018.25,0.959513871838939,-41.225
"unhealthy",2023-10-06 16:00:00,976.72,8,1018,0.959449901768173,-41.28
"unhealthy",2023-10-06 17:00:00,976.4175,8,1018,0.959152750491159,-41.5825
"unhealthy",2023-10-06 18:00:00,976.44,8,1018,0.959174852652259,-41.5599999999999
"unhealthy",2023-10-06 19:00:00,976.41,7,1018,0.959145383104126,-41.59
"unhealthy",2023-10-06 20:00:00,975.78,7,1017.75,0.958761974944731,-41.97
"unhealthy",2023-10-06 21:00:00,975.645,7,1017,0.959336283185841,-41.355
"unhealthy",2023-10-06 22:00:00,975.385,7,1017,0.959080629301868,-41.615
"unhealthy",2023-10-06 23:00:00,974.835,7,1016.5,0.959011313330054,-41.665
"unhealthy",2023-10-07,973.57,7,1015.5,0.958709995076317,-41.93
"unhealthy",2023-10-07 01:00:00,972.925,7,1015,0.958546798029557,-42.075
"unhealthy",2023-10-07 02:00:00,972.225,7,1014,0.958801775147929,-41.775
"unhealthy",2023-10-07 03:00:00,971.66,7,1013.25,0.958953861337281,-41.59
"unhealthy",2023-10-07 04:00:00,970.95,7,1013,0.958489634748273,-42.05
"unhealthy",2023-10-07 05:00:00,970.555,7,1012,0.959046442687747,-41.445
"unhealthy",2023-10-07 06:00:00,969.99,7,1012,0.95848814229249,-42.01
"unhealthy",2023-10-07 07:00:00,969.615,7,1011,0.95906528189911,-41.385
"unhealthy",2023-10-07 08:00:00,969.25,7,1011,0.958704253214639,-41.75
"unhealthy",2023-10-07 09:00:00,968.18,7,1010.25,0.958356842365751,-42.07
"unhealthy",2023-10-07 10:00:00,967.78,7,1009.75,0.958435256251547,-41.97
"unhealthy",2023-10-07 11:00:00,966.65,7,1008.5,0.958502726822013,-41.85
"unhealthy",2023-10-07 12:00:00,965.515,7,1007.75,0.958089804018854,-42.235
"unhealthy",2023-10-09 04:00:00,965.135,1,1006,0.959378727634195,-40.865
"unhealthy",2023-10-09 05:00:00,965.29,1,1006.5,0.959056135121709,-41.21
"unhealthy",2023-10-09 06:00:00,965.16,4,1007,0.95845084409136,-41.84
"unhealthy",2023-10-09 07:00:00,965.765,6,1007,0.959051638530288,-41.235
"unhealthy",2023-10-09 08:00:00,966.2225,6,1008,0.958554067460317,-41.7775
"unhealthy",2023-10-09 09:00:00,966.5075,6,1008,0.958836805555556,-41.4925000000001
"unhealthy",2023-10-09 10:00:00,966.63,7,1008,0.958958333333333,-41.37
"unhealthy",2023-10-09 11:00:00,966.265,7,1008,0.95859623015873,-41.735
"unhealthy",2023-10-09 12:00:00,965.625,7,1008,0.95796130952381,-42.375
"unhealthy",2023-10-09 13:00:00,965.07,5,1007,0.958361469712016,-41.93
"unhealthy",2023-10-09 14:00:00,965.075,5,1007,0.958366434955313,-41.925
"unhealthy",2023-10-09 15:00:00,965.105,6,1007,0.958396226415094,-41.895
"unhealthy",2023-10-09 16:00:00,965.3175,6,1007,0.958607249255214,-41.6824999999999
"unhealthy",2023-10-09 17:00:00,965.82,7,1007,0.959106256206554,-41.18
"unhealthy",2023-10-09 18:00:00,966.2,7,1007.5,0.959007444168735,-41.3
"unhealthy",2023-10-09 19:00:00,966.72,7,1008,0.959047619047619,-41.28
"unhealthy",2023-10-09 20:00:00,967.5,7,1008.5,0.959345562716906,-41
"unhealthy",2023-10-09 21:00:00,968.09,7,1009.25,0.959217240525142,-41.16
"unhealthy",2023-10-09 22:00:00,968.06,7,1010,0.958475247524752,-41.9400000000001
"unhealthy",2023-10-09 23:00:00,967.97,7,1010,0.958386138613861,-42.03
"unhealthy",2023-10-10,967.955,7,1010,0.958371287128713,-42.045
"unhealthy",2023-10-10 01:00:00,967.995,7,1010,0.958410891089109,-42.005
"unhealthy",2023-10-10 02:00:00,968.075,6,1010,0.958490099009901,-41.925
"unhealthy",2023-10-10 03:00:00,968.03,7,1010,0.958445544554455,-41.97
"unhealthy",2023-10-10 04:00:00,968.22,7,1010,0.958633663366337,-41.78
"unhealthy",2023-10-10 05:00:00,968.47,7,1010,0.958881188118812,-41.53
"unhealthy",2023-10-10 06:00:00,968.615,6,1010,0.959024752475248,-41.385
"unhealthy",2023-10-10 07:00:00,968.6,7,1010,0.959009900990099,-41.4
"unhealthy",2023-10-10 08:00:00,968.92,7,1010.25,0.959089334323187,-41.33
"unhealthy",2023-10-10 09:00:00,969.06,7,1011,0.958516320474777,-41.9400000000001
"unhealthy",2023-10-10 10:00:00,968.905,7,1011,0.958363006923838,-42.095
"unhealthy",2023-10-10 11:00:00,968.79,7,1010.75,0.958486272569874,-41.96
"unhealthy",2023-10-10 12:00:00,968.06,7,1010.25,0.958238059886167,-42.1900000000001
"unhealthy",2023-10-10 13:00:00,967.59,7,1009.5,0.958484398216939,-41.91
"unhealthy",2023-10-10 14:00:00,967.46,7,1009,0.958830525272547,-41.54
"unhealthy",2023-10-10 15:00:00,967.61,7,1009,0.958979187314172,-41.39
"unhealthy",2023-10-10 16:00:00,967.8,7,1009,0.959167492566898,-41.2
"unhealthy",2023-10-10 17:00:00,968.23,7,1009.5,0.959118375433383,-41.27
"unhealthy",2023-10-10 18:00:00,968.57,7,1010,0.958980198019802,-41.43
"unhealthy",2023-10-10 19:00:00,968.96,7,1010,0.959366336633663,-41.04
"unhealthy",2023-10-10 20:00:00,969.26,7,1010.75,0.958951273806579,-41.49
"unhealthy",2023-10-10 21:00:00,969.52,7,1011,0.958971315529179,-41.48
"unhealthy",2023-10-10 22:00:00,969.66,7,1011,0.959109792284866,-41.34
"unhealthy",2023-10-10 23:00:00,969.6,7,1011,0.959050445103858,-41.4
"unhealthy",2023-10-11,969.68,7,1011,0.959129574678536,-41.32
"unhealthy",2023-10-11 01:00:00,969.67,7,1011,0.959119683481701,-41.33
"unhealthy",2023-10-11 02:00:00,969.2,7,1011,0.958654797230465,-41.8
"unhealthy",2023-10-11 03:00:00,969.05,7,1011,0.958506429277943,-41.95
"unhealthy",2023-10-11 04:00:00,969.22,7,1011,0.958674579624134,-41.78
"unhealthy",2023-10-11 05:00:00,969.53,7,1011,0.958981206726014,-41.47
"unhealthy",2023-10-11 06:00:00,970.03,7,1011.25,0.959238566131026,-41.22
"unhealthy",2023-10-11 07:00:00,970.43,7,1012,0.958922924901186,-41.57
"unhealthy",2023-10-11 08:00:00,970.84,7,1012.25,0.959091133613238,-41.41
"unhealthy",2023-10-11 09:00:00,971.1,7,1013,0.958637709772952,-41.9
"unhealthy",2023-10-11 10:00:00,970.78,7,1012.75,0.958558380646754,-41.97
"unhealthy",2023-10-11 11:00:00,970.68,7,1012.75,0.958459639595162,-42.07
"unhealthy",2023-10-11 12:00:00,970.11,7,1012,0.958606719367589,-41.89
"unhealthy",2023-10-11 13:00:00,969.6,7,1011.5,0.958576371725161,-41.9
"unhealthy",2023-10-11 14:00:00,969.435,7,1011,0.958887240356083,-41.5650000000001
"unhealthy",2023-10-11 15:00:00,969.145,7,1011,0.958600395647873,-41.855
"unhealthy",2023-10-11 16:00:00,969.345,7,1011,0.95879821958457,-41.655
"unhealthy",2023-10-11 17:00:00,969.835,7,1011,0.959282888229476,-41.165
"unhealthy",2023-10-11 18:00:00,970.17,7,1011.75,0.958902891030393,-41.58
"unhealthy",2023-10-11 19:00:00,970.74,7,1012,0.959229249011858,-41.26
"unhealthy",2023-10-11 20:00:00,970.82,7,1012,0.959308300395257,-41.18
"unhealthy",2023-10-11 21:00:00,971.34,7,1012.25,0.959585082736478,-40.91
"unhealthy",2023-10-11 22:00:00,971.44,7,1013,0.958973346495558,-41.5599999999999
"unhealthy",2023-10-11 23:00:00,971.32,7,1013,0.958854886475815,-41.68
"unhealthy",2023-10-12,971.33,7,1013,0.958864758144126,-41.67
"unhealthy",2023-10-12 01:00:00,971.67,7,1013,0.959200394866732,-41.33
"unhealthy",2023-10-12 02:00:00,971.21,7,1013,0.958746298124383,-41.79
"unhealthy",2023-10-12 03:00:00,971.2925,6,1013,0.958827739387957,-41.7075
"unhealthy",2023-10-12 04:00:00,971.4,7,1013,0.95893385982231,-41.6
"unhealthy",2023-10-12 05:00:00,971.615,7,1013,0.959146100691017,-41.385
"unhealthy",2023-10-12 06:00:00,971.44,7,1013,0.958973346495558,-41.5599999999999
"unhealthy",2023-10-12 07:00:00,971.87,7,1013,0.959397828232971,-41.13
"unhealthy",2023-10-12 08:00:00,971.84,7,1014,0.958422090729783,-42.16
"unhealthy",2023-10-12 09:00:00,972.025,7,1014,0.958604536489152,-41.975
"unhealthy",2023-10-12 10:00:00,971.64,7,1013.75,0.958461159062885,-42.11
"unhealthy",2023-10-12 11:00:00,971.455,7,1013,0.958988153998026,-41.545
"unhealthy",2023-10-12 12:00:00,970.64,7,1013,0.958183613030602,-42.36
"unhealthy",2023-10-12 13:00:00,970.32,7,1012,0.958814229249012,-41.68
"unhealthy",2023-10-12 14:00:00,970.255,7,1012,0.95875,-41.745
"unhealthy",2023-10-12 15:00:00,970.145,7,1012,0.958641304347826,-41.855
"unhealthy",2023-10-12 16:00:00,969.945,7,1012,0.958443675889328,-42.055
"unhealthy",2023-10-12 17:00:00,970.1,7,1011.5,0.959070687098369,-41.4
"unhealthy",2023-10-12 18:00:00,970.45,7,1012,0.958942687747036,-41.55
"unhealthy",2023-10-12 19:00:00,970.79,7,1012,0.959278656126482,-41.21
"unhealthy",2023-10-12 20:00:00,970.89,7,1012.25,0.959140528525562,-41.36
"unhealthy",2023-10-12 21:00:00,970.91,7,1012.75,0.958686744013824,-41.84
"unhealthy",2023-10-12 22:00:00,970.825,7,1012.75,0.95860281411997,-41.925
"unhealthy",2023-10-12 23:00:00,970.86,7,1012,0.959347826086957,-41.14
"unhealthy",2023-10-13,970.85,7,1012.75,0.958627499382868,-41.9
"unhealthy",2023-10-13 01:00:00,971.35,7,1013,0.95888450148075,-41.65
"unhealthy",2023-10-13 02:00:00,971.11,7,1013,0.958647581441264,-41.89
"unhealthy",2023-10-13 03:00:00,971.155,6,1013,0.958692003948667,-41.845
"unhealthy",2023-10-13 04:00:00,971.41,7,1013,0.958943731490622,-41.59
"unhealthy",2023-10-13 05:00:00,971.8,7,1013,0.959328726554788,-41.2
"unhealthy",2023-10-13 06:00:00,972,7,1014,0.958579881656805,-42
"unhealthy",2023-10-13 07:00:00,972.34,7,1014,0.958915187376726,-41.66
"unhealthy",2023-10-13 08:00:00,972.31,7,1014,0.958885601577909,-41.6900000000001
"unhealthy",2023-10-13 09:00:00,972.785,7,1014.5,0.958881222276984,-41.715
"unhealthy",2023-10-13 10:00:00,972.535,7,1015,0.958162561576355,-42.465
"unhealthy",2023-10-13 11:00:00,972.415,6,1014,0.958989151873767,-41.585
"unhealthy",2023-10-13 12:00:00,971.985,6,1014,0.958565088757396,-42.015
"unhealthy",2023-10-13 13:00:00,971.9075,6,1014,0.95848865877712,-42.0925
"unhealthy",2023-10-13 14:00:00,972.33,6,1014,0.958905325443787,-41.6700000000001
"unhealthy",2023-10-13 15:00:00,972.255,6,1014,0.958831360946746,-41.745
"unhealthy",2023-10-13 16:00:00,972.2,6,1014,0.958777120315582,-41.8
"unhealthy",2023-10-13 17:00:00,972.245,6,1014,0.958821499013807,-41.755
"unhealthy",2023-10-13 18:00:00,972.4625,6,1014,0.959035996055227,-41.5375
"unhealthy",2023-10-13 19:00:00,972.415,6,1014,0.958989151873767,-41.585
"unhealthy",2023-10-13 20:00:00,972.625,6,1014,0.959196252465483,-41.375
"unhealthy",2023-10-13 21:00:00,972.455,6,1014,0.959028599605523,-41.545
"unhealthy",2023-10-13 22:00:00,972.335,6,1014,0.958910256410256,-41.665
"unhealthy",2023-10-13 23:00:00,972.345,6,1014,0.958920118343195,-41.655
"unhealthy",2023-10-14,972.2325,6,1014,0.958809171597633,-41.7674999999999
"unhealthy",2023-10-14 01:00:00,971.8,6,1014,0.958382642998028,-42.2
"unhealthy",2023-10-14 02:00:00,971.42,6,1013.5,0.958480513073508,-42.0799999999999
"unhealthy",2023-10-14 03:00:00,970.57,6,1013,0.958114511352419,-42.4300000000001
"unhealthy",2023-10-14 04:00:00,970.8125,6,1012,0.959300889328063,-41.1875
"unhealthy",2023-10-14 05:00:00,970.565,6,1012.5,0.958582716049383,-41.9349999999999
"unhealthy",2023-10-14 06:00:00,970.305,6,1012,0.958799407114625,-41.6949999999999
"unhealthy",2023-10-14 07:00:00,970.39,6,1012,0.958883399209486,-41.61
"unhealthy",2023-10-14 08:00:00,970.075,6,1012,0.958572134387352,-41.925
"unhealthy",2023-10-14 09:00:00,969.5575,6,1012,0.958060770750988,-42.4425
"unhealthy",2023-10-14 10:00:00,968.715,6,1011,0.958175074183976,-42.285
"unhealthy",2023-10-14 11:00:00,968.0875,6,1010.25,0.958265280871072,-42.1624999999999
"unhealthy",2023-10-14 12:00:00,967.185,6,1009.5,0.958083209509658,-42.3150000000001
"unhealthy",2023-10-14 13:00:00,966.295,6,1008.5,0.95815071888944,-42.205
"unhealthy",2023-10-14 14:00:00,965.645,6,1008,0.957981150793651,-42.355
"unhealthy",2023-10-14 15:00:00,965.38,5,1007,0.958669314796425,-41.62
"unhealthy",2023-10-14 16:00:00,965.4375,6,1007,0.95872641509434,-41.5625
"unhealthy",2023-10-14 17:00:00,965.3,2,1007,0.958589870903674,-41.7
"unhealthy",2023-10-16 20:00:00,965.255,1,1006,0.959498011928429,-40.745
"unhealthy",2023-10-16 21:00:00,965.7725,2,1007,0.959059086395233,-41.2275
"unhealthy",2023-10-16 22:00:00,966.0375,2,1007.25,0.959084139985108,-41.2125000000001
"unhealthy",2023-10-16 23:00:00,966.225,2,1007.25,0.959270290394639,-41.025
"unhealthy",2023-10-17,966.575,2,1008,0.95890376984127,-41.425
"unhealthy",2023-10-17 01:00:00,967.06,2,1008,0.95938492063492,-40.9400000000001
"unhealthy",2023-10-17 02:00:00,967.41,2,1008.75,0.959018587360595,-41.34
"unhealthy",2023-10-17 03:00:00,967.93,2,1009,0.959296333002973,-41.07
"unhealthy",2023-10-17 04:00:00,968.2375,2,1009.25,0.959363388654942,-41.0125
"unhealthy",2023-10-17 05:00:00,968.4975,2,1010,0.958908415841584,-41.5025000000001
"unhealthy",2023-10-17 06:00:00,969.155,2,1010,0.959559405940594,-40.845
"unhealthy",2023-10-17 07:00:00,969.915,2,1011,0.959362017804154,-41.085
"unhealthy",2023-10-17 08:00:00,970.925,2,1011.75,0.959649122807018,-40.825
"unhealthy",2023-10-17 09:00:00,971.6375,2,1012.75,0.959405085164157,-41.1125
"unhealthy",2023-10-17 10:00:00,972.015,2,1013,0.959540967423495,-40.985
"unhealthy",2023-10-17 11:00:00,971.995,2,1013,0.959521224086871,-41.0050000000001
"unhealthy",2023-10-17 12:00:00,971.8975,2,1013.25,0.959188255613126,-41.3525
"unhealthy",2023-10-17 13:00:00,972.1175,2,1013,0.959642152023692,-40.8824999999999
"unhealthy",2023-10-17 14:00:00,972.36,2,1013.25,0.959644707623982,-40.8900000000001
"unhealthy",2023-10-17 15:00:00,972.675,2,1014,0.959245562130177,-41.325
"unhealthy",2023-10-17 16:00:00,973.59,1,1014.25,0.959911264481144,-40.66
"unhealthy",2023-10-19 16:00:00,976.31,3,1018,0.959047151277014,-41.6900000000001
"unhealthy",2023-10-19 17:00:00,976.35,7,1018,0.959086444007859,-41.65
"unhealthy",2023-10-19 18:00:00,976.52,7,1018,0.959253438113949,-41.48
"unhealthy",2023-10-19 19:00:00,976.285,7,1018,0.959022593320236,-41.715
"unhealthy",2023-10-19 20:00:00,976.02,7,1018,0.958762278978389,-41.98
"unhealthy",2023-10-19 21:00:00,975.62,7,1017.5,0.958840294840295,-41.88
"unhealthy",2023-10-19 22:00:00,975.55,7,1017,0.959242871189774,-41.45
"unhealthy",2023-10-19 23:00:00,975.4,7,1017,0.959095378564405,-41.6
"unhealthy",2023-10-20,974.81,7,1017,0.958515240904621,-42.1900000000001
"unhealthy",2023-10-20 01:00:00,974.55,7,1016,0.959202755905512,-41.45
"unhealthy",2023-10-20 02:00:00,973.72,7,1015.75,0.958621708097465,-42.03
"unhealthy",2023-10-20 03:00:00,972.945,7,1015,0.958566502463054,-42.055
"unhealthy",2023-10-20 04:00:00,973.06,7,1014.75,0.958915989159892,-41.6900000000001
"unhealthy",2023-10-20 05:00:00,972.495,7,1014.75,0.958359201773836,-42.255
"unhealthy",2023-10-20 06:00:00,972,7,1014,0.958579881656805,-42
"unhealthy",2023-10-20 07:00:00,971.45,7,1013.25,0.958746607451271,-41.8
"unhealthy",2023-10-20 08:00:00,971.5275,6,1013,0.959059723593287,-41.4725000000001
"unhealthy",2023-10-20 09:00:00,971.1875,6,1013,0.958724086870681,-41.8125
"unhealthy",2023-10-20 10:00:00,970.385,6,1012.5,0.958404938271605,-42.115
"unhealthy",2023-10-20 11:00:00,969.13,6,1011.5,0.958111715274345,-42.37
"unhealthy",2023-10-20 12:00:00,968.3525,6,1010.5,0.958290450272142,-42.1475
"unhealthy",2023-10-20 13:00:00,967.3025,6,1009.5,0.95819960376424,-42.1975
"unhealthy",2023-10-20 14:00:00,966.6225,6,1008.5,0.958475458601884,-41.8775000000001
"unhealthy",2023-10-20 15:00:00,966.405,6,1008,0.958735119047619,-41.595
"unhealthy",2023-10-20 16:00:00,965.105,5,1007.5,0.957920595533499,-42.395
"unhealthy",2023-10-20 17:00:00,965.115,2,1006.25,0.95912049689441,-41.135
"unhealthy",2023-10-20 20:00:00,967.675,1,1004.5,0.963339970134395,-36.825
"unhealthy",2023-10-20 21:00:00,970.15,1,1003.5,0.966766317887394,-33.35
"unhealthy",2023-10-20 22:00:00,973.63,1,1002.25,0.971444250436518,-28.62
"unhealthy",2023-10-20 23:00:00,971.135,1,1000.75,0.970407194604047,-29.615
"unhealthy",2023-10-21,967.715,1,999.5,0.968199099549775,-31.785
"unhealthy",2023-10-21 02:00:00,968.91,1,998,0.970851703406814,-29.09
"unhealthy",2023-10-21 03:00:00,968.36,1,996.75,0.971517431652872,-28.39
"unhealthy",2023-10-21 05:00:00,1018.32,1,995.75,1.02266633191062,22.57
"unhealthy",2023-10-21 06:00:00,1001.445,1,995,1.00647738693467,6.44500000000005
"unhealthy",2023-10-21 07:00:00,988.39,1,994,0.994356136820925,-5.61000000000001
"unhealthy",2023-10-21 12:00:00,989.37,1,990,0.999363636363636,-0.630000000000109
"unhealthy",2023-10-21 13:00:00,994.29,1,989,1.0053488372093,5.28999999999996
"unhealthy",2023-10-21 14:00:00,989.1,1,989,1.00010111223458,0.100000000000023
"unhealthy",2023-10-21 15:00:00,985.755,1,988.75,0.996970922882427,-2.995
"unhealthy",2023-10-21 16:00:00,983.025,1,988,0.994964574898785,-4.97500000000002
"unhealthy",2023-10-21 17:00:00,980.835,1,988.75,0.991994943109987,-7.91499999999996
"unhealthy",2023-10-21 18:00:00,978.395,1,989,0.98927704752275,-10.605
"unhealthy",2023-10-21 19:00:00,976.17,1,990,0.986030303030303,-13.83
"unhealthy",2023-10-21 20:00:00,973.765,1,990.25,0.983352688714971,-16.485
"unhealthy",2023-10-21 21:00:00,971.465,1,991,0.980287588294652,-19.535
"unhealthy",2023-10-21 22:00:00,969.95,1,991.75,0.978018653894631,-21.8
"unhealthy",2023-10-21 23:00:00,967.83,1,992.25,0.975389266817838,-24.42
"unhealthy",2023-10-22,965.57,1,993,0.972376636455186,-27.43
"unhealthy",2023-10-22 07:00:00,1010.75,1,997.75,1.01302931596091,13
"unhealthy",2023-10-22 18:00:00,966.115,1,1004,0.96226593625498,-37.885
"unhealthy",2023-10-22 19:00:00,966.94,1,1005,0.962129353233831,-38.0599999999999
"unhealthy",2023-10-22 20:00:00,967.59,1,1006,0.961819085487078,-38.41
"unhealthy",2023-10-22 21:00:00,965.63,3,1006.75,0.959155699031537,-41.12
"unhealthy",2023-10-22 22:00:00,966.195,4,1007.5,0.959002481389578,-41.3050000000001
"unhealthy",2023-10-22 23:00:00,966.685,4,1008,0.959012896825397,-41.3150000000001
"unhealthy",2023-10-23,967.5375,4,1008.5,0.959382746653446,-40.9625000000001
"unhealthy",2023-10-23 01:00:00,968.6275,4,1009.5,0.959512134720159,-40.8724999999999
"unhealthy",2023-10-23 02:00:00,969.52,4,1010.5,0.959445818901534,-40.98
"unhealthy",2023-10-23 03:00:00,970.105,4,1011.5,0.959075630252101,-41.395
"unhealthy",2023-10-23 04:00:00,971.135,4,1012.25,0.95938256359595,-41.115
"unhealthy",2023-10-23 05:00:00,972.0725,4,1013.25,0.959360967184801,-41.1775
"unhealthy",2023-10-23 06:00:00,973.045,4,1014.25,0.959373921616958,-41.205
"unhealthy",2023-10-23 07:00:00,974.245,4,1015.25,0.959610933267668,-41.005
"unhealthy",2023-10-23 08:00:00,975.865,4,1016.75,0.959788541922793,-40.885
"unhealthy",2023-10-23 09:00:00,976.725,4,1018,0.959454813359529,-41.275
"unhealthy",2023-10-23 10:00:00,977.4,4,1019,0.959175662414131,-41.6
"unhealthy",2023-10-23 11:00:00,977.9725,4,1019,0.959737487733072,-41.0275
"unhealthy",2023-10-23 12:00:00,977.98,4,1020,0.958803921568627,-42.02
"unhealthy",2023-10-23 13:00:00,978.035,4,1019.75,0.95909291493013,-41.7149999999999
"unhealthy",2023-10-23 14:00:00,978.1725,4,1019.5,0.95946297204512,-41.3275
"unhealthy",2023-10-23 15:00:00,978.51,4,1020,0.959323529411765,-41.49
"unhealthy",2023-10-23 16:00:00,979.28,3,1020.5,0.959608035276825,-41.22
"unhealthy",2023-10-23 17:00:00,980.27,3,1021.25,0.95987270501836,-40.98
"unhealthy",2023-10-23 18:00:00,981.27,3,1022.5,0.959677261613692,-41.23
"unhealthy",2023-10-23 19:00:00,981.945,3,1023,0.959868035190616,-41.055
"unhealthy",2023-10-23 20:00:00,982.52,3,1024,0.9594921875,-41.48
"unhealthy",2023-10-23 21:00:00,982.96,3,1024.5,0.959453391898487,-41.54
"unhealthy",2023-10-23 22:00:00,982.69,3,1025,0.958721951219512,-42.3099999999999
"unhealthy",2023-10-23 23:00:00,983.18,3,1025,0.9592,-41.82
"unhealthy",2023-10-24,983.5,3,1025,0.959512195121951,-41.5
"unhealthy",2023-10-24 01:00:00,983.82,3,1025.5,0.959356411506582,-41.68
"unhealthy",2023-10-24 02:00:00,984.065,3,1026,0.959127680311891,-41.9349999999999
"unhealthy",2023-10-24 03:00:00,983.975,3,1026,0.959039961013645,-42.025
"unhealthy",2023-10-24 04:00:00,984.68,3,1026,0.959727095516569,-41.32
"unhealthy",2023-10-24 05:00:00,984.945,2,1027,0.959050632911392,-42.0550000000001
"unhealthy",2023-10-24 06:00:00,985.63,3,1027,0.959717624148004,-41.37
"unhealthy",2023-10-24 07:00:00,986.11,3,1027.75,0.959484310386767,-41.64
"unhealthy",2023-10-24 08:00:00,986.12,3,1028,0.959260700389105,-41.88
"unhealthy",2023-10-24 09:00:00,986.4,3,1028.25,0.959299781181619,-41.85
"unhealthy",2023-10-24 10:00:00,986.09,3,1028,0.959231517509728,-41.91
"unhealthy",2023-10-24 11:00:00,986.14,3,1028,0.959280155642023,-41.86
"unhealthy",2023-10-24 12:00:00,985.79,3,1028,0.958939688715953,-42.21
"unhealthy",2023-10-24 13:00:00,985.09,3,1027.5,0.958725060827251,-42.41
"unhealthy",2023-10-24 14:00:00,984.425,3,1026.75,0.958777696615534,-42.325
"unhealthy",2023-10-24 15:00:00,984.505,3,1026,0.959556530214425,-41.495
"unhealthy",2023-10-24 16:00:00,984.17,3,1026,0.959230019493177,-41.83
"unhealthy",2023-10-24 17:00:00,984,3,1026,0.95906432748538,-42
"unhealthy",2023-10-24 18:00:00,984.1,3,1026,0.95916179337232,-41.9
"unhealthy",2023-10-24 19:00:00,984.2,3,1026,0.959259259259259,-41.8
"unhealthy",2023-10-24 20:00:00,983.73,3,1026,0.958801169590643,-42.27
"unhealthy",2023-10-24 21:00:00,983.69,3,1025.25,0.959463545476713,-41.5599999999999
"unhealthy",2023-10-24 22:00:00,983.11,3,1025.25,0.95889782979761,-42.14
"unhealthy",2023-10-24 23:00:00,983.47,3,1025,0.959482926829268,-41.53
"unhealthy",2023-10-25,983.75,3,1025.25,0.959522067788344,-41.5
"unhealthy",2023-10-25 01:00:00,983.61,3,1026,0.958684210526316,-42.39
"unhealthy",2023-10-25 02:00:00,983.7,3,1025.25,0.959473299195318,-41.55
"unhealthy",2023-10-25 03:00:00,982.71,3,1025,0.958741463414634,-42.29
"unhealthy",2023-10-25 04:00:00,982.88,3,1025,0.958907317073171,-42.12
"unhealthy",2023-10-25 05:00:00,982.93,3,1025,0.958956097560976,-42.07
"unhealthy",2023-10-25 06:00:00,984.3,3,1025,0.960292682926829,-40.7
"unhealthy",2023-10-25 07:00:00,984.295,3,1025,0.960287804878049,-40.705
"unhealthy",2023-10-25 08:00:00,984.25,3,1025,0.960243902439024,-40.75
"unhealthy",2023-10-25 09:00:00,983.02,3,1025,0.959043902439024,-41.98
"unhealthy",2023-10-25 10:00:00,982.89,3,1025,0.958917073170732,-42.11
"unhealthy",2023-10-25 11:00:00,982.525,3,1024.25,0.959262875274591,-41.725
"unhealthy",2023-10-25 12:00:00,982.37,3,1024,0.959345703125,-41.63
"unhealthy",2023-10-25 13:00:00,981.94,3,1023.75,0.959159951159951,-41.8099999999999
"unhealthy",2023-10-25 14:00:00,981.635,3,1023,0.959565004887586,-41.365
"unhealthy",2023-10-25 15:00:00,981.32,3,1023,0.959257086999023,-41.68
"unhealthy",2023-10-25 16:00:00,981.51,3,1023,0.959442815249267,-41.49
"unhealthy",2023-10-25 17:00:00,981.695,3,1023,0.959623655913979,-41.305
"unhealthy",2023-10-25 18:00:00,981.84,3,1023.25,0.959530906425605,-41.41
"unhealthy",2023-10-25 19:00:00,981.965,3,1023,0.959887585532747,-41.035
"unhealthy",2023-10-25 20:00:00,981.71,3,1023.25,0.959403860249206,-41.54
"unhealthy",2023-10-25 21:00:00,981.63,3,1023,0.959560117302053,-41.37
"unhealthy",2023-10-25 22:00:00,981.8,3,1023,0.959726295210166,-41.2
"unhealthy",2023-10-25 23:00:00,981.69,3,1023,0.959618768328446,-41.3099999999999
"unhealthy",2023-10-26,981.68,3,1023,0.95960899315738,-41.32
"unhealthy",2023-10-26 01:00:00,981.35,3,1023,0.959286412512219,-41.65
"unhealthy",2023-10-26 02:00:00,981.175,3,1023,0.959115347018573,-41.825
"unhealthy",2023-10-26 03:00:00,980.84,3,1023,0.958787878787879,-42.16
"unhealthy",2023-10-26 04:00:00,981.125,3,1022.75,0.959300904424346,-41.625
"unhealthy",2023-10-26 05:00:00,981.255,3,1023,0.959193548387097,-41.745
"unhealthy",2023-10-26 06:00:00,981.3,3,1023,0.959237536656891,-41.7
"unhealthy",2023-10-26 07:00:00,981.99,3,1023,0.959912023460411,-41.01
"unhealthy",2023-10-26 08:00:00,982.885,3,1024,0.9598486328125,-41.115
"unhealthy",2023-10-26 09:00:00,982.94,3,1024.75,0.959199804830447,-41.8099999999999
"unhealthy",2023-10-26 10:00:00,982.35,3,1024.25,0.959092018550159,-41.9
"unhealthy",2023-10-26 11:00:00,981.725,2,1024,0.9587158203125,-42.2750000000001
"unhealthy",2023-10-26 12:00:00,981.13,3,1023.25,0.958837038846812,-42.12
"unhealthy",2023-10-26 13:00:00,980.39,3,1022.5,0.95881662591687,-42.11
"unhealthy",2023-10-26 14:00:00,980.635,3,1022,0.959525440313111,-41.365
"unhealthy",2023-10-26 15:00:00,980.46,3,1022,0.959354207436399,-41.54
"unhealthy",2023-10-26 16:00:00,980.45,3,1022,0.959344422700587,-41.55
"unhealthy",2023-10-26 17:00:00,980.7,3,1022,0.95958904109589,-41.3
"unhealthy",2023-10-26 18:00:00,981.02,3,1022,0.959902152641879,-40.98
"unhealthy",2023-10-26 19:00:00,980.77,3,1022.25,0.959422841770604,-41.48
"unhealthy",2023-10-26 20:00:00,980.53,3,1022,0.959422700587084,-41.47
"unhealthy",2023-10-26 21:00:00,980.54,3,1022,0.959432485322896,-41.46
"unhealthy",2023-10-26 22:00:00,980.45,3,1022,0.959344422700587,-41.55
"unhealthy",2023-10-26 23:00:00,980.21,3,1022,0.959109589041096,-41.79
"unhealthy",2023-10-27,979.745,3,1022,0.958654598825832,-42.255
"unhealthy",2023-10-27 01:00:00,979.46,3,1021,0.959314397649363,-41.54
"unhealthy",2023-10-27 02:00:00,979.01,3,1021,0.958873653281097,-41.99
"unhealthy",2023-10-27 03:00:00,979.035,3,1021,0.958898139079334,-41.965
"unhealthy",2023-10-27 04:00:00,979.085,3,1021,0.958947110675808,-41.915
"unhealthy",2023-10-27 05:00:00,978.825,3,1020.5,0.959162175404214,-41.675
"unhealthy",2023-10-27 06:00:00,978.23,3,1020,0.959049019607843,-41.77
"unhealthy",2023-10-27 07:00:00,978.8,3,1020,0.959607843137255,-41.2
"unhealthy",2023-10-27 08:00:00,978.82,3,1020.75,0.958922361009062,-41.93
"unhealthy",2023-10-27 09:00:00,978.5,3,1020.5,0.958843704066634,-42
"unhealthy",2023-10-27 10:00:00,978.43,3,1020,0.959245098039216,-41.57
"unhealthy",2023-10-27 11:00:00,977.39,3,1020,0.958225490196078,-42.61
"unhealthy",2023-10-27 12:00:00,976.79,3,1019,0.958577036310108,-42.21
"unhealthy",2023-10-27 13:00:00,975.9,3,1018.25,0.958409035109256,-42.35
"unhealthy",2023-10-27 14:00:00,975.395,3,1017.5,0.958619164619165,-42.105
"unhealthy",2023-10-27 15:00:00,975.265,2,1017,0.958962635201573,-41.735
"unhealthy",2023-10-27 16:00:00,975.19,2,1017,0.958888888888889,-41.8099999999999
"unhealthy",2023-10-27 17:00:00,974.91,2,1017,0.958613569321534,-42.0899999999999
"unhealthy",2023-10-27 18:00:00,975.215,2,1017,0.958913470993117,-41.7850000000001
"unhealthy",2023-10-27 19:00:00,974.8575,2,1017,0.958561946902655,-42.1424999999999
"unhealthy",2023-10-27 20:00:00,974.72,2,1016.5,0.958898180029513,-41.78
"unhealthy",2023-10-27 21:00:00,974.8375,2,1016.75,0.958777969018933,-41.9124999999999
"unhealthy",2023-10-27 22:00:00,974.6775,2,1017,0.958384955752212,-42.3225
"unhealthy",2023-10-27 23:00:00,974.235,2,1016,0.958892716535433,-41.765
"unhealthy",2023-10-28,974.04,3,1016,0.958700787401575,-41.96
"unhealthy",2023-10-28 01:00:00,973.82,3,1016,0.958484251968504,-42.18
"unhealthy",2023-10-28 02:00:00,973.555,3,1015,0.959167487684729,-41.445
"unhealthy",2023-10-28 03:00:00,973.49,3,1015,0.959103448275862,-41.51
"unhealthy",2023-10-28 04:00:00,973.23,3,1015,0.958847290640394,-41.77
"unhealthy",2023-10-28 05:00:00,973.37,3,1015,0.958985221674877,-41.63
"unhealthy",2023-10-28 06:00:00,973.69,3,1015,0.959300492610837,-41.3099999999999
"unhealthy",2023-10-28 07:00:00,973.95,3,1015.25,0.959320364442256,-41.3
"unhealthy",2023-10-28 08:00:00,974.13,3,1015.75,0.959025350726064,-41.62
"unhealthy",2023-10-28 09:00:00,974.09,3,1016,0.95875,-41.91
"unhealthy",2023-10-28 10:00:00,974.03,3,1016,0.95869094488189,-41.97
"unhealthy",2023-10-28 11:00:00,973.89,3,1015.25,0.959261265698104,-41.36
"unhealthy",2023-10-28 12:00:00,973.315,3,1015,0.958931034482759,-41.6849999999999
"unhealthy",2023-10-28 13:00:00,972.95,3,1014.5,0.9590438639724,-41.55
"unhealthy",2023-10-28 14:00:00,972.915,3,1014.25,0.959245748089721,-41.335
"unhealthy",2023-10-28 15:00:00,973.31,3,1014.5,0.959398718580582,-41.1900000000001
"unhealthy",2023-10-28 16:00:00,973.63,3,1015,0.959241379310345,-41.37
"unhealthy",2023-10-28 17:00:00,974.5,3,1015.25,0.959862102930313,-40.75
"unhealthy",2023-10-28 18:00:00,975.19,3,1016.25,0.95959655596556,-41.0599999999999
"unhealthy",2023-10-28 19:00:00,976.135,3,1017,0.959818092428712,-40.865
"unhealthy",2023-10-28 20:00:00,976.83,3,1018,0.959557956777996,-41.17
"unhealthy",2023-10-28 21:00:00,977.35,3,1018.75,0.959361963190184,-41.4
"unhealthy",2023-10-28 22:00:00,977.89,3,1019,0.959656526005888,-41.11
"unhealthy",2023-10-28 23:00:00,978.27,3,1019.5,0.959558607160373,-41.23
"unhealthy",2023-10-29,978.26,3,1020,0.959078431372549,-41.74
"unhealthy",2023-10-29 01:00:00,978.32,3,1020,0.959137254901961,-41.68
"unhealthy",2023-10-29 02:00:00,978.105,3,1020,0.958926470588235,-41.895
"unhealthy",2023-10-29 03:00:00,978.51,3,1020,0.959323529411765,-41.49
"unhealthy",2023-10-29 04:00:00,979.285,3,1020.75,0.959377908400686,-41.465
"unhealthy",2023-10-29 05:00:00,979.39,3,1021,0.9592458374143,-41.61
"unhealthy",2023-10-29 06:00:00,979.49,3,1021,0.959343780607248,-41.51
"unhealthy",2023-10-29 07:00:00,979.75,3,1021.25,0.959363525091799,-41.5
"unhealthy",2023-10-29 08:00:00,979.865,2,1021.75,0.959006606312699,-41.885
"unhealthy",2023-10-29 09:00:00,981.155,2,1022.25,0.959799461971142,-41.095
"unhealthy",2023-10-29 10:00:00,981.4325,2,1023.5,0.958898387884709,-42.0675
"unhealthy",2023-10-29 11:00:00,980.93,3,1023,0.958875855327468,-42.07
"unhealthy",2023-10-29 12:00:00,980.26,3,1022.5,0.958689486552567,-42.24
"unhealthy",2023-10-29 13:00:00,979.7,3,1022,0.958610567514677,-42.3
"unhealthy",2023-10-29 14:00:00,978.94,3,1021,0.958805093046033,-42.0599999999999
"unhealthy",2023-10-29 15:00:00,978.69,3,1020.25,0.959264886057339,-41.5599999999999
"unhealthy",2023-10-29 16:00:00,978.58,3,1020,0.959392156862745,-41.42
"unhealthy",2023-10-29 17:00:00,978.67,3,1020,0.959480392156863,-41.33
"unhealthy",2023-10-29 18:00:00,979.05,3,1020,0.959852941176471,-40.95
"unhealthy",2023-10-29 19:00:00,979.17,3,1020,0.959970588235294,-40.83
"unhealthy",2023-10-29 20:00:00,978.78,3,1019.75,0.959823486148566,-40.97
"unhealthy",2023-10-29 21:00:00,978.06,3,1019.5,0.959352623835213,-41.4400000000001
"unhealthy",2023-10-29 22:00:00,977.66,3,1019,0.959430814524043,-41.34
"unhealthy",2023-10-29 23:00:00,977.21,3,1018.5,0.95945999018164,-41.29
"unhealthy",2023-10-30,976.53,3,1018,0.95926326129666,-41.47
"unhealthy",2023-10-30 01:00:00,975.905,3,1017,0.959591937069813,-41.095
"unhealthy",2023-10-30 02:00:00,975.02,3,1016.75,0.958957462503073,-41.73
"unhealthy",2023-10-30 03:00:00,973.785,3,1015.5,0.958921713441654,-41.715
"unhealthy",2023-10-30 04:00:00,972.485,3,1014,0.959058185404339,-41.515
"unhealthy",2023-10-30 05:00:00,971.69,3,1012.75,0.959456924216243,-41.0599999999999
"unhealthy",2023-10-30 06:00:00,969.635,2,1011.75,0.958374104274771,-42.115
"unhealthy",2023-10-30 07:00:00,968.93,2,1010.75,0.958624783576552,-41.82
"unhealthy",2023-10-30 08:00:00,968.69,2,1010,0.95909900990099,-41.3099999999999
"unhealthy",2023-10-30 09:00:00,967.62,2,1009.5,0.95851411589896,-41.88
"unhealthy",2023-10-30 10:00:00,966.9175,2,1008.75,0.958530359355638,-41.8325
"unhealthy",2023-10-30 11:00:00,967.43,3,1008,0.959751984126984,-40.57
"unhealthy",2023-10-30 12:00:00,966.25,1,1007.75,0.958819151575292,-41.5
"unhealthy",2023-10-30 13:00:00,965.685,1,1006.5,0.959448584202683,-40.8150000000001
"unhealthy",2023-10-30 14:00:00,965.59,1,1006,0.959831013916501,-40.41
"unhealthy",2023-10-30 15:00:00,965.31,1,1006,0.95955268389662,-40.6900000000001
"unhealthy",2023-10-30 16:00:00,965.88,1,1006,0.960119284294235,-40.12
"unhealthy",2023-10-30 17:00:00,966.1,2,1007,0.959384309831182,-40.9000000000001
"unhealthy",2023-10-30 18:00:00,967.275,2,1008,0.959598214285714,-40.7249999999999
"unhealthy",2023-10-30 19:00:00,967.7775,2,1009,0.959145193260654,-41.2225
"unhealthy",2023-10-30 20:00:00,969.3,2,1009.75,0.959940579351324,-40.45
"unhealthy",2023-10-30 21:00:00,970.1525,2,1010.75,0.959834281474153,-40.5975
"unhealthy",2023-10-30 22:00:00,970.7675,2,1012,0.959256422924901,-41.2325000000001
"unhealthy",2023-10-30 23:00:00,971.4775,2,1012.75,0.95924709948161,-41.2725
"unhealthy",2023-10-31,972.075,2,1013.25,0.959363434492968,-41.175
"unhealthy",2023-10-31 01:00:00,972.715,2,1014,0.959285009861933,-41.285
"unhealthy",2023-10-31 02:00:00,973.315,2,1015,0.958931034482759,-41.6849999999999
"unhealthy",2023-10-31 03:00:00,974.3175,2,1015.5,0.959446085672083,-41.1825
"unhealthy",2023-10-31 04:00:00,974.3125,2,1016,0.958968996062992,-41.6875
"unhealthy",2023-10-31 05:00:00,975.21,2,1016.75,0.959144332431768,-41.54
"unhealthy",2023-10-31 06:00:00,976.0825,2,1017.25,0.959530597198329,-41.1675
"unhealthy",2023-10-31 07:00:00,976.84,2,1018.25,0.959332187576725,-41.4100000000001
"unhealthy",2023-10-31 08:00:00,977.5175,2,1019,0.959290971540726,-41.4825
"unhealthy",2023-10-31 09:00:00,977.835,2,1020,0.958661764705882,-42.165
"unhealthy",2023-10-31 10:00:00,977.5025,2,1020,0.958335784313726,-42.4974999999999
"unhealthy",2023-10-31 11:00:00,977.4,2,1020,0.958235294117647,-42.6
"unhealthy",2023-10-31 12:00:00,976.9,2,1019,0.958684985279686,-42.0999999999999
"unhealthy",2023-10-31 13:00:00,976.4525,2,1018.75,0.958480981595092,-42.2975
"unhealthy",2023-10-31 14:00:00,976.09,2,1018,0.958831041257367,-41.91
"unhealthy",2023-10-31 15:00:00,975.9025,2,1018,0.958646856581532,-42.0975000000001
"unhealthy",2023-10-31 16:00:00,975.805,2,1018,0.958551080550098,-42.1949999999999
"unhealthy",2023-10-31 17:00:00,975.685,2,1017.25,0.959139837797985,-41.5650000000001
"unhealthy",2023-10-31 18:00:00,975.87,2,1017.5,0.959085995085995,-41.63
"unhealthy",2023-10-31 19:00:00,975.705,2,1018,0.958452848722986,-42.2950000000001
"unhealthy",2023-10-31 20:00:00,975.43,2,1017.25,0.958889161956255,-41.8199999999999
"unhealthy",2023-10-31 21:00:00,974.795,2,1017,0.958500491642085,-42.205
"unhealthy",2023-10-31 22:00:00,974.39,2,1016.75,0.958337841160561,-42.36
"unhealthy",2023-10-31 23:00:00,974.32,2,1016,0.958976377952756,-41.6800000000001
"unhealthy",2023-11-01,974.305,2,1016,0.958961614173228,-41.6949999999999
"unhealthy",2023-11-01 01:00:00,973.6025,2,1016,0.958270177165354,-42.3975
"unhealthy",2023-11-01 02:00:00,973.215,2,1015,0.958832512315271,-41.7850000000001
"unhealthy",2023-11-01 03:00:00,972.6875,2,1015,0.958312807881773,-42.3125
"unhealthy",2023-11-01 04:00:00,972.875,2,1014.5,0.958969935929029,-41.625
"unhealthy",2023-11-01 05:00:00,972.96,2,1014,0.959526627218935,-41.04
"unhealthy",2023-11-01 06:00:00,972.865,2,1014.25,0.959196450579246,-41.385
"unhealthy",2023-11-01 07:00:00,973.0125,2,1014.25,0.959341878235149,-41.2375
"unhealthy",2023-11-01 08:00:00,973.59,2,1015,0.95920197044335,-41.41
"unhealthy",2023-11-01 09:00:00,973.92,2,1015,0.959527093596059,-41.0799999999999
"unhealthy",2023-11-01 10:00:00,973.9975,2,1016,0.958658956692913,-42.0025000000001
"unhealthy",2023-11-01 11:00:00,974.0375,2,1016,0.958698326771654,-41.9625
"unhealthy",2023-11-01 12:00:00,974.065,2,1016,0.958725393700787,-41.9349999999999
"unhealthy",2023-11-01 13:00:00,974.505,2,1016,0.959158464566929,-41.495
"unhealthy",2023-11-01 14:00:00,974.855,2,1016.25,0.959266912669127,-41.395
"unhealthy",2023-11-01 15:00:00,975.3775,2,1017,0.9590732546706,-41.6224999999999
"unhealthy",2023-11-01 16:00:00,976.08,2,1017.25,0.959528139592037,-41.17
"unhealthy",2023-11-01 17:00:00,976.485,2,1018,0.95921905697446,-41.5150000000001
"unhealthy",2023-11-01 18:00:00,977.22,2,1018.5,0.959469808541974,-41.28
"unhealthy",2023-11-01 19:00:00,978.09,2,1019.25,0.959617365710081,-41.16
"unhealthy",2023-11-01 20:00:00,978.845,2,1020,0.959651960784314,-41.155
"unhealthy",2023-11-01 21:00:00,979.9975,2,1021,0.959840842311459,-41.0025000000001
"unhealthy",2023-11-01 22:00:00,980.475,2,1022,0.959368884540117,-41.5250000000001
"unhealthy",2023-11-01 23:00:00,981.27,2,1022.75,0.959442679051577,-41.48
"unhealthy",2023-11-02,981.4875,2,1023,0.95942082111437,-41.5125
"unhealthy",2023-11-02 01:00:00,982.17,2,1024,0.959150390625,-41.83
"unhealthy",2023-11-02 02:00:00,982.93,2,1024.25,0.959658286551135,-41.3199999999999
"unhealthy",2023-11-02 03:00:00,983.4225,2,1025,0.959436585365854,-41.5775
"unhealthy",2023-11-02 04:00:00,983.695,2,1025.25,0.959468422336016,-41.5550000000001
"unhealthy",2023-11-02 05:00:00,983.815,1,1026,0.958884015594542,-42.1849999999999
"unhealthy",2023-11-02 06:00:00,984.375,1,1027,0.958495618305745,-42.625
"unhealthy",2023-11-02 07:00:00,985.2,1,1027,0.959298928919182,-41.8
"unhealthy",2023-11-02 08:00:00,986.33,1,1028.25,0.959231704352055,-41.92
"unhealthy",2023-11-02 09:00:00,986.79,1,1029.25,0.958746660189458,-42.46
"unhealthy",2023-11-02 10:00:00,987.19,1,1030,0.958436893203884,-42.8099999999999
"unhealthy",2023-11-02 11:00:00,986.82,1,1030,0.958077669902913,-43.18
"unhealthy",2023-11-02 12:00:00,986.56,1,1029,0.958756073858115,-42.4400000000001
"unhealthy",2023-11-02 13:00:00,986.38,1,1029,0.958581146744412,-42.62
"unhealthy",2023-11-02 14:00:00,986.33,1,1029,0.958532555879495,-42.67
"unhealthy",2023-11-02 15:00:00,986.43,1,1029,0.958629737609329,-42.57
"unhealthy",2023-11-02 16:00:00,986.67,1,1029,0.958862973760933,-42.33
"unhealthy",2023-11-02 17:00:00,986.74,1,1029,0.958931000971817,-42.26
"unhealthy",2023-11-02 18:00:00,987.185,1,1029.25,0.959130434782609,-42.0650000000001
"unhealthy",2023-11-02 19:00:00,987.45,1,1030,0.95868932038835,-42.55
"unhealthy",2023-11-02 20:00:00,987.665,1,1030,0.958898058252427,-42.335
"unhealthy",2023-11-02 21:00:00,987.895,1,1030,0.959121359223301,-42.105
"unhealthy",2023-11-02 22:00:00,987.89,1,1030,0.959116504854369,-42.11
"unhealthy",2023-11-02 23:00:00,987.965,1,1030.25,0.958956563940791,-42.285
"unhealthy",2023-11-03,988.035,1,1030.5,0.958791848617176,-42.465
"unhealthy",2023-11-03 01:00:00,987.83,1,1030.5,0.958592916060165,-42.67
"unhealthy",2023-11-03 02:00:00,987.9,1,1030,0.959126213592233,-42.1
"unhealthy",2023-11-03 03:00:00,987.89,1,1030,0.959116504854369,-42.11
"unhealthy",2023-11-03 04:00:00,987.61,1,1030,0.958844660194175,-42.39
"unhealthy",2023-11-03 05:00:00,987.83,1,1030,0.959058252427184,-42.17
"unhealthy",2023-11-03 06:00:00,987.62,1,1030,0.958854368932039,-42.38
"unhealthy",2023-11-03 07:00:00,987.72,1,1030,0.95895145631068,-42.28
"unhealthy",2023-11-03 08:00:00,987.89,1,1030,0.959116504854369,-42.11
"unhealthy",2023-11-03 09:00:00,987.45,1,1030,0.95868932038835,-42.55
"unhealthy",2023-11-03 10:00:00,987.48,1,1030,0.958718446601942,-42.52
"unhealthy",2023-11-03 11:00:00,986.935,1,1030,0.95818932038835,-43.0650000000001
"unhealthy",2023-11-03 12:00:00,986.08,1,1029,0.958289601554908,-42.92
"unhealthy",2023-11-03 13:00:00,985.01,1,1028,0.95818093385214,-42.99
"unhealthy",2023-11-03 14:00:00,984.32,1,1027,0.958442064264849,-42.68
"unhealthy",2023-11-03 15:00:00,984.19,1,1027,0.958315481986368,-42.8099999999999
"unhealthy",2023-11-03 16:00:00,983.685,1,1026,0.95875730994152,-42.3150000000001
"unhealthy",2023-11-03 17:00:00,983.47,1,1026,0.9585477582846,-42.53
"unhealthy",2023-11-03 18:00:00,983.7,1,1026,0.958771929824561,-42.3
"unhealthy",2023-11-03 19:00:00,983.66,1,1026,0.958732943469786,-42.34
"unhealthy",2023-11-03 20:00:00,983.26,1,1026,0.958343079922027,-42.74
"unhealthy",2023-11-03 21:00:00,983.055,1,1025.25,0.958844184345282,-42.195
"unhealthy",2023-11-03 22:00:00,982.6,1,1025,0.958634146341463,-42.4
"unhealthy",2023-11-03 23:00:00,982.2,1,1025,0.958243902439024,-42.8
"unhealthy",2023-11-04,982.09,1,1024.25,0.958838174273859,-42.16
"unhealthy",2023-11-04 01:00:00,982.095,1,1024,0.9590771484375,-41.905
