"method","stand","id","q10","n"
"autochamber","healthy","autochamber10",1.77200515741639,445
"autochamber","healthy","autochamber11",3.01577890361175,484
"autochamber","healthy","autochamber12",2.94960951000873,484
"autochamber","healthy","autochamber7",2.87019685983003,469
"autochamber","healthy","autochamber8",2.66202677481197,483
"autochamber","healthy","autochamber9",2.49928728675381,487
"autochamber","unhealthy","autochamber1",2.42611995977749,590
"autochamber","unhealthy","autochamber2",3.25827750348305,590
"autochamber","unhealthy","autochamber3",2.74631352790494,590
"autochamber","unhealthy","autochamber4",2.60960755172952,588
"autochamber","unhealthy","autochamber5",2.95276339601356,592
"autochamber","unhealthy","autochamber6",2.13873672834688,591
"fluxbot","healthy","fluxbot100",3.17644412045015,493
"fluxbot","healthy","fluxbot101",2.56362094603766,442
"fluxbot","healthy","fluxbot108",2.1726839879745,448
"fluxbot","healthy","fluxbot111",3.54761261077143,214
"fluxbot","healthy","fluxbot112",8.93859537264956,230
"fluxbot","healthy","fluxbot114",5.21911093330426,143
"fluxbot","healthy","fluxbot13",6.71709386783936,338
"fluxbot","healthy","fluxbot22",2.68932793739041,470
"fluxbot","unhealthy","fluxbot102",1.96687080735599,397
"fluxbot","unhealthy","fluxbot103",2.51064021773831,283
"fluxbot","unhealthy","fluxbot104",1.81351718884442,483
"fluxbot","unhealthy","fluxbot105",2.88020292664416,524
"fluxbot","unhealthy","fluxbot106",1.29179880688346,387
"fluxbot","unhealthy","fluxbot110",4.1170300278563,481
"fluxbot","unhealthy","fluxbot113",3.06348117807228,240
