"pair","L","r_med","r_lo","r_hi","nrmse_med","nrmse_lo","nrmse_hi","offset_pct_med","offset_pct_lo","offset_pct_hi","n_draws"
"autochamber",1,0.954617990109325,0.928513640852272,0.96767576222462,14.7844080497731,8.85906192810916,26.9628443190764,-1.81196033941686,-17.478113237284,23.0912599027712,150
"autochamber",3,0.965193852823204,0.93873034234482,0.978122633583275,14.0709277497345,7.87647659586227,26.6770367118601,-1.74558360134582,-17.3312630924955,23.0296177834488,150
"autochamber",6,0.971327107828985,0.946775391505759,0.98221925387031,13.6831228869094,7.04856221026601,26.561234085022,-2.01473284244241,-17.5201952852865,23.2365524856307,150
"autochamber",12,0.976995926420091,0.954516437026247,0.988082410009152,12.343450149831,6.34042372005887,25.4875331090105,-1.81371773918459,-17.3175148325419,22.5613782286943,150
"autochamber",24,0.980709652782526,0.953605590149769,0.990904949363969,11.6897357462772,5.51294345396902,25.2248242160818,-1.87491661122321,-17.2382104757111,22.957554473794,150
"autochamber",72,0.991471492138383,0.985259916103023,0.996253204804201,11.2257227590716,4.0200496012733,24.6562909021504,-1.85612410483992,-17.5707847660625,23.0710545012514,150
"cross",1,0.543778373677753,0.329388882487734,0.66416855485009,28.8519877226475,22.9495170467251,33.5404803689641,-5.55374172147199,-18.8943668189826,10.9119312121704,150
"cross",3,0.572082971823315,0.357648994049687,0.72045946067696,27.0260144856944,21.051789359819,31.9177656796182,-5.35464139429351,-18.7250927633068,10.961000283643,150
"cross",6,0.627622658237422,0.39834055208252,0.812760486813944,25.8634345223707,19.4813878055494,30.7365180179092,-4.80404773473239,-18.3616710441587,11.3059700559002,150
"cross",12,0.644508779053685,0.373752643263352,0.892804912828547,24.1853033359334,17.3587684850717,29.8583182737782,-5.52965464105734,-19.1398789618863,11.3446792107116,150
"cross",24,0.721998527000938,0.426800465460589,0.958535451191933,21.3265377663176,16.1458189165166,27.2892664950652,-6.28679556790271,-19.5006732782569,11.0668463847702,148
"cross",72,0.761705912696225,0.613044506216705,0.923480900160157,16.4984560828378,13.4595822309601,20.3394026570377,0.725013387048157,-11.0763771636516,8.23773776708443,23
"fluxbot",1,0.858279281249954,0.783429789371667,0.917221511264062,21.730266216041,16.4073889201922,31.5565567966499,1.03534716009166,-18.5507187088825,24.700249015011,150
"fluxbot",3,0.894102084556848,0.818852886544926,0.948308553183587,20.0196449235358,13.9747157166561,30.1785905591943,0.991846029296961,-18.5390900665637,24.0838726629129,150
"fluxbot",6,0.915207363903858,0.83645813435698,0.963019108955584,19.1913274991746,13.1317447191348,29.9618458684718,1.22056977864784,-18.4978762902991,25.0028627922406,150
"fluxbot",12,0.938294541766326,0.871722157284402,0.979009689440137,18.3856536764925,11.7323043644628,29.0456875706372,1.59555449635853,-18.1603184715593,24.3373723453673,150
"fluxbot",24,0.959816368073054,0.892371403366219,0.986036071205975,17.6278837140056,10.6371018620124,29.0166704593067,0.874883703819074,-18.618761533355,24.7668279194694,150
"fluxbot",72,0.971228860109122,0.811747502959495,0.989947474267115,16.347199899471,9.08286357546982,31.2363942725779,-4.09204844349866,-22.6165044339771,25.7922668459817,38
