"stand","hour_of_obs","tsoil_local","n_chambers","s10t","diff"
"healthy",2023-10-01 01:00:00,14.5844,6,15.1,-0.515599999999999
"healthy",2023-10-01 02:00:00,14.5800666666667,6,15.025,-0.444933333333333
"healthy",2023-10-01 03:00:00,14.5676666666667,6,14.925,-0.357333333333335
"healthy",2023-10-01 04:00:00,14.547,6,14.85,-0.303000000000001
"healthy",2023-10-01 05:00:00,14.4952666666667,6,14.775,-0.279733333333333
"healthy",2023-10-01 06:00:00,14.4732666666667,6,14.7,-0.226733333333332
"healthy",2023-10-01 07:00:00,14.4534,6,14.6,-0.146599999999999
"healthy",2023-10-01 08:00:00,14.4376,6,14.5,-0.0624000000000002
"healthy",2023-10-01 09:00:00,14.4423666666667,6,14.45,-0.00763333333333271
"healthy",2023-10-01 10:00:00,14.4736333333333,6,14.45,0.0236333333333345
"healthy",2023-10-01 11:00:00,14.5361333333333,6,14.55,-0.0138666666666669
"healthy",2023-10-01 12:00:00,14.6304666666667,6,14.75,-0.119533333333333
"healthy",2023-10-01 13:00:00,14.7416,6,15.05,-0.308400000000001
"healthy",2023-10-01 14:00:00,14.8564,6,15.35,-0.493599999999999
"healthy",2023-10-01 15:00:00,14.9624,6,15.725,-0.762599999999999
"healthy",2023-10-01 16:00:00,15.0580333333333,6,16.05,-0.991966666666666
"healthy",2023-10-01 17:00:00,15.1338,6,16.3,-1.1662
"healthy",2023-10-01 18:00:00,15.1809333333333,6,16.475,-1.29406666666667
"healthy",2023-10-01 19:00:00,15.2069666666667,6,16.6,-1.39303333333334
"healthy",2023-10-01 20:00:00,15.2269666666667,6,16.6,-1.37303333333334
"healthy",2023-10-01 21:00:00,15.2503,6,16.6,-1.3497
"healthy",2023-10-01 22:00:00,15.2638,6,16.55,-1.2862
"healthy",2023-10-01 23:00:00,15.2711,6,16.475,-1.2039
"healthy",2023-10-02,15.2731,6,16.4,-1.1269
"healthy",2023-10-02 01:00:00,15.2688,6,16.3,-1.0312
"healthy",2023-10-02 02:00:00,15.2612,6,16.2,-0.938799999999999
"healthy",2023-10-02 03:00:00,15.1597111108333,6,16.125,-0.965288889166667
"healthy",2023-10-02 04:00:00,15.2498333333333,6,16.05,-0.800166666666668
"healthy",2023-10-02 05:00:00,15.2474,6,16,-0.752599999999999
"healthy",2023-10-02 06:00:00,15.2397,6,15.9,-0.6603
"healthy",2023-10-02 07:00:00,15.2248333333333,6,15.85,-0.625166666666669
"healthy",2023-10-02 08:00:00,15.1217166666667,6,15.8,-0.678283333333333
"healthy",2023-10-02 09:00:00,15.2147,6,15.725,-0.510299999999999
"healthy",2023-10-02 10:00:00,15.2288333333333,6,15.7,-0.471166666666665
"healthy",2023-10-02 11:00:00,15.2634,6,15.8,-0.5366
"healthy",2023-10-02 12:00:00,15.3172,6,15.95,-0.6328
"healthy",2023-10-02 13:00:00,15.3857,6,16.2,-0.814299999999999
"healthy",2023-10-02 14:00:00,15.461,6,16.475,-1.014
"healthy",2023-10-02 15:00:00,15.5167,6,16.8,-1.2833
"healthy",2023-10-02 16:00:00,15.5586666666667,6,17.05,-1.49133333333333
"healthy",2023-10-02 17:00:00,15.5799,6,17.25,-1.6701
"healthy",2023-10-02 18:00:00,15.5721666666667,6,17.325,-1.75283333333333
"healthy",2023-10-02 19:00:00,15.544,6,17.375,-1.831
"healthy",2023-10-02 20:00:00,15.5061,6,17.275,-1.7689
"healthy",2023-10-02 21:00:00,15.4539,6,17.175,-1.7211
"healthy",2023-10-02 22:00:00,15.3929666666667,6,17.05,-1.65703333333333
"healthy",2023-10-02 23:00:00,15.3330666666667,6,16.925,-1.59193333333333
"healthy",2023-10-03,15.2751333333333,6,16.75,-1.47486666666667
"healthy",2023-10-03 01:00:00,15.2203666666667,6,16.625,-1.40463333333333
"healthy",2023-10-03 02:00:00,15.1712,6,16.45,-1.2788
"healthy",2023-10-03 03:00:00,15.1249,6,16.325,-1.2001
"healthy",2023-10-03 04:00:00,15.0824333333333,6,16.175,-1.09256666666667
"healthy",2023-10-03 05:00:00,15.0403,6,16.05,-1.0097
"healthy",2023-10-03 06:00:00,14.9973333333333,6,15.95,-0.952666666666666
"healthy",2023-10-03 07:00:00,14.9537666666667,6,15.825,-0.871233333333334
"healthy",2023-10-03 08:00:00,14.9157666666667,6,15.725,-0.809233333333333
"healthy",2023-10-03 09:00:00,14.9033,6,15.625,-0.7217
"healthy",2023-10-03 10:00:00,14.9201666666667,6,15.6,-0.679833333333333
"healthy",2023-10-03 11:00:00,14.9727333333333,6,15.675,-0.702266666666665
"healthy",2023-10-03 12:00:00,15.0602666666667,6,15.85,-0.789733333333334
"healthy",2023-10-03 13:00:00,15.179,6,16.125,-0.946
"healthy",2023-10-03 14:00:00,15.3199333333333,6,16.45,-1.13006666666667
"healthy",2023-10-03 15:00:00,15.4540666666667,6,16.85,-1.39593333333334
"healthy",2023-10-03 16:00:00,15.5732666666667,6,17.2,-1.62673333333333
"healthy",2023-10-03 17:00:00,15.6839333333333,6,17.5,-1.81606666666667
"healthy",2023-10-03 18:00:00,15.7613666666667,6,17.675,-1.91363333333333
"healthy",2023-10-03 19:00:00,15.8262666666667,6,17.8,-1.97373333333333
"healthy",2023-10-03 20:00:00,15.8784333333333,6,17.8,-1.92156666666667
"healthy",2023-10-03 21:00:00,15.9156666666667,6,17.8,-1.88433333333333
"healthy",2023-10-03 22:00:00,15.9488333333333,6,17.75,-1.80116666666667
"healthy",2023-10-03 23:00:00,15.9756,6,17.675,-1.6994
"healthy",2023-10-04,15.9962666666667,6,17.6,-1.60373333333333
"healthy",2023-10-04 01:00:00,16.0125666666667,6,17.5,-1.48743333333334
"healthy",2023-10-04 02:00:00,16.0237666666667,6,17.4,-1.37623333333333
"healthy",2023-10-04 03:00:00,16.0281666666667,6,17.325,-1.29683333333333
"healthy",2023-10-04 04:00:00,16.0274,6,17.25,-1.2226
"healthy",2023-10-04 05:00:00,16.0177666666667,6,17.15,-1.13223333333333
"healthy",2023-10-04 06:00:00,16.0030666666667,6,17.05,-1.04693333333334
"healthy",2023-10-04 07:00:00,15.9855333333333,6,16.975,-0.989466666666669
"healthy",2023-10-04 08:00:00,15.9756,6,16.9,-0.924399999999999
"healthy",2023-10-04 09:00:00,15.8972222225,6,16.8,-0.902777777500001
"healthy",2023-10-04 10:00:00,16.0325666666667,6,16.8,-0.767433333333333
"healthy",2023-10-04 11:00:00,16.1033333333333,6,16.875,-0.771666666666665
"healthy",2023-10-04 12:00:00,16.2003,6,17.075,-0.874700000000001
"healthy",2023-10-04 13:00:00,16.3236666666667,6,17.375,-1.05133333333333
"healthy",2023-10-04 14:00:00,16.4504333333333,6,17.75,-1.29956666666667
"healthy",2023-10-04 15:00:00,16.5715666666667,6,18.075,-1.50343333333333
"healthy",2023-10-04 16:00:00,16.6747333333333,6,18.425,-1.75026666666667
"healthy",2023-10-04 17:00:00,16.7546,6,18.675,-1.9204
"healthy",2023-10-04 18:00:00,16.8044,6,18.85,-2.0456
"healthy",2023-10-04 19:00:00,16.8316333333333,6,18.9,-2.06836666666667
"healthy",2023-10-04 20:00:00,16.8461333333333,6,18.9,-2.05386666666666
"healthy",2023-10-04 21:00:00,16.8422,6,18.875,-2.0328
"healthy",2023-10-04 22:00:00,16.8322,6,18.8,-1.9678
"healthy",2023-10-04 23:00:00,16.8185,6,18.7,-1.8815
"healthy",2023-10-05,16.7968,6,18.6,-1.8032
"healthy",2023-10-05 01:00:00,16.7709666666667,6,18.5,-1.72903333333333
"healthy",2023-10-05 02:00:00,16.7443,6,18.4,-1.6557
"healthy",2023-10-05 03:00:00,16.7083666666667,6,18.3,-1.59163333333333
"healthy",2023-10-05 04:00:00,16.6686333333333,6,18.175,-1.50636666666667
"healthy",2023-10-05 05:00:00,16.6286666666667,6,18.075,-1.44633333333334
"healthy",2023-10-05 06:00:00,16.5937666666667,6,17.975,-1.38123333333333
"healthy",2023-10-05 07:00:00,16.5642333333333,6,17.875,-1.31076666666667
"healthy",2023-10-05 08:00:00,16.5469,6,17.8,-1.2531
"healthy",2023-10-05 09:00:00,16.5367,6,17.725,-1.1883
"healthy",2023-10-05 10:00:00,16.5395666666667,6,17.775,-1.23543333333333
"healthy",2023-10-05 11:00:00,16.5561,6,17.825,-1.2689
"healthy",2023-10-05 12:00:00,16.585,6,17.975,-1.39
"healthy",2023-10-05 13:00:00,16.6194,6,18.2,-1.5806
"healthy",2023-10-05 14:00:00,16.6536333333333,6,18.475,-1.82136666666667
"healthy",2023-10-05 15:00:00,16.7004666666667,6,18.7,-1.99953333333333
"healthy",2023-10-05 16:00:00,16.7417333333333,6,18.95,-2.20826666666667
"healthy",2023-10-05 17:00:00,16.7778333333333,6,19.075,-2.29716666666667
"healthy",2023-10-05 18:00:00,16.7849,6,19.1,-2.3151
"healthy",2023-10-05 19:00:00,16.7681333333333,6,19.1,-2.33186666666667
"healthy",2023-10-05 20:00:00,16.7317666666667,6,19.05,-2.31823333333334
"healthy",2023-10-05 21:00:00,16.6833,6,18.95,-2.2667
"healthy",2023-10-05 22:00:00,16.6326333333333,6,18.8,-2.16736666666667
"healthy",2023-10-05 23:00:00,16.586,6,18.625,-2.039
"healthy",2023-10-06,16.5421,6,18.475,-1.9329
"healthy",2023-10-06 01:00:00,16.4979,6,18.35,-1.8521
"healthy",2023-10-06 02:00:00,16.4638,6,18.225,-1.7612
"healthy",2023-10-06 03:00:00,16.4325,6,18.125,-1.6925
"healthy",2023-10-06 04:00:00,16.4033666666667,6,18.075,-1.67163333333334
"healthy",2023-10-06 05:00:00,16.3732333333333,6,18,-1.62676666666666
"healthy",2023-10-06 06:00:00,16.3464666666667,6,18,-1.65353333333333
"healthy",2023-10-06 07:00:00,16.3212,6,17.9,-1.5788
"healthy",2023-10-06 08:00:00,16.2926666666667,6,17.9,-1.60733333333333
"healthy",2023-10-06 09:00:00,16.2776,6,17.825,-1.5474
"healthy",2023-10-06 10:00:00,16.2741,6,17.8,-1.5259
"healthy",2023-10-06 11:00:00,16.2831,6,17.875,-1.5919
"healthy",2023-10-06 12:00:00,16.3008333333333,6,17.925,-1.62416666666666
"healthy",2023-10-06 13:00:00,16.3201666666667,6,18,-1.67983333333333
"healthy",2023-10-06 14:00:00,16.3421333333333,6,18.1,-1.75786666666667
"healthy",2023-10-06 15:00:00,16.3688,6,18.175,-1.8062
"healthy",2023-10-06 16:00:00,16.3962666666667,6,18.275,-1.87873333333333
"healthy",2023-10-06 17:00:00,16.4250666666667,6,18.375,-1.94993333333333
"healthy",2023-10-06 18:00:00,16.4474333333333,6,18.4,-1.95256666666667
"healthy",2023-10-06 19:00:00,16.4622,6,18.4,-1.9378
"healthy",2023-10-06 20:00:00,16.4692333333333,6,18.4,-1.93076666666667
"healthy",2023-10-06 21:00:00,16.479,6,18.4,-1.921
"healthy",2023-10-06 22:00:00,16.4879333333333,6,18.35,-1.86206666666667
"healthy",2023-10-06 23:00:00,16.4929,6,18.3,-1.8071
"healthy",2023-10-07,16.5006333333333,6,18.275,-1.77436666666667
"healthy",2023-10-07 01:00:00,16.5079666666667,6,18.2,-1.69203333333333
"healthy",2023-10-07 02:00:00,16.5088666666667,6,18.2,-1.69113333333333
"healthy",2023-10-07 03:00:00,16.5041333333333,6,18.2,-1.69586666666667
"healthy",2023-10-07 04:00:00,16.4974333333333,6,18.125,-1.62756666666667
"healthy",2023-10-07 05:00:00,16.4797666666667,6,18.1,-1.62023333333333
"healthy",2023-10-07 06:00:00,16.445,6,18.1,-1.655
"healthy",2023-10-07 07:00:00,16.1318333333333,6,18.025,-1.89316666666667
"healthy",2023-10-07 08:00:00,15.9384,6,18,-2.0616
"healthy",2023-10-07 09:00:00,15.9400666666667,6,18,-2.05993333333333
"healthy",2023-10-07 10:00:00,15.9490666666667,6,18,-2.05093333333333
"healthy",2023-10-07 11:00:00,15.9598666666667,6,18,-2.04013333333333
"healthy",2023-10-07 12:00:00,15.9780333333333,6,18,-2.02196666666667
"healthy",2023-10-07 13:00:00,16.0068,6,18.1,-2.0932
"healthy",2023-10-07 14:00:00,16.0334333333333,6,18.175,-2.14156666666667
"healthy",2023-10-07 15:00:00,16.0653666666667,6,18.3,-2.23463333333333
"healthy",2023-10-07 16:00:00,16.0919333333333,6,18.4,-2.30806666666667
"healthy",2023-10-07 17:00:00,16.1033666666667,6,18.5,-2.39663333333333
"healthy",2023-10-07 18:00:00,16.1100333333333,6,18.6,-2.48996666666667
"healthy",2023-10-07 19:00:00,16.0993,6,18.6,-2.5007
"healthy",2023-10-07 20:00:00,16.021,6,18.5,-2.479
"healthy",2023-10-07 21:00:00,15.9251333333333,6,18.45,-2.52486666666667
"healthy",2023-10-07 22:00:00,15.8176,6,18.3,-2.4824
"healthy",2023-10-07 23:00:00,15.7085,6,18.1,-2.3915
"healthy",2023-10-08,15.6098,6,17.95,-2.3402
"healthy",2023-10-08 01:00:00,15.5083333333333,6,17.8,-2.29166666666667
"healthy",2023-10-08 02:00:00,15.4079666666667,6,17.65,-2.24203333333333
"healthy",2023-10-08 03:00:00,15.3014,6,17.55,-2.2486
"healthy",2023-10-08 04:00:00,15.1901666666667,6,17.425,-2.23483333333333
"healthy",2023-10-08 05:00:00,15.0818666666667,6,17.325,-2.24313333333333
"healthy",2023-10-08 06:00:00,14.9821,6,17.2,-2.2179
"healthy",2023-10-08 07:00:00,14.8840333333333,6,17.075,-2.19096666666667
"healthy",2023-10-08 08:00:00,14.7941,6,16.975,-2.1809
"healthy",2023-10-08 09:00:00,14.7236333333333,6,16.875,-2.15136666666667
"healthy",2023-10-08 10:00:00,14.6558333333333,6,16.8,-2.14416666666667
"healthy",2023-10-08 11:00:00,14.6077,6,16.8,-2.1923
"healthy",2023-10-08 12:00:00,14.5757333333333,6,16.85,-2.27426666666667
"healthy",2023-10-08 13:00:00,14.5492333333333,6,16.975,-2.42576666666667
"healthy",2023-10-08 14:00:00,14.5462,6,17.1,-2.5538
"healthy",2023-10-08 15:00:00,14.5444,6,17.25,-2.7056
"healthy",2023-10-08 16:00:00,14.5464,6,17.4,-2.8536
"healthy",2023-10-08 17:00:00,14.5440333333333,6,17.5,-2.95596666666667
"healthy",2023-10-08 18:00:00,14.5246666666667,6,17.5,-2.97533333333333
"healthy",2023-10-08 19:00:00,14.4978666666667,6,17.475,-2.97713333333333
"healthy",2023-10-08 20:00:00,14.4634666666667,6,17.375,-2.91153333333333
"healthy",2023-10-08 21:00:00,14.4227,6,17.225,-2.8023
"healthy",2023-10-08 22:00:00,14.3744666666667,6,17.075,-2.70053333333334
"healthy",2023-10-08 23:00:00,14.3176,6,16.95,-2.6324
"healthy",2023-10-09,14.2583333333333,6,16.775,-2.51666666666667
"healthy",2023-10-09 01:00:00,14.1944666666667,6,16.625,-2.43053333333333
"healthy",2023-10-09 02:00:00,14.1262,6,16.45,-2.3238
"healthy",2023-10-09 03:00:00,14.0509,6,16.3,-2.2491
"healthy",2023-10-09 04:00:00,13.9773333333333,6,16.125,-2.14766666666667
"healthy",2023-10-09 05:00:00,13.9041333333333,6,15.95,-2.04586666666667
"healthy",2023-10-09 06:00:00,13.8287333333333,6,15.8,-1.97126666666667
"healthy",2023-10-09 07:00:00,13.7533,6,15.625,-1.8717
"healthy",2023-10-09 08:00:00,13.6805333333333,6,15.45,-1.76946666666667
"healthy",2023-10-09 09:00:00,13.6185666666667,6,15.325,-1.70643333333333
"healthy",2023-10-09 10:00:00,13.5819333333333,6,15.2,-1.61806666666667
"healthy",2023-10-09 11:00:00,13.5622,6,15.2,-1.6378
"healthy",2023-10-09 12:00:00,13.5591666666667,6,15.3,-1.74083333333333
"healthy",2023-10-09 13:00:00,13.5662333333333,6,15.5,-1.93376666666667
"healthy",2023-10-09 14:00:00,13.5879333333333,6,15.725,-2.13706666666667
"healthy",2023-10-09 15:00:00,13.6182333333333,6,15.975,-2.35676666666667
"healthy",2023-10-09 16:00:00,13.6390666666667,6,16.175,-2.53593333333333
"healthy",2023-10-09 17:00:00,13.6563666666667,6,16.325,-2.66863333333333
"healthy",2023-10-09 18:00:00,13.6632666666667,6,16.4,-2.73673333333333
"healthy",2023-10-09 19:00:00,13.6547666666667,6,16.4,-2.74523333333333
"healthy",2023-10-09 20:00:00,13.6388,6,16.3,-2.6612
"healthy",2023-10-09 21:00:00,13.6197333333333,6,16.175,-2.55526666666667
"healthy",2023-10-09 22:00:00,13.5976666666667,6,16.075,-2.47733333333334
"healthy",2023-10-09 23:00:00,13.5622,6,15.975,-2.4128
"healthy",2023-10-10,13.5171666666667,6,15.85,-2.33283333333334
"healthy",2023-10-10 01:00:00,13.4704666666667,6,15.7,-2.22953333333333
"healthy",2023-10-10 02:00:00,13.4200666666667,6,15.55,-2.12993333333333
"healthy",2023-10-10 03:00:00,13.3641666666667,6,15.425,-2.06083333333333
"healthy",2023-10-10 04:00:00,13.3020333333333,6,15.25,-1.94796666666667
"healthy",2023-10-10 05:00:00,13.2397,6,15.125,-1.8853
"healthy",2023-10-10 06:00:00,13.1780333333333,6,14.975,-1.79696666666667
"healthy",2023-10-10 07:00:00,13.1209333333333,6,14.85,-1.72906666666667
"healthy",2023-10-10 08:00:00,13.0717,6,14.775,-1.7033
"healthy",2023-10-10 09:00:00,13.045,6,14.7,-1.655
"healthy",2023-10-10 10:00:00,13.0429333333333,6,14.65,-1.60706666666666
"healthy",2023-10-10 11:00:00,13.0517333333333,6,14.7,-1.64826666666667
"healthy",2023-10-10 12:00:00,13.0731666666667,6,14.775,-1.70183333333333
"healthy",2023-10-10 13:00:00,13.1130666666667,6,14.9,-1.78693333333333
"healthy",2023-10-10 14:00:00,13.1571,6,15.1,-1.9429
"healthy",2023-10-10 15:00:00,13.1954666666667,6,15.3,-2.10453333333333
"healthy",2023-10-10 16:00:00,13.2273,6,15.425,-2.1977
"healthy",2023-10-10 17:00:00,13.2699333333333,6,15.55,-2.28006666666667
"healthy",2023-10-10 18:00:00,13.2912666666667,6,15.6,-2.30873333333333
"healthy",2023-10-10 19:00:00,13.2958333333333,6,15.6,-2.30416666666667
"healthy",2023-10-10 20:00:00,13.2904666666667,6,15.55,-2.25953333333333
"healthy",2023-10-10 21:00:00,13.2695,6,15.45,-2.1805
"healthy",2023-10-10 22:00:00,13.2405333333333,6,15.325,-2.08446666666667
"healthy",2023-10-10 23:00:00,13.2078333333333,6,15.2,-1.99216666666667
"healthy",2023-10-11,13.1710666666667,6,15.075,-1.90393333333333
"healthy",2023-10-11 01:00:00,13.1354666666667,6,14.95,-1.81453333333333
"healthy",2023-10-11 02:00:00,13.0953,6,14.825,-1.7297
"healthy",2023-10-11 03:00:00,13.0579666666667,6,14.725,-1.66703333333333
"healthy",2023-10-11 04:00:00,13.0268333333333,6,14.6,-1.57316666666667
"healthy",2023-10-11 05:00:00,13.0014333333333,6,14.525,-1.52356666666667
"healthy",2023-10-11 06:00:00,12.9764333333333,6,14.425,-1.44856666666667
"healthy",2023-10-11 07:00:00,12.957,6,14.4,-1.443
"healthy",2023-10-11 08:00:00,12.9455333333333,6,14.325,-1.37946666666667
"healthy",2023-10-11 09:00:00,12.9462,6,14.3,-1.3538
"healthy",2023-10-11 10:00:00,12.9566333333333,6,14.3,-1.34336666666667
"healthy",2023-10-11 11:00:00,13.1216,6,14.35,-1.2284
"healthy",2023-10-11 12:00:00,13.3154333333333,6,14.45,-1.13456666666667
"healthy",2023-10-11 13:00:00,13.4975333333333,6,14.65,-1.15246666666667
"healthy",2023-10-11 14:00:00,13.5656,6,14.875,-1.3094
"healthy",2023-10-11 15:00:00,13.63,6,15.1,-1.47
"healthy",2023-10-11 16:00:00,13.6957,6,15.275,-1.5793
"healthy",2023-10-11 17:00:00,13.7456333333333,6,15.425,-1.67936666666667
"healthy",2023-10-11 18:00:00,13.7821333333333,6,15.5,-1.71786666666667
"healthy",2023-10-11 19:00:00,13.8122,6,15.6,-1.7878
"healthy",2023-10-11 20:00:00,13.8194,6,15.5,-1.6806
"healthy",2023-10-11 21:00:00,13.8162666666667,6,15.475,-1.65873333333333
"healthy",2023-10-11 22:00:00,13.8123,6,15.4,-1.5877
"healthy",2023-10-11 23:00:00,13.8013333333333,6,15.3,-1.49866666666667
"healthy",2023-10-12,13.7762333333333,6,15.225,-1.44876666666667
"healthy",2023-10-12 01:00:00,13.7492333333333,6,15.125,-1.37576666666667
"healthy",2023-10-12 02:00:00,13.7264333333333,6,15.025,-1.29856666666667
"healthy",2023-10-12 03:00:00,13.7046333333333,6,14.925,-1.22036666666667
"healthy",2023-10-12 04:00:00,13.6809,6,14.85,-1.1691
"healthy",2023-10-12 05:00:00,13.6602666666667,6,14.8,-1.13973333333333
"healthy",2023-10-12 06:00:00,13.6362,6,14.725,-1.0888
"healthy",2023-10-12 07:00:00,13.6007333333333,6,14.65,-1.04926666666666
"healthy",2023-10-12 08:00:00,13.5659,6,14.575,-1.0091
"healthy",2023-10-12 09:00:00,13.5570333333333,6,14.475,-0.917966666666667
"healthy",2023-10-12 10:00:00,13.5669,6,14.4,-0.8331
"healthy",2023-10-12 11:00:00,13.5892666666667,6,14.45,-0.860733333333332
"healthy",2023-10-12 12:00:00,13.61056,5,14.6,-0.98944
"healthy",2023-10-19 09:00:00,13.22912381,6,13.4,-0.17087619
"healthy",2023-10-19 10:00:00,13.3064333333333,6,13.45,-0.143566666666667
"healthy",2023-10-19 11:00:00,13.3252666666667,6,13.525,-0.199733333333334
"healthy",2023-10-19 12:00:00,13.3523272727273,6,13.625,-0.272672727272727
"healthy",2023-10-19 16:00:00,13.6049,4,14.375,-0.770100000000001
"healthy",2023-10-19 17:00:00,13.6231333333333,6,14.55,-0.926866666666667
"healthy",2023-10-19 18:00:00,13.6411666666667,6,14.6,-0.958833333333333
"healthy",2023-10-19 19:00:00,13.6547,6,14.65,-0.995299999999999
"healthy",2023-10-19 20:00:00,13.6560333333333,6,14.6,-0.943966666666666
"healthy",2023-10-19 21:00:00,13.6507,6,14.525,-0.8743
"healthy",2023-10-19 22:00:00,13.6397,6,14.425,-0.785300000000001
"healthy",2023-10-19 23:00:00,13.6302,6,14.325,-0.694800000000001
"healthy",2023-10-20,13.6223,6,14.225,-0.6027
"healthy",2023-10-20 01:00:00,13.6116666666667,6,14.175,-0.563333333333333
"healthy",2023-10-20 02:00:00,13.6042666666667,6,14.1,-0.495733333333334
"healthy",2023-10-20 03:00:00,13.598,6,14.075,-0.476999999999999
"healthy",2023-10-20 04:00:00,13.5932,6,14,-0.4068
"healthy",2023-10-20 05:00:00,13.5881666666667,6,14,-0.411833333333334
"healthy",2023-10-20 06:00:00,13.5846666666667,6,13.9,-0.315333333333333
"healthy",2023-10-20 07:00:00,13.5813,6,13.9,-0.3187
"healthy",2023-10-20 08:00:00,13.5785,6,13.875,-0.2965
"healthy",2023-10-20 09:00:00,13.5789666666667,6,13.8,-0.221033333333335
"healthy",2023-10-20 10:00:00,13.5823,6,13.8,-0.217700000000001
"healthy",2023-10-20 11:00:00,13.5925333333333,6,13.8,-0.207466666666667
"healthy",2023-10-20 12:00:00,13.6042666666667,6,13.8,-0.195733333333333
"healthy",2023-10-20 13:00:00,13.6256666666667,6,13.875,-0.249333333333333
"healthy",2023-10-20 14:00:00,13.6621,6,13.9,-0.237900000000002
"healthy",2023-10-20 15:00:00,13.7107666666667,6,13.95,-0.239233333333333
"healthy",2023-10-20 16:00:00,13.7602666666667,6,14.025,-0.264733333333334
"healthy",2023-10-20 17:00:00,13.7959333333333,6,14.1,-0.304066666666666
"healthy",2023-10-20 18:00:00,13.8358666666667,6,14.1,-0.264133333333334
"healthy",2023-10-20 19:00:00,13.8839,6,14.1,-0.216099999999999
"healthy",2023-10-20 20:00:00,13.9145666666667,6,14.1,-0.185433333333334
"healthy",2023-10-20 21:00:00,13.9469,6,14.1,-0.1531
"healthy",2023-10-20 22:00:00,13.984,6,14.1,-0.116
"healthy",2023-10-20 23:00:00,14.0196,6,14.1,-0.0803999999999991
"healthy",2023-10-21,14.0537,6,14.1,-0.0463000000000005
"healthy",2023-10-21 01:00:00,14.0819333333333,6,14.1,-0.018066666666666
"healthy",2023-10-21 02:00:00,14.1056,6,14.2,-0.0944000000000003
"healthy",2023-10-21 03:00:00,14.1234666666667,6,14.2,-0.076533333333332
"healthy",2023-10-21 04:00:00,14.1407,6,14.2,-0.0592999999999986
"healthy",2023-10-21 05:00:00,14.1538,6,14.2,-0.0461999999999989
"healthy",2023-10-21 06:00:00,14.1665333333333,6,14.2,-0.0334666666666656
"healthy",2023-10-21 07:00:00,14.1807,6,14.2,-0.0192999999999994
"healthy",2023-10-21 08:00:00,14.1966333333333,6,14.2,-0.00336666666666652
"healthy",2023-10-21 09:00:00,14.2142666666667,6,14.2,0.0142666666666678
"healthy",2023-10-21 10:00:00,14.2310333333333,6,14.2,0.0310333333333332
"healthy",2023-10-21 11:00:00,14.2451333333333,6,14.2,0.0451333333333341
"healthy",2023-10-21 12:00:00,14.2611333333333,6,14.3,-0.0388666666666673
"healthy",2023-10-21 13:00:00,14.2789333333333,6,14.3,-0.0210666666666679
"healthy",2023-10-21 14:00:00,14.2355333333333,6,14.3,-0.0644666666666662
"healthy",2023-10-21 15:00:00,14.1716666666667,6,14.225,-0.0533333333333328
"healthy",2023-10-21 16:00:00,14.1327666666667,6,14.175,-0.042233333333332
"healthy",2023-10-21 17:00:00,14.0982666666667,6,14.1,-0.00173333333333225
"healthy",2023-10-21 18:00:00,14.0729333333333,6,14.1,-0.0270666666666664
"healthy",2023-10-21 19:00:00,14.0477333333333,6,14.05,-0.00226666666666731
"healthy",2023-10-21 20:00:00,14.0282,6,14,0.0282
"healthy",2023-10-21 21:00:00,14.0035333333333,6,14,0.00353333333333339
"healthy",2023-10-21 22:00:00,13.9736333333333,6,13.95,0.0236333333333345
"healthy",2023-10-21 23:00:00,13.9448333333333,6,13.9,0.0448333333333331
"healthy",2023-10-22,13.9090333333333,6,13.9,0.009033333333333
"healthy",2023-10-22 01:00:00,13.8758,6,13.8,0.0757999999999992
"healthy",2023-10-22 02:00:00,13.8373666666667,6,13.8,0.0373666666666654
"healthy",2023-10-22 03:00:00,13.7898666666667,6,13.775,0.0148666666666664
"healthy",2023-10-22 04:00:00,13.7344333333333,6,13.7,0.0344333333333342
"healthy",2023-10-22 05:00:00,13.6703666666667,6,13.65,0.0203666666666678
"healthy",2023-10-22 06:00:00,13.6053,6,13.575,0.0303000000000004
"healthy",2023-10-22 07:00:00,13.5393333333333,6,13.5,0.0393333333333334
"healthy",2023-10-22 08:00:00,13.4725333333333,6,13.4,0.0725333333333325
"healthy",2023-10-22 09:00:00,13.4100666666667,6,13.325,0.0850666666666662
"healthy",2023-10-22 10:00:00,13.3516,6,13.3,0.0515999999999988
"healthy",2023-10-22 11:00:00,13.3025,6,13.3,0.0024999999999995
"healthy",2023-10-22 12:00:00,13.2626666666667,6,13.3,-0.0373333333333346
"healthy",2023-10-22 13:00:00,13.2301,6,13.3,-0.0699000000000005
"healthy",2023-10-22 14:00:00,13.2029666666667,6,13.4,-0.197033333333334
"healthy",2023-10-22 15:00:00,13.1767,6,13.425,-0.2483
"healthy",2023-10-22 16:00:00,13.1498666666667,6,13.5,-0.350133333333334
"healthy",2023-10-22 17:00:00,13.1193666666667,6,13.55,-0.430633333333335
"healthy",2023-10-22 18:00:00,13.0820333333333,6,13.525,-0.442966666666667
"healthy",2023-10-22 19:00:00,13.0365,6,13.5,-0.4635
"healthy",2023-10-22 20:00:00,12.9937333333333,6,13.425,-0.431266666666668
"healthy",2023-10-22 21:00:00,12.9468333333333,6,13.35,-0.403166666666667
"healthy",2023-10-22 22:00:00,12.8971666666667,6,13.25,-0.352833333333333
"healthy",2023-10-22 23:00:00,12.8446333333333,6,13.175,-0.330366666666666
"healthy",2023-10-23,12.7888666666667,6,13.075,-0.286133333333332
"healthy",2023-10-23 01:00:00,12.7348,6,12.975,-0.2402
"healthy",2023-10-23 02:00:00,12.6822666666667,6,12.9,-0.217733333333333
"healthy",2023-10-23 03:00:00,12.6239,6,12.8,-0.176100000000002
"healthy",2023-10-23 04:00:00,12.5703,6,12.725,-0.1547
"healthy",2023-10-23 05:00:00,12.5211333333333,6,12.65,-0.128866666666665
"healthy",2023-10-23 06:00:00,12.4730666666667,6,12.575,-0.101933333333333
"healthy",2023-10-23 07:00:00,12.4231,6,12.475,-0.0518999999999998
"healthy",2023-10-23 08:00:00,12.3794666666667,6,12.375,0.00446666666666573
"healthy",2023-10-23 09:00:00,12.3427,6,12.3,0.0427
"healthy",2023-10-23 10:00:00,12.3278666666667,6,12.225,0.102866666666667
"healthy",2023-10-23 11:00:00,12.3354333333333,6,12.225,0.110433333333333
"healthy",2023-10-23 12:00:00,12.3684,6,12.325,0.0433999999999983
"healthy",2023-10-23 13:00:00,12.4139333333333,6,12.45,-0.0360666666666667
"healthy",2023-10-23 14:00:00,12.4719333333333,6,12.65,-0.178066666666666
"healthy",2023-10-23 15:00:00,12.5384,6,12.85,-0.311600000000002
"healthy",2023-10-23 16:00:00,12.5902,6,13,-0.409800000000001
"healthy",2023-10-23 17:00:00,12.6367333333333,6,13.125,-0.488266666666666
"healthy",2023-10-23 18:00:00,12.6694333333333,6,13.2,-0.530566666666665
"healthy",2023-10-23 19:00:00,12.6925666666667,6,13.2,-0.507433333333333
"healthy",2023-10-23 20:00:00,12.7037666666667,6,13.2,-0.496233333333333
"healthy",2023-10-23 21:00:00,12.7078,6,13.2,-0.492199999999999
"healthy",2023-10-23 22:00:00,12.6927333333333,6,13.175,-0.482266666666666
"healthy",2023-10-23 23:00:00,12.6601,6,13.075,-0.414899999999999
"healthy",2023-10-24,12.6203333333333,6,12.95,-0.329666666666666
"healthy",2023-10-24 01:00:00,12.5740666666667,6,12.85,-0.275933333333334
"healthy",2023-10-24 02:00:00,12.5268666666667,6,12.725,-0.198133333333333
"healthy",2023-10-24 03:00:00,12.4760666666667,6,12.55,-0.0739333333333345
"healthy",2023-10-24 04:00:00,12.4166,6,12.425,-0.00839999999999996
"healthy",2023-10-24 05:00:00,12.3565666666667,6,12.275,0.0815666666666655
"healthy",2023-10-24 06:00:00,12.2977666666667,6,12.15,0.147766666666667
"healthy",2023-10-24 07:00:00,12.2485333333333,6,12.05,0.198533333333332
"healthy",2023-10-24 08:00:00,12.2084666666667,6,11.925,0.283466666666666
"healthy",2023-10-24 09:00:00,12.1791,6,11.9,0.2791
"healthy",2023-10-24 10:00:00,12.1768,6,11.8,0.376799999999999
"healthy",2023-10-24 11:00:00,12.197,6,11.875,0.321999999999999
"healthy",2023-10-24 12:00:00,12.2290666666667,6,11.975,0.254066666666667
"healthy",2023-10-24 13:00:00,12.2721666666667,6,12.15,0.122166666666669
"healthy",2023-10-24 14:00:00,12.3219666666667,6,12.3,0.0219666666666658
"healthy",2023-10-24 15:00:00,12.3778666666667,6,12.55,-0.172133333333335
"healthy",2023-10-24 16:00:00,12.4438333333333,6,12.725,-0.281166666666666
"healthy",2023-10-24 17:00:00,12.5033,6,12.85,-0.346700000000002
"healthy",2023-10-24 18:00:00,12.5462,6,12.9,-0.3538
"healthy",2023-10-24 19:00:00,12.5787,6,12.9,-0.321300000000001
"healthy",2023-10-24 20:00:00,12.6082666666667,6,12.9,-0.291733333333333
"healthy",2023-10-24 21:00:00,12.6375,6,12.8,-0.162500000000001
"healthy",2023-10-24 22:00:00,12.6549666666667,6,12.725,-0.070033333333333
"healthy",2023-10-24 23:00:00,12.6722,6,12.675,-0.0027999999999988
"healthy",2023-10-25,12.6879666666667,6,12.6,0.0879666666666665
"healthy",2023-10-25 01:00:00,12.7046333333333,6,12.5,0.204633333333334
"healthy",2023-10-25 02:00:00,12.7175333333333,6,12.425,0.292533333333333
"healthy",2023-10-25 03:00:00,12.7261666666667,6,12.375,0.351166666666666
"healthy",2023-10-25 04:00:00,12.7278,6,12.3,0.4278
"healthy",2023-10-25 05:00:00,12.7309666666667,6,12.225,0.505966666666668
"healthy",2023-10-25 06:00:00,12.7313333333333,6,12.175,0.556333333333335
"healthy",2023-10-25 07:00:00,12.7343666666667,6,12.1,0.634366666666667
"healthy",2023-10-25 08:00:00,12.7330666666667,6,12.025,0.708066666666666
"healthy",2023-10-25 09:00:00,12.7356666666667,6,12,0.735666666666667
"healthy",2023-10-25 10:00:00,12.7564666666667,6,11.925,0.831466666666666
"healthy",2023-10-25 11:00:00,12.799,6,12,0.799
"healthy",2023-10-25 12:00:00,12.8721,6,12.15,0.722100000000001
"healthy",2023-10-25 13:00:00,12.9735,6,12.325,0.6485
"healthy",2023-10-25 14:00:00,13.0854666666667,6,12.6,0.485466666666667
"healthy",2023-10-25 15:00:00,13.2014666666667,6,12.875,0.326466666666667
"healthy",2023-10-25 16:00:00,13.308,6,13.15,0.158000000000001
"healthy",2023-10-25 17:00:00,13.3979,6,13.35,0.0478999999999985
"healthy",2023-10-25 18:00:00,13.4697333333333,6,13.525,-0.0552666666666664
"healthy",2023-10-25 19:00:00,13.5322333333333,6,13.6,-0.0677666666666656
"healthy",2023-10-25 20:00:00,13.5843666666667,6,13.6,-0.0156333333333336
"healthy",2023-10-25 21:00:00,13.6343666666667,6,13.6,0.0343666666666671
"healthy",2023-10-25 22:00:00,13.6736,6,13.6,0.0736000000000008
"healthy",2023-10-25 23:00:00,13.7054666666667,6,13.6,0.105466666666667
"healthy",2023-10-26,13.7310333333333,6,13.6,0.131033333333333
"healthy",2023-10-26 01:00:00,13.7503666666667,6,13.525,0.225366666666666
"healthy",2023-10-26 02:00:00,13.766,6,13.5,0.266
"healthy",2023-10-26 03:00:00,13.7822333333333,6,13.475,0.307233333333334
"healthy",2023-10-26 04:00:00,13.7962666666667,6,13.4,0.396266666666666
"healthy",2023-10-26 05:00:00,13.8109666666667,6,13.4,0.410966666666667
"healthy",2023-10-26 06:00:00,13.8221,6,13.325,0.4971
"healthy",2023-10-26 07:00:00,13.8312,6,13.3,0.5312
"healthy",2023-10-26 08:00:00,13.8417333333333,6,13.3,0.541733333333333
"healthy",2023-10-26 09:00:00,13.8578,6,13.3,0.557799999999999
"healthy",2023-10-26 10:00:00,13.8811666666667,6,13.3,0.581166666666666
"healthy",2023-10-26 11:00:00,13.9304333333333,6,13.35,0.580433333333332
"healthy",2023-10-26 12:00:00,14.0056666666667,6,13.45,0.555666666666667
"healthy",2023-10-26 13:00:00,14.092,6,13.675,0.417
"healthy",2023-10-26 14:00:00,14.1762666666667,6,13.9,0.276266666666666
"healthy",2023-10-26 15:00:00,14.2626333333333,6,14.15,0.112633333333335
"healthy",2023-10-26 16:00:00,14.3491333333333,6,14.375,-0.0258666666666674
"healthy",2023-10-26 17:00:00,14.4292666666667,6,14.55,-0.120733333333334
"healthy",2023-10-26 18:00:00,14.4979333333333,6,14.7,-0.202066666666665
"healthy",2023-10-26 19:00:00,14.5501333333333,6,14.8,-0.249866666666668
"healthy",2023-10-26 20:00:00,14.5912666666667,6,14.8,-0.208733333333335
"healthy",2023-10-26 21:00:00,14.6243,6,14.8,-0.175700000000001
"healthy",2023-10-26 22:00:00,14.6516,6,14.8,-0.148400000000001
"healthy",2023-10-26 23:00:00,14.6767,6,14.75,-0.0732999999999997
"healthy",2023-10-27,14.697,6,14.7,-0.00300000000000011
"healthy",2023-10-27 01:00:00,14.7141333333333,6,14.625,0.0891333333333328
"healthy",2023-10-27 02:00:00,14.7262333333333,6,14.6,0.126233333333333
"healthy",2023-10-27 03:00:00,14.7351333333333,6,14.55,0.185133333333333
"healthy",2023-10-27 04:00:00,14.7422333333333,6,14.5,0.242233333333333
"healthy",2023-10-27 05:00:00,14.7449333333333,6,14.5,0.244933333333334
"healthy",2023-10-27 06:00:00,14.7445666666667,6,14.4,0.344566666666667
"healthy",2023-10-27 07:00:00,14.7365333333333,6,14.4,0.336533333333334
"healthy",2023-10-27 08:00:00,14.7282,6,14.3,0.428199999999999
"healthy",2023-10-27 09:00:00,14.7235,6,14.3,0.423499999999999
"healthy",2023-10-27 10:00:00,14.7369666666667,6,14.3,0.436966666666667
"healthy",2023-10-27 11:00:00,14.7720333333333,6,14.3,0.472033333333332
"healthy",2023-10-27 12:00:00,14.8331,6,14.375,0.4581
"healthy",2023-10-27 13:00:00,14.9101666666667,6,14.575,0.335166666666668
"healthy",2023-10-27 14:00:00,14.9925666666667,6,14.8,0.192566666666666
"healthy",2023-10-27 15:00:00,15.0699,6,15.075,-0.00509999999999877
"healthy",2023-10-27 16:00:00,15.1355666666667,6,15.3,-0.164433333333335
"healthy",2023-10-27 17:00:00,15.1979666666667,6,15.45,-0.252033333333333
"healthy",2023-10-27 18:00:00,15.2447333333333,6,15.55,-0.305266666666668
"healthy",2023-10-27 19:00:00,15.2695666666667,6,15.6,-0.330433333333334
"healthy",2023-10-27 20:00:00,15.2846333333333,6,15.55,-0.265366666666667
"healthy",2023-10-27 21:00:00,15.2919333333333,6,15.475,-0.183066666666665
"healthy",2023-10-27 22:00:00,15.2941666666667,6,15.4,-0.105833333333333
"healthy",2023-10-27 23:00:00,15.2886,6,15.3,-0.0114000000000001
"healthy",2023-10-28,15.2834,6,15.225,0.0584000000000007
"healthy",2023-10-28 01:00:00,15.2684666666667,6,15.125,0.143466666666667
"healthy",2023-10-28 02:00:00,15.2524333333333,6,15.05,0.202433333333333
"healthy",2023-10-28 03:00:00,15.2291333333333,6,14.925,0.304133333333333
"healthy",2023-10-28 04:00:00,15.2043333333333,6,14.825,0.379333333333333
"healthy",2023-10-28 05:00:00,15.1770666666667,6,14.75,0.427066666666667
"healthy",2023-10-28 06:00:00,15.1497333333333,6,14.65,0.499733333333335
"healthy",2023-10-28 07:00:00,15.1244333333333,6,14.575,0.549433333333335
"healthy",2023-10-28 08:00:00,15.1001,6,14.5,0.600099999999999
"healthy",2023-10-28 09:00:00,15.0815,6,14.4,0.6815
"healthy",2023-10-28 10:00:00,15.0902,6,14.4,0.690199999999999
"healthy",2023-10-28 11:00:00,15.1270333333333,6,14.4,0.727033333333333
"healthy",2023-10-28 12:00:00,15.1844666666667,6,14.55,0.634466666666667
"healthy",2023-10-28 13:00:00,15.2691333333333,6,14.725,0.544133333333333
"healthy",2023-10-28 14:00:00,15.3610333333333,6,14.975,0.386033333333334
"healthy",2023-10-28 15:00:00,15.439,6,15.2,0.239000000000001
"healthy",2023-10-28 16:00:00,15.5104333333333,6,15.4,0.110433333333333
"healthy",2023-10-28 17:00:00,15.5673333333333,6,15.55,0.0173333333333332
"healthy",2023-10-28 18:00:00,15.5964666666667,6,15.625,-0.0285333333333337
"healthy",2023-10-28 19:00:00,15.5910333333333,6,15.65,-0.0589666666666648
"healthy",2023-10-28 20:00:00,15.5599333333333,6,15.6,-0.0400666666666663
"healthy",2023-10-28 21:00:00,15.5197333333333,6,15.475,0.0447333333333333
"healthy",2023-10-28 22:00:00,15.4642666666667,6,15.375,0.089266666666667
"healthy",2023-10-28 23:00:00,15.3963,6,15.25,0.1463
"healthy",2023-10-29,15.3227,6,15.1,0.222700000000001
"healthy",2023-10-29 01:00:00,15.2459666666667,6,14.95,0.295966666666667
"healthy",2023-10-29 02:00:00,15.1664,6,14.825,0.341399999999998
"healthy",2023-10-29 03:00:00,15.0812333333333,6,14.675,0.406233333333335
"healthy",2023-10-29 04:00:00,14.9979666666667,6,14.525,0.472966666666666
"healthy",2023-10-29 05:00:00,14.91,6,14.4,0.51
"healthy",2023-10-29 06:00:00,14.8204,6,14.3,0.520399999999999
"healthy",2023-10-29 07:00:00,14.7323,6,14.2,0.532300000000001
"healthy",2023-10-29 08:00:00,14.6510333333333,6,14.1,0.551033333333333
"healthy",2023-10-29 09:00:00,14.5718333333333,6,14,0.571833333333334
"healthy",2023-10-29 10:00:00,14.4967333333333,6,13.925,0.571733333333333
"healthy",2023-10-29 11:00:00,14.4169333333333,6,13.875,0.541933333333333
"healthy",2023-10-29 12:00:00,14.3133,6,13.8,0.513299999999999
"healthy",2023-10-29 13:00:00,14.2177,6,13.75,0.467700000000001
"healthy",2023-10-29 14:00:00,14.1344666666667,6,13.7,0.434466666666667
"healthy",2023-10-29 15:00:00,14.0619666666667,6,13.7,0.361966666666667
"healthy",2023-10-29 16:00:00,13.9996666666667,6,13.675,0.324666666666667
"healthy",2023-10-29 17:00:00,13.9414333333333,6,13.6,0.341433333333333
"healthy",2023-10-29 18:00:00,13.88,6,13.6,0.279999999999999
"healthy",2023-10-29 19:00:00,13.8186333333333,6,13.55,0.268633333333332
"healthy",2023-10-29 20:00:00,13.7557,6,13.5,0.255700000000001
"healthy",2023-10-29 21:00:00,13.6869333333333,6,13.4,0.286933333333334
"healthy",2023-10-29 22:00:00,13.6175666666667,6,13.35,0.267566666666665
"healthy",2023-10-29 23:00:00,13.5485,6,13.275,0.2735
"healthy",2023-10-30,13.4808,6,13.2,0.280800000000001
"healthy",2023-10-30 01:00:00,13.4156666666667,6,13.125,0.290666666666667
"healthy",2023-10-30 02:00:00,13.3545,6,13.05,0.304499999999999
"healthy",2023-10-30 03:00:00,13.2977666666667,6,13,0.297766666666666
"healthy",2023-10-30 04:00:00,13.2443333333333,6,12.9,0.344333333333333
"healthy",2023-10-30 05:00:00,13.1937,6,12.875,0.3187
"healthy",2023-10-30 06:00:00,13.1453666666667,6,12.8,0.345366666666665
"healthy",2023-10-30 07:00:00,13.0819666666667,6,12.75,0.331966666666666
"healthy",2023-10-30 08:00:00,13.0200666666667,6,12.7,0.320066666666667
"healthy",2023-10-30 09:00:00,12.9738666666667,6,12.625,0.348866666666668
"healthy",2023-10-30 10:00:00,12.9465,6,12.6,0.346500000000001
"healthy",2023-10-30 11:00:00,12.931,6,12.6,0.331000000000001
"healthy",2023-10-30 12:00:00,12.9132333333333,6,12.6,0.313233333333335
"healthy",2023-10-30 13:00:00,12.8854333333333,6,12.6,0.285433333333334
"healthy",2023-10-30 14:00:00,12.8679,6,12.6,0.267900000000001
"healthy",2023-10-30 15:00:00,12.8599333333333,6,12.625,0.234933333333334
"healthy",2023-10-30 16:00:00,12.8480333333333,6,12.7,0.148033333333334
"healthy",2023-10-30 17:00:00,12.8427,6,12.7,0.142700000000001
"healthy",2023-10-30 18:00:00,12.8429,6,12.7,0.142900000000001
"healthy",2023-10-30 19:00:00,12.8393666666667,6,12.7,0.139366666666668
"healthy",2023-10-30 20:00:00,12.8339,6,12.7,0.133900000000001
"healthy",2023-10-30 21:00:00,12.8211,6,12.7,0.1211
"healthy",2023-10-30 22:00:00,12.7957333333333,6,12.675,0.120733333333334
"healthy",2023-10-30 23:00:00,12.7597666666667,6,12.6,0.159766666666666
"healthy",2023-10-31,12.7131333333333,6,12.55,0.163133333333333
"healthy",2023-10-31 01:00:00,12.6623,6,12.475,0.1873
"healthy",2023-10-31 02:00:00,12.6063,6,12.375,0.231300000000001
"healthy",2023-10-31 03:00:00,12.5461333333333,6,12.275,0.271133333333333
"healthy",2023-10-31 04:00:00,12.4766666666667,6,12.15,0.326666666666668
"healthy",2023-10-31 05:00:00,12.3971,6,12.05,0.347099999999999
"healthy",2023-10-31 06:00:00,12.3106,6,11.925,0.3856
"healthy",2023-10-31 07:00:00,12.2199,6,11.75,0.469899999999999
"healthy",2023-10-31 08:00:00,12.1293333333333,6,11.6,0.529333333333334
"healthy",2023-10-31 09:00:00,12.0456333333333,6,11.425,0.620633333333332
"healthy",2023-10-31 10:00:00,11.9729,6,11.25,0.722899999999999
"healthy",2023-10-31 11:00:00,11.9175,6,11.175,0.742500000000001
"healthy",2023-10-31 12:00:00,11.8708333333333,6,11.125,0.745833333333334
"healthy",2023-10-31 13:00:00,11.8337333333333,6,11.2,0.633733333333334
"healthy",2023-10-31 14:00:00,11.8265333333333,6,11.35,0.476533333333332
"healthy",2023-10-31 15:00:00,11.8174333333333,6,11.475,0.342433333333334
"healthy",2023-10-31 16:00:00,11.8047,6,11.625,0.1797
"healthy",2023-10-31 17:00:00,11.7979666666667,6,11.725,0.0729666666666677
"healthy",2023-10-31 18:00:00,11.7880333333333,6,11.8,-0.0119666666666678
"healthy",2023-10-31 19:00:00,11.7637666666667,6,11.75,0.0137666666666671
"healthy",2023-10-31 20:00:00,11.7368,6,11.7,0.0368000000000013
"healthy",2023-10-31 21:00:00,11.7095,6,11.65,0.0595000000000017
"healthy",2023-10-31 22:00:00,11.6765333333333,6,11.575,0.101533333333334
"healthy",2023-10-31 23:00:00,11.6397666666667,6,11.5,0.139766666666667
"healthy",2023-11-01,11.5995,6,11.4,0.1995
"unhealthy",2023-10-02 11:00:00,14.8515000025,4,15.8,-0.948499997500001
"unhealthy",2023-10-02 12:00:00,14.9806111116667,6,15.95,-0.969388888333333
"unhealthy",2023-10-02 13:00:00,15.1507222225,6,16.2,-1.0492777775
"unhealthy",2023-10-02 14:00:00,15.3299166666667,6,16.475,-1.14508333333334
"unhealthy",2023-10-02 15:00:00,15.4661388866667,6,16.8,-1.33386111333333
"unhealthy",2023-10-03 17:00:00,15.8822,6,17.5,-1.6178
"unhealthy",2023-10-03 18:00:00,15.9627222225,6,17.675,-1.7122777775
"unhealthy",2023-10-03 19:00:00,15.9942777783333,6,17.8,-1.80572222166667
"unhealthy",2023-10-03 20:00:00,15.9875277783333,6,17.8,-1.81247222166667
"unhealthy",2023-10-03 21:00:00,15.97833333,1,17.8,-1.82166667
"unhealthy",2023-10-04 16:00:00,17.214833335,6,18.425,-1.210166665
"unhealthy",2023-10-04 17:00:00,17.2669259255556,6,18.675,-1.40807407444445
"unhealthy",2023-10-05 11:00:00,16.496833335,2,17.825,-1.328166665
"unhealthy",2023-10-05 12:00:00,16.5824166675,6,17.975,-1.3925833325
"unhealthy",2023-10-05 13:00:00,16.7121388908333,6,18.2,-1.48786110916667
"unhealthy",2023-10-05 14:00:00,16.8640000008333,6,18.475,-1.61099999916667
"unhealthy",2023-10-05 15:00:00,17.0583611108333,6,18.7,-1.64163888916667
"unhealthy",2023-10-05 16:00:00,17.1111388883333,6,18.95,-1.83886111166667
"unhealthy",2023-10-05 17:00:00,17.1078888883333,6,19.075,-1.96711111166667
"unhealthy",2023-10-05 18:00:00,17.0667777791667,6,19.1,-2.03322222083333
"unhealthy",2023-10-05 19:00:00,16.976194445,6,19.1,-2.123805555
"unhealthy",2023-10-05 20:00:00,16.8588333333333,6,19.05,-2.19116666666667
"unhealthy",2023-10-05 21:00:00,16.7383611116667,6,18.95,-2.21163888833333
"unhealthy",2023-10-05 22:00:00,16.618694445,6,18.8,-2.181305555
"unhealthy",2023-10-05 23:00:00,16.4971111125,6,18.625,-2.1278888875
"unhealthy",2023-10-06,16.38072222,6,18.475,-2.09427778
"unhealthy",2023-10-06 01:00:00,16.2965555558333,6,18.35,-2.05344444416667
"unhealthy",2023-10-06 02:00:00,16.2430277775,6,18.225,-1.9819722225
"unhealthy",2023-10-06 03:00:00,16.2049444441667,6,18.125,-1.92005555583333
"unhealthy",2023-10-06 04:00:00,16.1718333333333,6,18.075,-1.90316666666667
"unhealthy",2023-10-06 05:00:00,16.137694445,6,18,-1.862305555
"unhealthy",2023-10-06 06:00:00,16.0997777775,6,18,-1.9002222225
"unhealthy",2023-10-06 07:00:00,16.0603333333333,6,17.9,-1.83966666666667
"unhealthy",2023-10-06 08:00:00,16.0278611108333,6,17.9,-1.87213888916666
"unhealthy",2023-10-06 09:00:00,16.0139166658333,6,17.825,-1.81108333416667
"unhealthy",2023-10-06 10:00:00,16.0344166658333,6,17.8,-1.76558333416667
"unhealthy",2023-10-06 11:00:00,16.0863055558333,6,17.875,-1.78869444416667
"unhealthy",2023-10-06 12:00:00,16.1569722216667,6,17.925,-1.76802777833333
"unhealthy",2023-10-06 13:00:00,16.2180277766667,6,18,-1.78197222333333
"unhealthy",2023-10-06 14:00:00,16.2781111108333,6,18.1,-1.82188888916667
"unhealthy",2023-10-06 15:00:00,16.3418888891667,6,18.175,-1.83311111083333
"unhealthy",2023-10-06 16:00:00,16.4077222216667,6,18.275,-1.86727777833333
"unhealthy",2023-10-06 17:00:00,16.4574444441667,6,18.375,-1.91755555583333
"unhealthy",2023-10-06 18:00:00,16.4868888891667,6,18.4,-1.91311111083333
"unhealthy",2023-10-06 19:00:00,16.4921388883333,6,18.4,-1.90786111166667
"unhealthy",2023-10-06 20:00:00,16.4876666658333,6,18.4,-1.91233333416666
"unhealthy",2023-10-06 21:00:00,16.4807222216667,6,18.4,-1.91927777833333
"unhealthy",2023-10-06 22:00:00,16.475444445,6,18.35,-1.874555555
"unhealthy",2023-10-06 23:00:00,16.4728333325,6,18.3,-1.8271666675
"unhealthy",2023-10-07,16.4715833341667,6,18.275,-1.80341666583333
"unhealthy",2023-10-07 01:00:00,16.467333335,6,18.2,-1.732666665
"unhealthy",2023-10-07 02:00:00,16.4658888916667,6,18.2,-1.73411110833333
"unhealthy",2023-10-07 03:00:00,16.4541388891667,6,18.2,-1.74586111083333
"unhealthy",2023-10-07 04:00:00,16.4414166658333,6,18.125,-1.68358333416667
"unhealthy",2023-10-07 05:00:00,16.423305555,6,18.1,-1.676694445
"unhealthy",2023-10-07 06:00:00,16.412166665,6,18.1,-1.687833335
"unhealthy",2023-10-07 07:00:00,16.4048888875,6,18.025,-1.6201111125
"unhealthy",2023-10-07 08:00:00,16.3980000008333,6,18,-1.60199999916667
"unhealthy",2023-10-07 09:00:00,16.4052777766667,6,18,-1.59472222333333
"unhealthy",2023-10-07 10:00:00,16.4193611116667,6,18,-1.58063888833333
"unhealthy",2023-10-07 11:00:00,16.44786111,6,18,-1.55213889
"unhealthy",2023-10-07 12:00:00,16.5003611108333,6,18,-1.49963888916666
"unhealthy",2023-10-07 13:00:00,16.5788055558333,6,18.1,-1.52119444416667
"unhealthy",2023-10-07 14:00:00,16.6676944441667,6,18.175,-1.50730555583333
"unhealthy",2023-10-07 15:00:00,16.757444445,6,18.3,-1.542555555
"unhealthy",2023-10-07 16:00:00,16.8081111116667,6,18.4,-1.59188888833333
"unhealthy",2023-10-07 17:00:00,16.8185,6,18.5,-1.6815
"unhealthy",2023-10-07 18:00:00,16.7963333325,6,18.6,-1.8036666675
"unhealthy",2023-10-07 19:00:00,16.7485000008333,6,18.6,-1.85149999916667
"unhealthy",2023-10-07 20:00:00,16.6034999991667,6,18.5,-1.89650000083333
"unhealthy",2023-10-07 21:00:00,16.3558611108333,6,18.45,-2.09413888916666
"unhealthy",2023-10-07 22:00:00,16.110555555,6,18.3,-2.189444445
"unhealthy",2023-10-07 23:00:00,15.8718333341667,6,18.1,-2.22816666583334
"unhealthy",2023-10-08,15.6667777775,6,17.95,-2.2832222225
"unhealthy",2023-10-08 01:00:00,15.4911388883333,6,17.8,-2.30886111166667
"unhealthy",2023-10-08 02:00:00,15.327694445,6,17.65,-2.322305555
"unhealthy",2023-10-08 03:00:00,15.1662500008333,6,17.55,-2.38374999916667
"unhealthy",2023-10-08 04:00:00,15.0079166675,6,17.425,-2.4170833325
"unhealthy",2023-10-08 05:00:00,14.8583055541667,6,17.325,-2.46669444583333
"unhealthy",2023-10-08 06:00:00,14.7203888883333,6,17.2,-2.47961111166667
"unhealthy",2023-10-08 07:00:00,14.5656944441667,6,17.075,-2.50930555583334
"unhealthy",2023-10-08 08:00:00,14.437694445,6,16.975,-2.537305555
"unhealthy",2023-10-08 09:00:00,14.3444444433333,6,16.875,-2.53055555666667
"unhealthy",2023-10-08 10:00:00,14.28725,6,16.8,-2.51275
"unhealthy",2023-10-08 11:00:00,14.2813055575,6,16.8,-2.5186944425
"unhealthy",2023-10-08 12:00:00,14.3208611108333,6,16.85,-2.52913888916667
"unhealthy",2023-10-08 13:00:00,14.3844722225,6,16.975,-2.5905277775
"unhealthy",2023-10-08 14:00:00,14.495805555,6,17.1,-2.604194445
"unhealthy",2023-10-08 15:00:00,14.6283888883333,6,17.25,-2.62161111166667
"unhealthy",2023-10-08 16:00:00,14.6508611125,6,17.4,-2.7491388875
"unhealthy",2023-10-08 17:00:00,14.6326388891667,6,17.5,-2.86736111083333
"unhealthy",2023-10-08 18:00:00,14.5870833333333,6,17.5,-2.91291666666667
"unhealthy",2023-10-08 19:00:00,14.5107499991667,6,17.475,-2.96425000083334
"unhealthy",2023-10-08 20:00:00,14.4082222225,6,17.375,-2.9667777775
"unhealthy",2023-10-08 21:00:00,14.3016666666667,6,17.225,-2.92333333333334
"unhealthy",2023-10-08 22:00:00,14.1886944458333,6,17.075,-2.88630555416667
"unhealthy",2023-10-08 23:00:00,14.0701388891667,6,16.95,-2.87986111083333
"unhealthy",2023-10-09,13.9432777775,6,16.775,-2.8317222225
"unhealthy",2023-10-09 01:00:00,13.8158611116667,6,16.625,-2.80913888833333
"unhealthy",2023-10-09 02:00:00,13.6863333333333,6,16.45,-2.76366666666667
"unhealthy",2023-10-09 03:00:00,13.5576666658333,6,16.3,-2.74233333416667
"unhealthy",2023-10-09 04:00:00,13.4320277775,6,16.125,-2.6929722225
"unhealthy",2023-10-09 05:00:00,13.3029444441667,6,15.95,-2.64705555583333
"unhealthy",2023-10-09 06:00:00,13.170555555,6,15.8,-2.629444445
"unhealthy",2023-10-09 07:00:00,13.0335277775,6,15.625,-2.5914722225
"unhealthy",2023-10-09 08:00:00,12.9128333333333,6,15.45,-2.53716666666667
"unhealthy",2023-10-09 09:00:00,12.8255555558333,6,15.325,-2.49944444416667
"unhealthy",2023-10-09 10:00:00,12.7823055558333,6,15.2,-2.41769444416667
"unhealthy",2023-10-09 11:00:00,12.8011388891667,6,15.2,-2.39886111083333
"unhealthy",2023-10-09 12:00:00,12.913055555,6,15.3,-2.386944445
"unhealthy",2023-10-09 13:00:00,13.0595833333333,6,15.5,-2.44041666666667
"unhealthy",2023-10-09 14:00:00,13.2362777783333,6,15.725,-2.48872222166667
"unhealthy",2023-10-09 15:00:00,13.4123611116667,6,15.975,-2.56263888833334
"unhealthy",2023-10-09 16:00:00,13.4803055566667,6,16.175,-2.69469444333333
"unhealthy",2023-10-09 17:00:00,13.5018333325,6,16.325,-2.8231666675
"unhealthy",2023-10-09 18:00:00,13.4878888891667,6,16.4,-2.91211111083333
"unhealthy",2023-10-09 19:00:00,13.42975,6,16.4,-2.97025
"unhealthy",2023-10-09 20:00:00,13.3421666675,6,16.3,-2.9578333325
"unhealthy",2023-10-09 21:00:00,13.2609444433333,6,16.175,-2.91405555666667
"unhealthy",2023-10-09 22:00:00,13.1896666666667,6,16.075,-2.88533333333334
"unhealthy",2023-10-09 23:00:00,13.10063889,6,15.975,-2.87436111
"unhealthy",2023-10-10,12.9956666658333,6,15.85,-2.85433333416667
"unhealthy",2023-10-10 01:00:00,12.8908611108333,6,15.7,-2.80913888916667
"unhealthy",2023-10-10 02:00:00,12.7886388891667,6,15.55,-2.76136111083333
"unhealthy",2023-10-10 03:00:00,12.6764444458333,6,15.425,-2.74855555416667
"unhealthy",2023-10-10 04:00:00,12.5563888883333,6,15.25,-2.69361111166667
"unhealthy",2023-10-10 05:00:00,12.4415555558333,6,15.125,-2.68344444416667
"unhealthy",2023-10-10 06:00:00,12.3411388883333,6,14.975,-2.63386111166667
"unhealthy",2023-10-10 07:00:00,12.2597499991667,6,14.85,-2.59025000083333
"unhealthy",2023-10-10 08:00:00,12.19775,6,14.775,-2.57725
"unhealthy",2023-10-10 09:00:00,12.1811666658333,6,14.7,-2.51883333416666
"unhealthy",2023-10-10 10:00:00,12.2355277783333,6,14.65,-2.41447222166667
"unhealthy",2023-10-10 11:00:00,12.3287777791667,6,14.7,-2.37122222083333
"unhealthy",2023-10-10 12:00:00,12.4508055558333,6,14.775,-2.32419444416667
"unhealthy",2023-10-10 13:00:00,12.6129166675,6,14.9,-2.2870833325
"unhealthy",2023-10-10 14:00:00,12.7845555558333,6,15.1,-2.31544444416667
"unhealthy",2023-10-10 15:00:00,12.9110833333333,6,15.3,-2.38891666666667
"unhealthy",2023-10-10 16:00:00,12.9866944441667,6,15.425,-2.43830555583333
"unhealthy",2023-10-10 17:00:00,13.0423055558333,6,15.55,-2.50769444416667
"unhealthy",2023-10-10 18:00:00,13.061805555,6,15.6,-2.538194445
"unhealthy",2023-10-10 19:00:00,13.0291944433333,6,15.6,-2.57080555666667
"unhealthy",2023-10-10 20:00:00,12.9547222225,6,15.55,-2.5952777775
"unhealthy",2023-10-10 21:00:00,12.8640277758333,6,15.45,-2.58597222416667
"unhealthy",2023-10-10 22:00:00,12.7687777775,6,15.325,-2.5562222225
"unhealthy",2023-10-10 23:00:00,12.6782777775,6,15.2,-2.5217222225
"unhealthy",2023-10-11,12.5923055558333,6,15.075,-2.48269444416667
"unhealthy",2023-10-11 01:00:00,12.5112222208333,6,14.95,-2.43877777916667
"unhealthy",2023-10-11 02:00:00,12.4353611108333,6,14.825,-2.38963888916667
"unhealthy",2023-10-11 03:00:00,12.3686388875,6,14.725,-2.3563611125
"unhealthy",2023-10-11 04:00:00,12.3170277783333,6,14.6,-2.28297222166667
"unhealthy",2023-10-11 05:00:00,12.281,6,14.525,-2.244
"unhealthy",2023-10-11 06:00:00,12.2517222233333,6,14.425,-2.17327777666667
"unhealthy",2023-10-11 07:00:00,12.227194445,6,14.4,-2.172805555
"unhealthy",2023-10-11 08:00:00,12.2183055558333,6,14.325,-2.10669444416667
"unhealthy",2023-10-11 09:00:00,12.2371111116667,6,14.3,-2.06288888833333
"unhealthy",2023-10-11 10:00:00,12.2867222233333,6,14.3,-2.01327777666667
"unhealthy",2023-10-11 11:00:00,12.372944445,6,14.35,-1.977055555
"unhealthy",2023-10-11 12:00:00,12.5209444433333,6,14.45,-1.92905555666667
"unhealthy",2023-10-11 13:00:00,12.710444445,6,14.65,-1.939555555
"unhealthy",2023-10-11 14:00:00,12.8896111116667,6,14.875,-1.98538888833333
"unhealthy",2023-10-11 15:00:00,13.0317222216667,6,15.1,-2.06827777833333
"unhealthy",2023-10-11 16:00:00,13.1470555566667,6,15.275,-2.12794444333333
"unhealthy",2023-10-11 17:00:00,13.2270833341667,6,15.425,-2.19791666583333
"unhealthy",2023-10-11 18:00:00,13.2644166658333,6,15.5,-2.23558333416667
"unhealthy",2023-10-11 19:00:00,13.2635833325,6,15.6,-2.3364166675
"unhealthy",2023-10-11 20:00:00,13.22886111,6,15.5,-2.27113889
"unhealthy",2023-10-11 21:00:00,13.1766666675,6,15.475,-2.2983333325
"unhealthy",2023-10-11 22:00:00,13.1204444458333,6,15.4,-2.27955555416667
"unhealthy",2023-10-11 23:00:00,13.0599722225,6,15.3,-2.2400277775
"unhealthy",2023-10-12,12.9793611125,6,15.225,-2.2456388875
"unhealthy",2023-10-12 01:00:00,12.9083888883333,6,15.125,-2.21661111166667
"unhealthy",2023-10-12 02:00:00,12.8473611108333,6,15.025,-2.17763888916667
"unhealthy",2023-10-12 03:00:00,12.7945277775,6,14.925,-2.1304722225
"unhealthy",2023-10-12 04:00:00,12.7511111108333,6,14.85,-2.09888888916667
"unhealthy",2023-10-12 05:00:00,12.7080277775,6,14.8,-2.0919722225
"unhealthy",2023-10-12 06:00:00,12.6578888883333,6,14.725,-2.06711111166667
"unhealthy",2023-10-12 07:00:00,12.5931111108333,6,14.65,-2.05688888916666
"unhealthy",2023-10-12 08:00:00,12.5266388883333,6,14.575,-2.04836111166667
"unhealthy",2023-10-12 09:00:00,12.485444445,6,14.475,-1.989555555
"unhealthy",2023-10-12 10:00:00,12.496694445,6,14.4,-1.903305555
"unhealthy",2023-10-12 11:00:00,12.5826666658333,6,14.45,-1.86733333416667
"unhealthy",2023-10-12 12:00:00,12.7572222233333,6,14.6,-1.84277777666667
"unhealthy",2023-10-12 13:00:00,12.9718333333333,6,14.8,-1.82816666666667
"unhealthy",2023-10-12 14:00:00,13.1875,6,15.075,-1.8875
"unhealthy",2023-10-12 15:00:00,13.3546666675,6,15.325,-1.9703333325
"unhealthy",2023-10-12 16:00:00,13.4569444433333,6,15.55,-2.09305555666667
"unhealthy",2023-10-12 17:00:00,13.5016666666667,6,15.675,-2.17333333333333
"unhealthy",2023-10-12 18:00:00,13.5025833341667,6,15.75,-2.24741666583333
"unhealthy",2023-10-12 19:00:00,13.4643333333333,6,15.775,-2.31066666666667
"unhealthy",2023-10-12 20:00:00,13.4134722225,6,15.7,-2.2865277775
"unhealthy",2023-10-12 21:00:00,13.3642777783333,6,15.65,-2.28572222166667
"unhealthy",2023-10-12 22:00:00,13.3053055566667,6,15.575,-2.26969444333333
"unhealthy",2023-10-12 23:00:00,13.2218888883333,6,15.475,-2.25311111166667
"unhealthy",2023-10-13,13.1108333325,6,15.35,-2.2391666675
"unhealthy",2023-10-13 01:00:00,12.9919166675,6,15.225,-2.2330833325
"unhealthy",2023-10-13 02:00:00,12.8787222225,6,15.05,-2.1712777775
"unhealthy",2023-10-13 03:00:00,12.7621388891667,6,14.9,-2.13786111083333
"unhealthy",2023-10-13 04:00:00,12.6365277775,6,14.75,-2.1134722225
"unhealthy",2023-10-13 05:00:00,12.5093611125,6,14.55,-2.0406388875
"unhealthy",2023-10-13 06:00:00,12.3718611091667,6,14.35,-1.97813889083334
"unhealthy",2023-10-13 07:00:00,12.230694445,6,14.2,-1.969305555
"unhealthy",2023-10-13 08:00:00,12.096805555,6,14.05,-1.953194445
"unhealthy",2023-10-13 09:00:00,11.9927499991667,6,13.875,-1.88225000083333
"unhealthy",2023-10-13 10:00:00,11.936555555,6,13.8,-1.863444445
"unhealthy",2023-10-13 11:00:00,11.9618888891667,6,13.8,-1.83811111083333
"unhealthy",2023-10-13 12:00:00,12.0756388883333,6,13.85,-1.77436111166667
"unhealthy",2023-10-13 13:00:00,12.2418611108333,6,14.025,-1.78313888916667
"unhealthy",2023-10-13 14:00:00,12.4201388883333,6,14.25,-1.82986111166667
"unhealthy",2023-10-13 15:00:00,12.5777222208333,6,14.45,-1.87227777916667
"unhealthy",2023-10-13 16:00:00,12.6215555541667,6,14.625,-2.00344444583333
"unhealthy",2023-10-13 17:00:00,12.6275555566667,6,14.725,-2.09744444333333
"unhealthy",2023-10-13 18:00:00,12.6133888891667,6,14.8,-2.18661111083333
"unhealthy",2023-10-13 19:00:00,12.5647777766667,6,14.775,-2.21022222333333
"unhealthy",2023-10-13 20:00:00,12.4900277766667,6,14.7,-2.20997222333333
"unhealthy",2023-10-13 21:00:00,12.3991666666667,6,14.575,-2.17583333333333
"unhealthy",2023-10-13 22:00:00,12.3138611116667,6,14.45,-2.13613888833333
"unhealthy",2023-10-13 23:00:00,12.2244722225,6,14.325,-2.1005277775
"unhealthy",2023-10-14,12.1321111108333,6,14.175,-2.04288888916667
"unhealthy",2023-10-14 01:00:00,12.0441944433333,6,14.05,-2.00580555666667
"unhealthy",2023-10-14 02:00:00,11.960444445,6,13.925,-1.964555555
"unhealthy",2023-10-14 03:00:00,11.8766944441667,6,13.775,-1.89830555583333
"unhealthy",2023-10-14 04:00:00,11.7909722216667,6,13.65,-1.85902777833333
"unhealthy",2023-10-14 05:00:00,11.707944445,6,13.525,-1.817055555
"unhealthy",2023-10-14 06:00:00,11.6360833341667,6,13.4,-1.76391666583333
"unhealthy",2023-10-14 07:00:00,11.5748611108333,6,13.3,-1.72513888916667
"unhealthy",2023-10-14 08:00:00,11.5301944441667,6,13.2,-1.66980555583333
"unhealthy",2023-10-14 09:00:00,11.5123055541667,6,13.175,-1.66269444583333
"unhealthy",2023-10-14 10:00:00,11.532055555,6,13.1,-1.567944445
"unhealthy",2023-10-14 11:00:00,11.604555555,6,13.2,-1.595444445
"unhealthy",2023-10-14 12:00:00,11.7227777775,6,13.275,-1.5522222225
"unhealthy",2023-10-14 13:00:00,11.8407500008333,6,13.45,-1.60924999916667
"unhealthy",2023-10-14 14:00:00,11.9438055558333,6,13.65,-1.70619444416666
"unhealthy",2023-10-14 15:00:00,12.0334166683333,6,13.825,-1.79158333166667
"unhealthy",2023-10-14 16:00:00,12.1069722225,6,13.95,-1.8430277775
"unhealthy",2023-10-14 17:00:00,12.1535833325,6,14.075,-1.9214166675
"unhealthy",2023-10-14 18:00:00,12.1681944441667,6,14.175,-2.00680555583333
"unhealthy",2023-10-14 19:00:00,12.1529444441667,6,14.2,-2.04705555583333
"unhealthy",2023-10-14 20:00:00,12.1195833325,6,14.2,-2.0804166675
"unhealthy",2023-10-14 21:00:00,12.0818611108333,6,14.1,-2.01813888916667
"unhealthy",2023-10-14 22:00:00,12.0449722225,6,14.1,-2.0550277775
"unhealthy",2023-10-14 23:00:00,12.008305555,6,14,-1.991694445
"unhealthy",2023-10-15,11.9718611116667,6,13.975,-2.00313888833333
"unhealthy",2023-10-15 01:00:00,11.9279444433333,6,13.9,-1.97205555666667
"unhealthy",2023-10-15 02:00:00,11.8709444425,6,13.825,-1.9540555575
"unhealthy",2023-10-15 03:00:00,11.8062222233333,6,13.75,-1.94377777666667
"unhealthy",2023-10-15 04:00:00,11.7452499991667,6,13.675,-1.92975000083333
"unhealthy",2023-10-15 05:00:00,11.681055555,6,13.575,-1.893944445
"unhealthy",2023-10-15 06:00:00,11.6200833341667,6,13.475,-1.85491666583333
"unhealthy",2023-10-15 07:00:00,11.5554166675,6,13.375,-1.8195833325
"unhealthy",2023-10-15 08:00:00,11.4891388883333,6,13.275,-1.78586111166667
"unhealthy",2023-10-15 09:00:00,11.4326666666667,6,13.2,-1.76733333333333
"unhealthy",2023-10-15 10:00:00,11.4092222225,6,13.1,-1.6907777775
"unhealthy",2023-10-15 11:00:00,11.4298333316667,6,13.1,-1.67016666833333
"unhealthy",2023-10-15 12:00:00,11.5011666666667,6,13.15,-1.64883333333333
"unhealthy",2023-10-15 13:00:00,11.59388889,6,13.25,-1.65611111
"unhealthy",2023-10-15 14:00:00,11.6949722216667,6,13.375,-1.68002777833333
"unhealthy",2023-10-15 15:00:00,11.7720000008333,6,13.525,-1.75299999916667
"unhealthy",2023-10-15 16:00:00,11.8214722208333,6,13.65,-1.82852777916666
"unhealthy",2023-10-15 17:00:00,11.8439166666667,6,13.75,-1.90608333333333
"unhealthy",2023-10-15 18:00:00,11.8343611108333,6,13.8,-1.96563888916667
"unhealthy",2023-10-15 19:00:00,11.7917499991667,6,13.8,-2.00825000083333
"unhealthy",2023-10-15 20:00:00,11.7202500008333,6,13.775,-2.05474999916667
"unhealthy",2023-10-15 21:00:00,11.6334999991667,6,13.65,-2.01650000083333
"unhealthy",2023-10-15 22:00:00,11.5438611125,6,13.55,-2.0061388875
"unhealthy",2023-10-15 23:00:00,11.4649722225,6,13.375,-1.9100277775
"unhealthy",2023-10-16,11.4016388883333,6,13.25,-1.84836111166667
"unhealthy",2023-10-16 01:00:00,11.3585277766667,6,13.175,-1.81647222333333
"unhealthy",2023-10-16 02:00:00,11.3372777783333,6,13.1,-1.76272222166667
"unhealthy",2023-10-16 03:00:00,11.3243888866667,6,13.025,-1.70061111333333
"unhealthy",2023-10-16 04:00:00,11.2978055558333,6,13,-1.70219444416667
"unhealthy",2023-10-16 05:00:00,11.2701111116667,6,12.925,-1.65488888833333
"unhealthy",2023-10-16 06:00:00,11.236444445,6,12.9,-1.663555555
"unhealthy",2023-10-16 07:00:00,11.1970277775,6,12.8,-1.6029722225
"unhealthy",2023-10-16 08:00:00,11.1635000016667,6,12.75,-1.58649999833333
"unhealthy",2023-10-16 09:00:00,11.163194445,6,12.7,-1.536805555
"unhealthy",2023-10-16 10:00:00,11.2069444458333,6,12.7,-1.49305555416667
"unhealthy",2023-10-16 11:00:00,11.2928611108333,6,12.725,-1.43213888916667
"unhealthy",2023-10-16 12:00:00,11.4139166666667,6,12.825,-1.41108333333333
"unhealthy",2023-10-16 13:00:00,11.5576388866667,6,13,-1.44236111333333
"unhealthy",2023-10-16 14:00:00,11.7098611108333,6,13.25,-1.54013888916667
"unhealthy",2023-10-16 15:00:00,11.8590277775,6,13.45,-1.5909722225
"unhealthy",2023-10-16 16:00:00,11.9335277775,6,13.65,-1.7164722225
"unhealthy",2023-10-16 17:00:00,11.9595277783333,6,13.8,-1.84047222166667
"unhealthy",2023-10-16 18:00:00,11.9481111125,6,13.9,-1.9518888875
"unhealthy",2023-10-16 19:00:00,11.9074722241667,6,13.9,-1.99252777583333
"unhealthy",2023-10-16 20:00:00,11.8576944458333,6,13.9,-2.04230555416667
"unhealthy",2023-10-16 21:00:00,11.8051666666667,6,13.9,-2.09483333333333
"unhealthy",2023-10-16 22:00:00,11.74688889,6,13.825,-2.07811111
"unhealthy",2023-10-16 23:00:00,11.6810833316667,6,13.8,-2.11891666833333
"unhealthy",2023-10-17,11.6203333325,6,13.7,-2.0796666675
"unhealthy",2023-10-17 01:00:00,11.56775,6,13.6,-2.03225
"unhealthy",2023-10-17 02:00:00,11.5141388891667,6,13.5,-1.98586111083333
"unhealthy",2023-10-17 03:00:00,11.4548055558333,6,13.375,-1.92019444416667
"unhealthy",2023-10-17 04:00:00,11.3995833333333,6,13.25,-1.85041666666667
"unhealthy",2023-10-17 05:00:00,11.3428888891667,6,13.15,-1.80711111083333
"unhealthy",2023-10-17 06:00:00,11.2824999991667,6,13.025,-1.74250000083333
"unhealthy",2023-10-17 07:00:00,11.2213611125,6,12.925,-1.7036388875
"unhealthy",2023-10-17 08:00:00,11.1677777766667,6,12.8,-1.63222222333333
"unhealthy",2023-10-17 09:00:00,11.1360833333333,6,12.7,-1.56391666666667
"unhealthy",2023-10-17 10:00:00,11.150444445,6,12.6,-1.449555555
"unhealthy",2023-10-17 11:00:00,11.2361388891667,6,12.65,-1.41386111083333
"unhealthy",2023-10-17 12:00:00,11.3774722225,6,12.75,-1.3725277775
"unhealthy",2023-10-17 13:00:00,11.5475000016667,6,12.975,-1.42749999833333
"unhealthy",2023-10-17 14:00:00,11.7085833341667,6,13.2,-1.49141666583333
"unhealthy",2023-10-17 15:00:00,11.8426944441667,6,13.475,-1.63230555583333
"unhealthy",2023-10-17 16:00:00,11.9389444441667,6,13.675,-1.73605555583333
"unhealthy",2023-10-17 17:00:00,11.994944445,6,13.825,-1.830055555
"unhealthy",2023-10-17 18:00:00,12.0248888891667,6,13.9,-1.87511111083333
"unhealthy",2023-10-17 19:00:00,12.0248611116667,6,13.95,-1.92513888833333
"unhealthy",2023-10-17 20:00:00,11.9996111116667,6,13.975,-1.97538888833333
"unhealthy",2023-10-17 21:00:00,11.9408333333333,6,13.9,-1.95916666666667
"unhealthy",2023-10-17 22:00:00,11.8588055558333,6,13.825,-1.96619444416667
"unhealthy",2023-10-17 23:00:00,11.7833333333333,6,13.75,-1.96666666666667
"unhealthy",2023-10-18,11.729194445,6,13.65,-1.920805555
"unhealthy",2023-10-18 01:00:00,11.69613889,6,13.575,-1.87886111
"unhealthy",2023-10-18 02:00:00,11.6698055558333,6,13.5,-1.83019444416667
"unhealthy",2023-10-18 03:00:00,11.647944445,6,13.45,-1.802055555
"unhealthy",2023-10-18 04:00:00,11.6263055558333,6,13.4,-1.77369444416667
"unhealthy",2023-10-18 05:00:00,11.6060277775,6,13.375,-1.7689722225
"unhealthy",2023-10-18 06:00:00,11.585805555,6,13.3,-1.714194445
"unhealthy",2023-10-18 07:00:00,11.5654999991667,6,13.3,-1.73450000083333
"unhealthy",2023-10-18 08:00:00,11.5477222225,6,13.25,-1.7022777775
"unhealthy",2023-10-18 09:00:00,11.5443611108333,6,13.2,-1.65563888916667
"unhealthy",2023-10-18 10:00:00,11.5669722216667,6,13.2,-1.63302777833333
"unhealthy",2023-10-18 11:00:00,11.6154722233333,6,13.2,-1.58452777666667
"unhealthy",2023-10-18 12:00:00,11.6959722216667,6,13.275,-1.57902777833333
"unhealthy",2023-10-18 13:00:00,11.8197777775,6,13.375,-1.5552222225
"unhealthy",2023-10-18 14:00:00,11.9597222225,6,13.55,-1.5902777775
"unhealthy",2023-10-18 15:00:00,12.0789444425,6,13.725,-1.6460555575
"unhealthy",2023-10-18 16:00:00,12.1391111116667,6,13.875,-1.73588888833333
"unhealthy",2023-10-18 17:00:00,12.1660555558333,6,14,-1.83394444416667
"unhealthy",2023-10-18 18:00:00,12.1757777775,6,14.05,-1.8742222225
"unhealthy",2023-10-18 19:00:00,12.1561944458333,6,14.1,-1.94380555416667
"unhealthy",2023-10-18 20:00:00,12.11836111,6,14.075,-1.95663889
"unhealthy",2023-10-18 21:00:00,12.070916665,6,14,-1.929083335
"unhealthy",2023-10-18 22:00:00,12.0258611108333,6,13.95,-1.92413888916667
"unhealthy",2023-10-18 23:00:00,11.9854722225,6,13.9,-1.9145277775
"unhealthy",2023-10-19,11.9537500016667,6,13.825,-1.87124999833333
"unhealthy",2023-10-19 01:00:00,11.929055555,6,13.8,-1.870944445
"unhealthy",2023-10-19 02:00:00,11.9107222225,6,13.75,-1.8392777775
"unhealthy",2023-10-19 03:00:00,11.8979444433333,6,13.7,-1.80205555666667
"unhealthy",2023-10-19 04:00:00,11.8843888883333,6,13.675,-1.79061111166667
"unhealthy",2023-10-19 05:00:00,11.8718333333333,6,13.6,-1.72816666666667
"unhealthy",2023-10-19 06:00:00,11.8535277791667,6,13.575,-1.72147222083333
"unhealthy",2023-10-19 07:00:00,11.8503055558333,6,13.5,-1.64969444416667
"unhealthy",2023-10-19 08:00:00,11.8558611116667,6,13.475,-1.61913888833333
"unhealthy",2023-10-19 09:00:00,11.8763055558333,6,13.4,-1.52369444416667
"unhealthy",2023-10-19 10:00:00,11.9235833341667,6,13.45,-1.52641666583333
"unhealthy",2023-10-19 11:00:00,11.9880555558333,6,13.525,-1.53694444416667
"unhealthy",2023-10-19 12:00:00,12.0859444441667,6,13.625,-1.53905555583333
"unhealthy",2023-10-19 13:00:00,12.2246388883333,6,13.8,-1.57536111166667
"unhealthy",2023-10-19 14:00:00,12.3596666666667,6,14,-1.64033333333333
"unhealthy",2023-10-19 15:00:00,12.4736388891667,6,14.2,-1.72636111083333
"unhealthy",2023-10-19 16:00:00,12.5555833333333,6,14.375,-1.81941666666667
"unhealthy",2023-10-19 17:00:00,12.60636111,6,14.55,-1.94363889
"unhealthy",2023-10-19 18:00:00,12.6135277775,6,14.6,-1.9864722225
"unhealthy",2023-10-19 19:00:00,12.5811111108333,6,14.65,-2.06888888916667
"unhealthy",2023-10-19 20:00:00,12.5306388883333,6,14.6,-2.06936111166667
"unhealthy",2023-10-19 21:00:00,12.472694445,6,14.525,-2.052305555
"unhealthy",2023-10-19 22:00:00,12.41325,6,14.425,-2.01175
"unhealthy",2023-10-19 23:00:00,12.3660555558333,6,14.325,-1.95894444416667
"unhealthy",2023-10-20,12.3350833316667,6,14.225,-1.88991666833333
"unhealthy",2023-10-20 01:00:00,12.3127777775,6,14.175,-1.8622222225
"unhealthy",2023-10-20 02:00:00,12.2881944433333,6,14.1,-1.81180555666667
"unhealthy",2023-10-20 03:00:00,12.2713055566667,6,14.075,-1.80369444333333
"unhealthy",2023-10-20 04:00:00,12.2601944458333,6,14,-1.73980555416667
"unhealthy",2023-10-20 05:00:00,12.250583335,6,14,-1.749416665
"unhealthy",2023-10-20 06:00:00,12.2398055558333,6,13.9,-1.66019444416667
"unhealthy",2023-10-20 07:00:00,12.2260833341667,6,13.9,-1.67391666583333
"unhealthy",2023-10-20 08:00:00,12.2137777766667,6,13.875,-1.66122222333333
"unhealthy",2023-10-20 09:00:00,12.2163333333333,6,13.8,-1.58366666666667
"unhealthy",2023-10-20 10:00:00,12.2374722225,6,13.8,-1.5625277775
"unhealthy",2023-10-20 11:00:00,12.2645555558333,6,13.8,-1.53544444416667
"unhealthy",2023-10-20 12:00:00,12.3022222216667,6,13.8,-1.49777777833333
"unhealthy",2023-10-20 13:00:00,12.3514722225,6,13.875,-1.5235277775
"unhealthy",2023-10-20 14:00:00,12.4284722216667,6,13.9,-1.47152777833333
"unhealthy",2023-10-20 15:00:00,12.5321111116667,6,13.95,-1.41788888833333
"unhealthy",2023-10-20 16:00:00,12.618444445,6,14.025,-1.406555555
"unhealthy",2023-10-20 17:00:00,12.6736388883333,6,14.1,-1.42636111166667
"unhealthy",2023-10-20 18:00:00,12.7288333341667,6,14.1,-1.37116666583333
"unhealthy",2023-10-20 19:00:00,12.7673333325,6,14.1,-1.3326666675
"unhealthy",2023-10-20 20:00:00,12.7845833333333,6,14.1,-1.31541666666667
"unhealthy",2023-10-20 21:00:00,12.8095277783333,6,14.1,-1.29047222166667
"unhealthy",2023-10-20 22:00:00,12.8494722225,6,14.1,-1.2505277775
"unhealthy",2023-10-20 23:00:00,12.8952500008333,6,14.1,-1.20474999916667
"unhealthy",2023-10-21,12.9395555541667,6,14.1,-1.16044444583333
"unhealthy",2023-10-21 01:00:00,12.9764999991667,6,14.1,-1.12350000083333
"unhealthy",2023-10-21 02:00:00,13.0005000008333,6,14.2,-1.19949999916667
"unhealthy",2023-10-21 03:00:00,13.0128888891667,6,14.2,-1.18711111083333
"unhealthy",2023-10-21 04:00:00,13.02375,6,14.2,-1.17625
"unhealthy",2023-10-21 05:00:00,13.0333055558333,6,14.2,-1.16669444416667
"unhealthy",2023-10-21 06:00:00,13.0412777783333,6,14.2,-1.15872222166667
"unhealthy",2023-10-21 07:00:00,13.0531111116667,6,14.2,-1.14688888833333
"unhealthy",2023-10-21 08:00:00,13.06563889,6,14.2,-1.13436111
"unhealthy",2023-10-21 09:00:00,13.0894166675,6,14.2,-1.1105833325
"unhealthy",2023-10-21 10:00:00,13.1194444441667,6,14.2,-1.08055555583333
"unhealthy",2023-10-21 11:00:00,13.1548888891667,6,14.2,-1.04511111083333
"unhealthy",2023-10-21 12:00:00,13.1985555558333,6,14.3,-1.10144444416667
"unhealthy",2023-10-21 13:00:00,13.2152222233333,6,14.3,-1.08477777666667
"unhealthy",2023-10-21 14:00:00,13.089805555,6,14.3,-1.210194445
"unhealthy",2023-10-21 15:00:00,12.9633888883333,6,14.225,-1.26161111166667
"unhealthy",2023-10-21 16:00:00,12.9001388891667,6,14.175,-1.27486111083333
"unhealthy",2023-10-21 17:00:00,12.8528888883333,6,14.1,-1.24711111166667
"unhealthy",2023-10-21 18:00:00,12.8177777775,6,14.1,-1.2822222225
"unhealthy",2023-10-21 19:00:00,12.7856666658333,6,14.05,-1.26433333416667
"unhealthy",2023-10-21 20:00:00,12.7543333325,6,14,-1.2456666675
"unhealthy",2023-10-21 21:00:00,12.7181388875,6,14,-1.2818611125
"unhealthy",2023-10-21 22:00:00,12.6741388891667,6,13.95,-1.27586111083333
"unhealthy",2023-10-21 23:00:00,12.6242499983333,6,13.9,-1.27575000166667
"unhealthy",2023-10-22,12.575,6,13.9,-1.325
"unhealthy",2023-10-22 01:00:00,12.5242222233333,6,13.8,-1.27577777666667
"unhealthy",2023-10-22 02:00:00,12.4651111133333,6,13.8,-1.33488888666667
"unhealthy",2023-10-22 03:00:00,12.3955555566667,6,13.775,-1.37944444333333
"unhealthy",2023-10-22 04:00:00,12.3062500008333,6,13.7,-1.39374999916667
"unhealthy",2023-10-22 05:00:00,12.2005000008333,6,13.65,-1.44949999916667
"unhealthy",2023-10-22 06:00:00,12.0932222216667,6,13.575,-1.48177777833333
"unhealthy",2023-10-22 07:00:00,11.99161111,6,13.5,-1.50838889
"unhealthy",2023-10-22 08:00:00,11.8989166658333,6,13.4,-1.50108333416667
"unhealthy",2023-10-22 09:00:00,11.8178333333333,6,13.325,-1.50716666666667
"unhealthy",2023-10-22 10:00:00,11.760055555,6,13.3,-1.539944445
"unhealthy",2023-10-22 11:00:00,11.7208055541667,6,13.3,-1.57919444583333
"unhealthy",2023-10-22 12:00:00,11.6985833333333,6,13.3,-1.60141666666667
"unhealthy",2023-10-22 13:00:00,11.6984444458333,6,13.3,-1.60155555416667
"unhealthy",2023-10-22 14:00:00,11.7100833333333,6,13.4,-1.68991666666667
"unhealthy",2023-10-22 15:00:00,11.7122499983333,6,13.425,-1.71275000166667
"unhealthy",2023-10-22 16:00:00,11.7061944441667,6,13.5,-1.79380555583333
"unhealthy",2023-10-22 17:00:00,11.6750833341667,6,13.55,-1.87491666583333
"unhealthy",2023-10-22 18:00:00,11.6163888883333,6,13.525,-1.90861111166667
"unhealthy",2023-10-22 19:00:00,11.53625,6,13.5,-1.96375
"unhealthy",2023-10-22 20:00:00,11.456194445,6,13.425,-1.968805555
"unhealthy",2023-10-22 21:00:00,11.3770833333333,6,13.35,-1.97291666666667
"unhealthy",2023-10-22 22:00:00,11.2938055566667,6,13.25,-1.95619444333333
"unhealthy",2023-10-22 23:00:00,11.2081666658333,6,13.175,-1.96683333416667
"unhealthy",2023-10-23,11.1194722225,6,13.075,-1.9555277775
"unhealthy",2023-10-23 01:00:00,11.0330555558333,6,12.975,-1.94194444416667
"unhealthy",2023-10-23 02:00:00,10.95175,6,12.9,-1.94825
"unhealthy",2023-10-23 03:00:00,10.8763333333333,6,12.8,-1.92366666666667
"unhealthy",2023-10-23 04:00:00,10.8033055558333,6,12.725,-1.92169444416667
"unhealthy",2023-10-23 05:00:00,10.734,6,12.65,-1.916
"unhealthy",2023-10-23 06:00:00,10.6628055558333,6,12.575,-1.91219444416667
"unhealthy",2023-10-23 07:00:00,10.5884166666667,6,12.475,-1.88658333333333
"unhealthy",2023-10-23 08:00:00,10.5250833333333,6,12.375,-1.84991666666667
"unhealthy",2023-10-23 09:00:00,10.4833888891667,6,12.3,-1.81661111083333
"unhealthy",2023-10-23 10:00:00,10.4735555558333,6,12.225,-1.75144444416667
"unhealthy",2023-10-23 11:00:00,10.5312222216667,6,12.225,-1.69377777833333
"unhealthy",2023-10-23 12:00:00,10.674194445,6,12.325,-1.650805555
"unhealthy",2023-10-23 13:00:00,10.8491666675,6,12.45,-1.6008333325
"unhealthy",2023-10-23 14:00:00,11.0437777775,6,12.65,-1.6062222225
"unhealthy",2023-10-23 15:00:00,11.2084166666667,6,12.85,-1.64158333333333
"unhealthy",2023-10-23 16:00:00,11.3021388875,6,13,-1.6978611125
"unhealthy",2023-10-23 17:00:00,11.3595833325,6,13.125,-1.7654166675
"unhealthy",2023-10-23 18:00:00,11.3843888891667,6,13.2,-1.81561111083333
"unhealthy",2023-10-23 19:00:00,11.378444445,6,13.2,-1.821555555
"unhealthy",2023-10-23 20:00:00,11.3559444441667,6,13.2,-1.84405555583333
"unhealthy",2023-10-23 21:00:00,11.31986111,6,13.2,-1.88013889
"unhealthy",2023-10-23 22:00:00,11.2500277775,6,13.175,-1.9249722225
"unhealthy",2023-10-23 23:00:00,11.1567222233333,6,13.075,-1.91827777666667
"unhealthy",2023-10-24,11.0533611108333,6,12.95,-1.89663888916667
"unhealthy",2023-10-24 01:00:00,10.9396666666667,6,12.85,-1.91033333333333
"unhealthy",2023-10-24 02:00:00,10.8236944441667,6,12.725,-1.90130555583333
"unhealthy",2023-10-24 03:00:00,10.7093888883333,6,12.55,-1.84061111166667
"unhealthy",2023-10-24 04:00:00,10.5960833333333,6,12.425,-1.82891666666667
"unhealthy",2023-10-24 05:00:00,10.4918888891667,6,12.275,-1.78311111083333
"unhealthy",2023-10-24 06:00:00,10.3969166658333,6,12.15,-1.75308333416666
"unhealthy",2023-10-24 07:00:00,10.32136111,6,12.05,-1.72863889
"unhealthy",2023-10-24 08:00:00,10.2657777766667,6,11.925,-1.65922222333333
"unhealthy",2023-10-24 09:00:00,10.2333055566667,6,11.9,-1.66669444333333
"unhealthy",2023-10-24 10:00:00,10.2555277766667,6,11.8,-1.54447222333333
"unhealthy",2023-10-24 11:00:00,10.3399722216667,6,11.875,-1.53502777833333
"unhealthy",2023-10-24 12:00:00,10.4525277775,6,11.975,-1.5224722225
"unhealthy",2023-10-24 13:00:00,10.6197222216667,6,12.15,-1.53027777833333
"unhealthy",2023-10-24 14:00:00,10.7931666683333,6,12.3,-1.50683333166667
"unhealthy",2023-10-24 15:00:00,10.9462777791667,6,12.55,-1.60372222083333
"unhealthy",2023-10-24 16:00:00,11.0507222225,6,12.725,-1.6742777775
"unhealthy",2023-10-24 17:00:00,11.1143888891667,6,12.85,-1.73561111083333
"unhealthy",2023-10-24 18:00:00,11.14211111,6,12.9,-1.75788889
"unhealthy",2023-10-24 19:00:00,11.1294166658333,6,12.9,-1.77058333416667
"unhealthy",2023-10-24 20:00:00,11.096694445,6,12.9,-1.803305555
"unhealthy",2023-10-24 21:00:00,11.0652222208333,6,12.8,-1.73477777916667
"unhealthy",2023-10-24 22:00:00,11.0408055558333,6,12.725,-1.68419444416667
"unhealthy",2023-10-24 23:00:00,11.0258611125,6,12.675,-1.6491388875
"unhealthy",2023-10-25,11.0181111108333,6,12.6,-1.58188888916667
"unhealthy",2023-10-25 01:00:00,11.00475,6,12.5,-1.49525
"unhealthy",2023-10-25 02:00:00,10.9891944441667,6,12.425,-1.43580555583334
"unhealthy",2023-10-25 03:00:00,10.9713888883333,6,12.375,-1.40361111166667
"unhealthy",2023-10-25 04:00:00,10.9521388891667,6,12.3,-1.34786111083333
"unhealthy",2023-10-25 05:00:00,10.9313333325,6,12.225,-1.2936666675
"unhealthy",2023-10-25 06:00:00,10.9106666675,6,12.175,-1.2643333325
"unhealthy",2023-10-25 07:00:00,10.8886111125,6,12.1,-1.2113888875
"unhealthy",2023-10-25 08:00:00,10.8730833316667,6,12.025,-1.15191666833333
"unhealthy",2023-10-25 09:00:00,10.8743333325,6,12,-1.1256666675
"unhealthy",2023-10-25 10:00:00,10.9175277775,6,11.925,-1.0074722225
"unhealthy",2023-10-25 11:00:00,11.034055555,6,12,-0.965944445
"unhealthy",2023-10-25 12:00:00,11.263,6,12.15,-0.886999999999999
"unhealthy",2023-10-25 13:00:00,11.5409722208333,6,12.325,-0.784027779166665
"unhealthy",2023-10-25 14:00:00,11.8308611108333,6,12.6,-0.769138889166666
"unhealthy",2023-10-25 15:00:00,12.06575,6,12.875,-0.80925
"unhealthy",2023-10-25 16:00:00,12.263194445,6,13.15,-0.886805554999999
"unhealthy",2023-10-25 17:00:00,12.4064166666667,6,13.35,-0.943583333333335
"unhealthy",2023-10-25 18:00:00,12.4981388875,6,13.525,-1.0268611125
"unhealthy",2023-10-25 19:00:00,12.5479166666667,6,13.6,-1.05208333333333
"unhealthy",2023-10-25 20:00:00,12.5675000008333,6,13.6,-1.03249999916667
"unhealthy",2023-10-25 21:00:00,12.5800555558333,6,13.6,-1.01994444416667
"unhealthy",2023-10-25 22:00:00,12.5875555558333,6,13.6,-1.01244444416667
"unhealthy",2023-10-25 23:00:00,12.586305555,6,13.6,-1.013694445
"unhealthy",2023-10-26,12.5735277783333,6,13.6,-1.02647222166667
"unhealthy",2023-10-26 01:00:00,12.5499722216667,6,13.525,-0.975027778333333
"unhealthy",2023-10-26 02:00:00,12.5238611125,6,13.5,-0.9761388875
"unhealthy",2023-10-26 03:00:00,12.5035833325,6,13.475,-0.9714166675
"unhealthy",2023-10-26 04:00:00,12.4865833325,6,13.4,-0.9134166675
"unhealthy",2023-10-26 05:00:00,12.4714166683333,6,13.4,-0.928583331666667
"unhealthy",2023-10-26 06:00:00,12.4596111116667,6,13.325,-0.865388888333333
"unhealthy",2023-10-26 07:00:00,12.4573611116667,6,13.3,-0.842638888333333
"unhealthy",2023-10-26 08:00:00,12.4611944441667,6,13.3,-0.838805555833334
"unhealthy",2023-10-26 09:00:00,12.4807222225,6,13.3,-0.8192777775
"unhealthy",2023-10-26 10:00:00,12.5304444458333,6,13.3,-0.769555554166667
"unhealthy",2023-10-26 11:00:00,12.6435000008333,6,13.35,-0.706499999166669
"unhealthy",2023-10-26 12:00:00,12.8370833341667,6,13.45,-0.612916665833334
"unhealthy",2023-10-26 13:00:00,13.0634722216667,6,13.675,-0.611527778333334
"unhealthy",2023-10-26 14:00:00,13.2824722225,6,13.9,-0.617527777500001
"unhealthy",2023-10-26 15:00:00,13.4892500008333,6,14.15,-0.660749999166665
"unhealthy",2023-10-26 16:00:00,13.64286111,6,14.375,-0.73213889
"unhealthy",2023-10-26 17:00:00,13.7605277766667,6,14.55,-0.789472223333334
"unhealthy",2023-10-26 18:00:00,13.8236388883333,6,14.7,-0.876361111666666
"unhealthy",2023-10-26 19:00:00,13.8507222216667,6,14.8,-0.949277778333334
"unhealthy",2023-10-26 20:00:00,13.8540833325,6,14.8,-0.945916667500001
"unhealthy",2023-10-26 21:00:00,13.8374444441667,6,14.8,-0.962555555833333
"unhealthy",2023-10-26 22:00:00,13.8098611116667,6,14.8,-0.990138888333334
"unhealthy",2023-10-26 23:00:00,13.77925,6,14.75,-0.970750000000001
"unhealthy",2023-10-27,13.7518888891667,6,14.7,-0.948111110833333
"unhealthy",2023-10-27 01:00:00,13.7302222208333,6,14.625,-0.894777779166667
"unhealthy",2023-10-27 02:00:00,13.7111388883333,6,14.6,-0.888861111666666
"unhealthy",2023-10-27 03:00:00,13.6877777783333,6,14.55,-0.862222221666666
"unhealthy",2023-10-27 04:00:00,13.6629999991667,6,14.5,-0.837000000833333
"unhealthy",2023-10-27 05:00:00,13.632444445,6,14.5,-0.867555554999999
"unhealthy",2023-10-27 06:00:00,13.5930833333333,6,14.4,-0.806916666666668
"unhealthy",2023-10-27 07:00:00,13.5425833333333,6,14.4,-0.857416666666667
"unhealthy",2023-10-27 08:00:00,13.4958611116667,6,14.3,-0.804138888333334
"unhealthy",2023-10-27 09:00:00,13.473,6,14.3,-0.827
"unhealthy",2023-10-27 10:00:00,13.4819722241667,6,14.3,-0.818027775833334
"unhealthy",2023-10-27 11:00:00,13.56588889,6,14.3,-0.734111110000001
"unhealthy",2023-10-27 12:00:00,13.757,6,14.375,-0.618
"unhealthy",2023-10-27 13:00:00,13.9966388908333,6,14.575,-0.578361109166666
"unhealthy",2023-10-27 14:00:00,14.2279166675,6,14.8,-0.5720833325
"unhealthy",2023-10-27 15:00:00,14.4230277766667,6,15.075,-0.651972223333333
"unhealthy",2023-10-27 16:00:00,14.521555555,6,15.3,-0.778444445000002
"unhealthy",2023-10-27 17:00:00,14.579055555,6,15.45,-0.870944444999999
"unhealthy",2023-10-27 18:00:00,14.5857777766667,6,15.55,-0.964222223333334
"unhealthy",2023-10-27 19:00:00,14.5455833333333,6,15.6,-1.05441666666667
"unhealthy",2023-10-27 20:00:00,14.4875,6,15.55,-1.0625
"unhealthy",2023-10-27 21:00:00,14.4314166666667,6,15.475,-1.04358333333333
"unhealthy",2023-10-27 22:00:00,14.3716666675,6,15.4,-1.0283333325
"unhealthy",2023-10-27 23:00:00,14.3020555566667,6,15.3,-0.997944443333335
"unhealthy",2023-10-28,14.2314166666667,6,15.225,-0.993583333333333
"unhealthy",2023-10-28 01:00:00,14.1603055558333,6,15.125,-0.964694444166666
"unhealthy",2023-10-28 02:00:00,14.0874444441667,6,15.05,-0.962555555833335
"unhealthy",2023-10-28 03:00:00,14.01113889,6,14.925,-0.913861110000001
"unhealthy",2023-10-28 04:00:00,13.9361388891667,6,14.825,-0.888861110833334
"unhealthy",2023-10-28 05:00:00,13.8620555541667,6,14.75,-0.887944445833334
"unhealthy",2023-10-28 06:00:00,13.7907500008333,6,14.65,-0.859249999166666
"unhealthy",2023-10-28 07:00:00,13.724305555,6,14.575,-0.850694445
"unhealthy",2023-10-28 08:00:00,13.6654444458333,6,14.5,-0.834555554166666
"unhealthy",2023-10-28 09:00:00,13.6328888883333,6,14.4,-0.767111111666667
"unhealthy",2023-10-28 10:00:00,13.65661111,6,14.4,-0.74338889
"unhealthy",2023-10-28 11:00:00,13.7725277783333,6,14.4,-0.627472221666666
"unhealthy",2023-10-28 12:00:00,13.9902777783333,6,14.55,-0.559722221666668
"unhealthy",2023-10-28 13:00:00,14.2462777758333,6,14.725,-0.478722224166667
"unhealthy",2023-10-28 14:00:00,14.4871666666667,6,14.975,-0.487833333333333
"unhealthy",2023-10-28 15:00:00,14.6694444441667,6,15.2,-0.530555555833333
"unhealthy",2023-10-28 16:00:00,14.797944445,6,15.4,-0.602055555
"unhealthy",2023-10-28 17:00:00,14.8707222233333,6,15.55,-0.679277776666668
"unhealthy",2023-10-28 18:00:00,14.8642222225,6,15.625,-0.7607777775
"unhealthy",2023-10-28 19:00:00,14.7839444441667,6,15.65,-0.866055555833332
"unhealthy",2023-10-28 20:00:00,14.6684444458333,6,15.6,-0.931555554166666
"unhealthy",2023-10-28 21:00:00,14.5218611108333,6,15.475,-0.953138889166667
"unhealthy",2023-10-28 22:00:00,14.3677777766667,6,15.375,-1.00722222333333
"unhealthy",2023-10-28 23:00:00,14.2072222225,6,15.25,-1.0427777775
"unhealthy",2023-10-29,14.0499166666667,6,15.1,-1.05008333333333
"unhealthy",2023-10-29 01:00:00,13.8998888883333,6,14.95,-1.05011111166667
"unhealthy",2023-10-29 02:00:00,13.7493611108333,6,14.825,-1.07563888916667
"unhealthy",2023-10-29 03:00:00,13.6093055558333,6,14.675,-1.06569444416666
"unhealthy",2023-10-29 04:00:00,13.4793611116667,6,14.525,-1.04563888833333
"unhealthy",2023-10-29 05:00:00,13.34775,6,14.4,-1.05225
"unhealthy",2023-10-29 06:00:00,13.216666665,6,14.3,-1.083333335
"unhealthy",2023-10-29 07:00:00,13.0929722208333,6,14.2,-1.10702777916667
"unhealthy",2023-10-29 08:00:00,12.9800555558333,6,14.1,-1.11994444416667
"unhealthy",2023-10-29 09:00:00,12.8790000008333,6,14,-1.12099999916667
"unhealthy",2023-10-29 10:00:00,12.7820555566667,6,13.925,-1.14294444333333
"unhealthy",2023-10-29 11:00:00,12.6856666666667,6,13.875,-1.18933333333333
"unhealthy",2023-10-29 12:00:00,12.5454722216667,6,13.8,-1.25452777833333
"unhealthy",2023-10-29 13:00:00,12.4043611116667,6,13.75,-1.34563888833333
"unhealthy",2023-10-29 14:00:00,12.3010000008333,6,13.7,-1.39899999916667
"unhealthy",2023-10-29 15:00:00,12.2149444441667,6,13.7,-1.48505555583333
"unhealthy",2023-10-29 16:00:00,12.13711111,6,13.675,-1.53788889
"unhealthy",2023-10-29 17:00:00,12.0616944441667,6,13.6,-1.53830555583333
"unhealthy",2023-10-29 18:00:00,11.9856666666667,6,13.6,-1.61433333333333
"unhealthy",2023-10-29 19:00:00,11.9013888891667,6,13.55,-1.64861111083333
"unhealthy",2023-10-29 20:00:00,11.8047222225,6,13.5,-1.6952777775
"unhealthy",2023-10-29 21:00:00,11.7040277783333,6,13.4,-1.69597222166667
"unhealthy",2023-10-29 22:00:00,11.6097222233333,6,13.35,-1.74027777666667
"unhealthy",2023-10-29 23:00:00,11.5143333325,6,13.275,-1.7606666675
"unhealthy",2023-10-30,11.4225277783333,6,13.2,-1.77747222166667
"unhealthy",2023-10-30 01:00:00,11.3367777775,6,13.125,-1.7882222225
"unhealthy",2023-10-30 02:00:00,11.26025,6,13.05,-1.78975
"unhealthy",2023-10-30 03:00:00,11.1947222233333,6,13,-1.80527777666667
"unhealthy",2023-10-30 04:00:00,11.1366944433333,6,12.9,-1.76330555666667
"unhealthy",2023-10-30 05:00:00,11.0872499991667,6,12.875,-1.78775000083333
"unhealthy",2023-10-30 06:00:00,11.0343055558333,6,12.8,-1.76569444416667
"unhealthy",2023-10-30 07:00:00,10.9465555558333,6,12.75,-1.80344444416667
"unhealthy",2023-10-30 08:00:00,10.8722222208333,6,12.7,-1.82777777916667
"unhealthy",2023-10-30 09:00:00,10.8486944441667,6,12.625,-1.77630555583333
"unhealthy",2023-10-30 10:00:00,10.8414999991667,6,12.6,-1.75850000083333
"unhealthy",2023-10-30 11:00:00,10.8501944441667,6,12.6,-1.74980555583333
"unhealthy",2023-10-30 12:00:00,10.8703888891667,6,12.6,-1.72961111083333
"unhealthy",2023-10-30 13:00:00,10.8782222216667,6,12.6,-1.72177777833333
"unhealthy",2023-10-30 14:00:00,10.895444445,6,12.6,-1.704555555
"unhealthy",2023-10-30 15:00:00,10.9196666658333,6,12.625,-1.70533333416667
"unhealthy",2023-10-30 16:00:00,10.9301944441667,6,12.7,-1.76980555583333
"unhealthy",2023-10-30 17:00:00,10.9427777766667,6,12.7,-1.75722222333333
"unhealthy",2023-10-30 18:00:00,10.9505833325,6,12.7,-1.7494166675
"unhealthy",2023-10-30 19:00:00,10.9516111125,6,12.7,-1.7483888875
"unhealthy",2023-10-30 20:00:00,10.9428888891667,6,12.7,-1.75711111083333
"unhealthy",2023-10-30 21:00:00,10.9167222216667,6,12.7,-1.78327777833333
"unhealthy",2023-10-30 22:00:00,10.8648333325,6,12.675,-1.8101666675
"unhealthy",2023-10-30 23:00:00,10.7782777758333,6,12.6,-1.82172222416667
"unhealthy",2023-10-31,10.6776388891667,6,12.55,-1.87236111083333
"unhealthy",2023-10-31 01:00:00,10.5673333341667,6,12.475,-1.90766666583333
"unhealthy",2023-10-31 02:00:00,10.454305555,6,12.375,-1.920694445
"unhealthy",2023-10-31 03:00:00,10.3370833333333,6,12.275,-1.93791666666667
"unhealthy",2023-10-31 04:00:00,10.208555555,6,12.15,-1.941444445
"unhealthy",2023-10-31 05:00:00,10.0742222208333,6,12.05,-1.97577777916667
"unhealthy",2023-10-31 06:00:00,9.92124999991667,6,11.925,-2.00375000008333
"unhealthy",2023-10-31 07:00:00,9.75727777766667,6,11.75,-1.99272222233333
"unhealthy",2023-10-31 08:00:00,9.59850555558333,6,11.6,-2.00149444441667
"unhealthy",2023-10-31 09:00:00,9.46846388891667,6,11.425,-1.95653611108333
"unhealthy",2023-10-31 10:00:00,9.37600000008333,6,11.25,-1.87399999991667
"unhealthy",2023-10-31 11:00:00,9.35577777775,6,11.175,-1.81922222225
"unhealthy",2023-10-31 12:00:00,9.42061111125,6,11.125,-1.70438888875
"unhealthy",2023-10-31 13:00:00,9.49588888875,6,11.2,-1.70411111125
"unhealthy",2023-10-31 14:00:00,9.57108333333333,6,11.35,-1.77891666666667
"unhealthy",2023-10-31 15:00:00,9.63897222225,6,11.475,-1.83602777775
"unhealthy",2023-10-31 16:00:00,9.66747222225,6,11.625,-1.95752777775
"unhealthy",2023-10-31 17:00:00,9.65505555558333,6,11.725,-2.06994444441667
"unhealthy",2023-10-31 18:00:00,9.625111111,6,11.8,-2.174888889
"unhealthy",2023-10-31 19:00:00,9.57677777783333,6,11.75,-2.17322222216667
"unhealthy",2023-10-31 20:00:00,9.51911111108333,6,11.7,-2.18088888891667
"unhealthy",2023-10-31 21:00:00,9.45712222225,6,11.65,-2.19287777775
"unhealthy",2023-10-31 22:00:00,9.39577500008333,6,11.575,-2.17922499991667
"unhealthy",2023-10-31 23:00:00,9.33152777783333,6,11.5,-2.16847222216667
"unhealthy",2023-11-01,9.26621666675,6,11.4,-2.13378333325
