"unit","stand","wet_pct","wet_h"
"114","healthy",66.796875,342
"112","healthy",41.90800681431,246
"102","unhealthy",30.4182509505703,160
"100","healthy",13.7628111273792,94
"24","unhealthy",55.952380952381,94
"105","unhealthy",13.12,82
"111","healthy",12.9133858267717,82
"106","unhealthy",13.3779264214047,80
"22","healthy",12.2065727699531,78
"108","healthy",12.6666666666667,76
"13","healthy",11.3464447806354,75
"104","unhealthy",12.0287253141831,67
"110","unhealthy",10.016694490818,60
"113","unhealthy",17.0886075949367,54
"101","healthy",7.37018425460637,44
"103","unhealthy",13.4969325153374,44
