"series","state","n","pct"
"Autochamber Stand 1",">= 3 units",491,68.1944444444444
"Autochamber Stand 1","1-2 units",23,3.19444444444444
"Autochamber Stand 1","measured, removed by QC",39,5.41666666666667
"Autochamber Stand 1","no data (down)",167,23.1944444444444
"Autochamber Stand 2",">= 3 units",644,89.4444444444444
"Autochamber Stand 2","1-2 units",1,0.138888888888889
"Autochamber Stand 2","measured, removed by QC",2,0.277777777777778
"Autochamber Stand 2","no data (down)",73,10.1388888888889
"Fluxbot 2.0 Stand 1",">= 3 units",650,90.2777777777778
"Fluxbot 2.0 Stand 1","1-2 units",45,6.25
"Fluxbot 2.0 Stand 1","no data (down)",25,3.47222222222222
"Fluxbot 2.0 Stand 2",">= 3 units",553,76.8055555555556
"Fluxbot 2.0 Stand 2","1-2 units",75,10.4166666666667
"Fluxbot 2.0 Stand 2","measured, removed by QC",3,0.416666666666667
"Fluxbot 2.0 Stand 2","no data (down)",89,12.3611111111111
