"sensor","group","k30_slope","test","phase","t0","lgr_slope","ratio","ref_slope","rel_unc"
"covered","covered",-0.992603808747306,"22 Sep","Dry",2023-09-22 13:20:45,-1.0265104169239,0.966969055922297,-1.1375,0.872618732964666
"uncovered","uncovered",-1.1375,"22 Sep","Dry",2023-09-22 13:20:45,-1.0265104169239,1.10812319217246,-1.1375,1
"covered","covered",0.314285714285717,"22 Sep","Dry",2023-09-22 13:45:35,1.57263485203935,0.199846591138534,0.530952380952383,0.591928251121079
"uncovered","uncovered",0.530952380952383,"22 Sep","Dry",2023-09-22 13:45:35,1.57263485203935,0.337619619877977,0.530952380952383,1
"covered","covered",1.77440476190476,"22 Sep","Dry",2023-09-22 13:47:05,1.50268314195168,1.18082429513395,1.56849816849817,1.13127627276974
"uncovered","uncovered",1.56849816849817,"22 Sep","Dry",2023-09-22 13:47:05,1.50268314195168,1.04379833958941,1.56849816849817,1
"covered","covered",-0.073809523809522,"22 Sep","Dry",2023-09-22 13:51:05,1.03262118780096,-0.071477832027352,-0.0297619047619018,2.48000000000018
"uncovered","uncovered",-0.0297619047619018,"22 Sep","Dry",2023-09-22 13:51:05,1.03262118780096,-0.0288217064626398,-0.0297619047619018,1
"covered","covered",-2.67012987012987,"22 Sep","Dry",2023-09-22 14:01:15,-3.04646872453389,0.876467185967387,-2.26616643684748,1.17825850154429
"uncovered","uncovered",-2.26616643684748,"22 Sep","Dry",2023-09-22 14:01:15,-3.04646872453389,0.743866634374919,-2.26616643684748,1
"covered","covered",0.73400710940882,"22 Sep","Dry",2023-09-22 14:02:45,1.55618808906449,0.471669918672922,0.847023809523811,0.866571991431353
"uncovered","uncovered",0.847023809523811,"22 Sep","Dry",2023-09-22 14:02:45,1.55618808906449,0.544293980577246,0.847023809523811,1
"covered","covered",1.3172619047619,"22 Sep","Dry",2023-09-22 14:04:15,1.25550452319217,1.04918929436647,1.48928571428572,0.884492406075137
"uncovered","uncovered",1.48928571428572,"22 Sep","Dry",2023-09-22 14:04:15,1.25550452319217,1.18620497718252,1.48928571428572,1
"covered","covered",-0.0944126296238988,"22 Sep","Dry",2023-09-22 14:08:05,1.04568242169815,-0.0902880527250099,0.101663657717469,-0.928676301282396
"uncovered","uncovered",0.101663657717469,"22 Sep","Dry",2023-09-22 14:08:05,1.04568242169815,0.0972223072779314,0.101663657717469,1
"covered","covered",-0.108445545065262,"22 Sep","Dry",2023-09-22 15:52:45,1.00012005597399,-0.10843252709261,0.145238095238096,-0.746674244711638
"uncovered","uncovered",0.145238095238096,"22 Sep","Dry",2023-09-22 15:52:45,1.00012005597399,0.14522066063024,0.145238095238096,1
"covered","covered",-0.0859564164648853,"22 Sep","Dry",2023-09-22 16:23:25,1.03414050705848,-0.0831187018380901,0.076190476190475,-1.12817796610164
"uncovered","uncovered",0.076190476190475,"22 Sep","Dry",2023-09-22 16:23:25,1.03414050705848,0.073675168577616,0.076190476190475,1
"covered","covered",-0.109523809523812,"22 Sep","Dry",2023-09-22 17:13:05,1.05042208091533,-0.104266476794141,0.101785714285719,-1.07602339181284
"uncovered","uncovered",0.101785714285719,"22 Sep","Dry",2023-09-22 17:13:05,1.05042208091533,0.0968998235423829,0.101785714285719,1
"covered","covered",-1.37189126662811,"22 Sep","Dry",2023-09-22 17:30:25,-2.80165030250648,0.489672556707294,-1.54642857142857,0.887135230152129
"uncovered","uncovered",-1.54642857142857,"22 Sep","Dry",2023-09-22 17:30:25,-2.80165030250648,0.551970590349933,-1.54642857142857,1
"covered","covered",0.801785714285713,"22 Sep","Covered sensor wetted",2023-09-22 17:36:35,1.13118751286167,0.708800004569853,0.263232271325797,3.04592484138603
"uncovered","uncovered",0.263232271325797,"22 Sep","Covered sensor wetted",2023-09-22 17:36:35,1.13118751286167,0.232704364513249,0.263232271325797,1
"covered","covered",1.28095238095238,"22 Sep","Covered sensor wetted",2023-09-22 17:38:05,1.28931752891303,0.993511956695644,1.5375,0.833139759969027
"uncovered","uncovered",1.5375,"22 Sep","Covered sensor wetted",2023-09-22 17:38:05,1.28931752891303,1.19249134950969,1.5375,1
"covered","covered",-1.77440476190476,"22 Sep","Covered sensor wetted",2023-09-22 17:41:45,-2.57159276453883,0.690002237668827,-1.53809523809524,1.15363777089783
"uncovered","uncovered",-1.53809523809524,"22 Sep","Covered sensor wetted",2023-09-22 17:41:45,-2.57159276453883,0.598109957107096,-1.53809523809524,1
"covered","covered",0.301941581734325,"22 Sep","Covered sensor wetted",2023-09-22 17:44:05,1.34588154093098,0.224344842062003,0.363690476190476,0.830215805750681
"uncovered","uncovered",0.363690476190476,"22 Sep","Covered sensor wetted",2023-09-22 17:44:05,1.34588154093098,0.270224730134052,0.363690476190476,1
"covered","covered",2.31488095238095,"22 Sep","Covered sensor wetted",2023-09-22 17:45:35,1.14409429147631,2.02333056779252,1.45,1.59646962233169
"uncovered","uncovered",1.45,"22 Sep","Covered sensor wetted",2023-09-22 17:45:35,1.14409429147631,1.26737805686361,1.45,1
"c1","uncovered",-0.25892857142857,"13 Dec","Dry",2023-12-13 15:49:51,-1.40563611145409,0.184207398571111,-0.171096039698652,1.51335221951727
"c2","uncovered",-0.59345238095238,"13 Dec","Dry",2023-12-13 15:49:51,-1.40563611145409,0.422194888219307,-0.171096039698652,3.46853370772122
"c3","uncovered",-0.0832635079687331,"13 Dec","Dry",2023-12-13 15:49:51,-1.40563611145409,0.0592354644920153,-0.171096039698652,0.486647780482726
"t1","covered",-0.380357142857141,"13 Dec","Dry",2023-12-13 15:49:51,-1.40563611145409,0.270594316521701,-0.171096039698652,2.22306222591158
"t2","covered",0.208928571428571,"13 Dec","Dry",2023-12-13 15:49:51,-1.40563611145409,-0.148636314709104,-0.171096039698652,-1.22111868747256
"c1","uncovered",1.89642857142857,"13 Dec","Dry",2023-12-13 16:04:31,1.95909297444129,0.968013563506045,1.94869432613874,0.973179090219997
"c2","uncovered",2.04285714285714,"13 Dec","Dry",2023-12-13 16:04:31,1.95909297444129,1.04275660701593,1.94869432613874,1.04832097854207
"c3","uncovered",2.00096008084891,"13 Dec","Dry",2023-12-13 16:04:31,1.95909297444129,1.02137065823513,1.94869432613874,1.02682090978
"t1","covered",1.58791208791209,"13 Dec","Dry",2023-12-13 16:04:31,1.95909297444129,0.810534317987099,1.94869432613874,0.814859501879123
"t2","covered",2.00059523809524,"13 Dec","Dry",2023-12-13 16:04:31,1.95909297444129,1.02118442779153,1.94869432613874,1.02663368557106
"c1","uncovered",1.70382479398065,"13 Dec","Dry",2023-12-13 16:06:01,1.61919523809524,1.05226643081348,1.68613858746652,1.01048917725126
"c2","uncovered",1.28333333333333,"13 Dec","Dry",2023-12-13 16:06:01,1.61919523809524,0.792574794651076,1.68613858746652,0.761107860808516
"c3","uncovered",1.66845238095238,"13 Dec","Dry",2023-12-13 16:06:01,1.61919523809524,1.03042075575462,1.68613858746652,0.989510822748735
"t1","covered",1.44289044289044,"13 Dec","Dry",2023-12-13 16:06:01,1.61919523809524,0.891115789463292,1.68613858746652,0.855736564963164
"t2","covered",1.49284150244231,"13 Dec","Dry",2023-12-13 16:06:01,1.61919523809524,0.921965101749207,1.68613858746652,0.885361092818209
"c1","uncovered",0.849404761904768,"13 Dec","Dry",2023-12-13 16:07:31,1.08983917356052,0.779385419896174,0.962202380952387,0.882771419733994
"c2","uncovered",1.29568181232443,"13 Dec","Dry",2023-12-13 16:07:31,1.08983917356052,1.18887432545796,0.962202380952387,1.34657930386949
"c3","uncovered",1.07500000000001,"13 Dec","Dry",2023-12-13 16:07:31,1.08983917356052,0.986384070310083,0.962202380952387,1.11722858026601
"t1","covered",0.986199262936994,"13 Dec","Dry",2023-12-13 16:07:31,1.08983917356052,0.904903481965201,0.962202380952387,1.02493953710742
"t2","covered",1.06726190476191,"13 Dec","Dry",2023-12-13 16:07:31,1.08983917356052,0.979283852749708,0.962202380952387,1.10918651407361
"c1","uncovered",-2.56428571428571,"13 Dec","Dry",2023-12-13 16:09:01,-2.85367609993003,0.898590318063281,-2.48566961858152,1.03162773327416
"c2","uncovered",-2.37738095238095,"13 Dec","Dry",2023-12-13 16:09:01,-2.85367609993003,0.833094180674268,-2.48566961858152,0.956434811211005
"c3","uncovered",-2.40705352287734,"13 Dec","Dry",2023-12-13 16:09:01,-2.85367609993003,0.84349219693726,-2.48566961858152,0.968372266725837
"t1","covered",-1.81727919383521,"13 Dec","Dry",2023-12-13 16:09:01,-2.85367609993003,0.636820413458894,-2.48566961858152,0.731102468425494
"t2","covered",-1.83273809523809,"13 Dec","Dry",2023-12-13 16:09:01,-2.85367609993003,0.642237601976984,-2.48566961858152,0.737321678447343
"c1","uncovered",9.63869047619048,"13 Dec","Dry",2023-12-13 16:14:11,10.6372774745853,0.906123817792598,9.95833333333333,0.967901972504483
"c2","uncovered",13.6452380952381,"13 Dec","Dry",2023-12-13 16:14:11,10.6372774745853,1.28277542142145,9.95833333333333,1.37023311416617
"c3","uncovered",10.2779761904762,"13 Dec","Dry",2023-12-13 16:14:11,10.6372774745853,0.966222439438324,9.95833333333333,1.03209802749552
"t1","covered",9.370151371807,"13 Dec","Dry",2023-12-13 16:14:11,10.6372774745853,0.880878720536738,9.95833333333333,0.940935702608235
"t2","covered",9.41130952380952,"13 Dec","Dry",2023-12-13 16:14:11,10.6372774745853,0.884747957952125,9.95833333333333,0.945068738792588
"c1","uncovered",5.33480718388185,"13 Dec","Dry",2023-12-13 16:21:41,5.54905506852698,0.961390203917727,5.20817740146473,1.02431364614836
"c2","uncovered",7.09320422489353,"13 Dec","Dry",2023-12-13 16:21:41,5.54905506852698,1.2782724513088,5.20817740146473,1.36193598607042
"c3","uncovered",5.08154761904762,"13 Dec","Dry",2023-12-13 16:21:41,5.54905506852698,0.915750079300716,5.20817740146473,0.975686353851637
"t1","covered",4.60892857142857,"13 Dec","Dry",2023-12-13 16:21:41,5.54905506852698,0.830578993091887,5.20817740146473,0.884940779884412
"t2","covered",5.1479819751768,"13 Dec","Dry",2023-12-13 16:21:41,5.54905506852698,0.927722271918875,5.20817740146473,0.988442132122649
"c1","uncovered",3.63333333333334,"13 Dec","Dry",2023-12-13 16:23:11,3.42505166069886,1.06081124995119,3.62255794468394,1.00297452485617
"c2","uncovered",2.34226190476191,"13 Dec","Dry",2023-12-13 16:23:11,3.42505166069886,0.683861774010144,3.62255794468394,0.646576794775401
"c3","uncovered",3.61178255603455,"13 Dec","Dry",2023-12-13 16:23:11,3.42505166069886,1.05451914710612,3.62255794468394,0.997025475143825
"t1","covered",3.11336405529954,"13 Dec","Dry",2023-12-13 16:23:11,3.42505166069886,0.908997692217081,3.62255794468394,0.859438027725233
"t2","covered",3.41428571428572,"13 Dec","Dry",2023-12-13 16:23:11,3.42505166069886,0.996856705393185,3.62255794468394,0.942506860185947
"c1","uncovered",-1.14585785944618,"13 Dec","Dry",2023-12-13 16:26:31,-1.15294711281229,0.993851189454116,-1.21803588609837,0.940742282328489
"c2","uncovered",-1.20595238095238,"13 Dec","Dry",2023-12-13 16:26:31,-1.15294711281229,1.04597372034768,-1.21803588609837,0.990079516306622
"c3","uncovered",-1.29021391275055,"13 Dec","Dry",2023-12-13 16:26:31,-1.15294711281229,1.11905732571154,-1.21803588609837,1.05925771767151
"t1","covered",-1.67271328836824,"13 Dec","Dry",2023-12-13 16:26:31,-1.15294711281229,1.45081528005923,-1.21803588609837,1.37328736161157
"t2","covered",-0.640339751719892,"13 Dec","Dry",2023-12-13 16:26:31,-1.15294711281229,0.555393863780938,-1.21803588609837,0.525715013020708
"c1","uncovered",2.72976190476191,"13 Dec","Dry",2023-12-13 16:29:51,3.4160924147014,0.799089009715948,2.98618259409122,0.914130941009203
"c2","uncovered",3.9625,"13 Dec","Dry",2023-12-13 16:29:51,3.4160924147014,1.15995105487987,2.98618259409122,1.32694497913176
"c3","uncovered",3.24260328342053,"13 Dec","Dry",2023-12-13 16:29:51,3.4160924147014,0.94921415751686,2.98618259409122,1.0858690589908
"t1","covered",2.62314886472448,"13 Dec","Dry",2023-12-13 16:29:51,3.4160924147014,0.767879947695667,2.98618259409122,0.878428824116423
"t2","covered",2.7672619047619,"13 Dec","Dry",2023-12-13 16:29:51,3.4160924147014,0.81006646449399,2.98618259409122,0.92668877992843
"c1","uncovered",3.00941619585687,"13 Dec","Dry",2023-12-13 16:31:21,2.9921031649998,1.00578624128325,2.90976762173796,1.03424623099607
"c2","uncovered",2.51011904761905,"13 Dec","Dry",2023-12-13 16:31:21,2.9921031649998,0.838914605947158,2.90976762173796,0.862652752359582
"c3","uncovered",2.81011904761905,"13 Dec","Dry",2023-12-13 16:31:21,2.9921031649998,0.939178528498111,2.90976762173796,0.965753769003934
"t1","covered",3.06536049259553,"13 Dec","Dry",2023-12-13 16:31:21,2.9921031649998,1.02448355673449,2.90976762173796,1.05347261056009
"t2","covered",2.7417656328068,"13 Dec","Dry",2023-12-13 16:31:21,2.9921031649998,0.916333923535349,2.90976762173796,0.94226274714308
"c1","uncovered",0.843220504538766,"13 Dec","Wet PTFE",2023-12-13 16:42:01,1.12908992056633,0.746814305202394,0.89890769653257,0.938050155529193
"c2","uncovered",0.230677581767171,"13 Dec","Wet PTFE",2023-12-13 16:42:01,1.12908992056633,0.204303995249084,0.89890769653257,0.25661987616413
"c3","uncovered",0.954594888526373,"13 Dec","Wet PTFE",2023-12-13 16:42:01,1.12908992056633,0.845455150328125,0.89890769653257,1.06194984447081
"t1","covered",0.704274802717642,"13 Dec","Wet PTFE",2023-12-13 16:42:01,1.12908992056633,0.623754397138178,0.89890769653257,0.783478443264307
"t2","covered",0.28944558040191,"13 Dec","Wet PTFE",2023-12-13 16:42:01,1.12908992056633,0.256352992910194,0.89890769653257,0.321996998711228
"c1","uncovered",2.21071428571429,"13 Dec","Wet PTFE",2023-12-13 16:48:01,2.61740566325061,0.844620425772578,2.42503534487476,0.911621469924783
"c2","uncovered",2.55824175824176,"13 Dec","Wet PTFE",2023-12-13 16:48:01,2.61740566325061,0.977395974250558,2.42503534487476,1.05492967912757
"c3","uncovered",2.63935640403524,"13 Dec","Wet PTFE",2023-12-13 16:48:01,2.61740566325061,1.00838644964089,2.42503534487476,1.08837853007522
"t1","covered",2.05238095238095,"13 Dec","Wet PTFE",2023-12-13 16:48:01,2.61740566325061,0.784127955859948,2.42503534487476,0.84633032533674
"t2","covered",2.29345238095238,"13 Dec","Wet PTFE",2023-12-13 16:48:01,2.61740566325061,0.876231152531434,2.42503534487476,0.945739774803499
"c1","uncovered",11.8660714285714,"13 Dec","Wet PTFE",2023-12-13 16:52:21,11.5337829114706,1.02881002006466,12.1022466985719,0.980485006141184
"c2","uncovered",10.5230844039515,"13 Dec","Wet PTFE",2023-12-13 16:52:21,11.5337829114706,0.91237059728999,12.1022466985719,0.869514947600035
"c3","uncovered",12.3384219685725,"13 Dec","Wet PTFE",2023-12-13 16:52:21,11.5337829114706,1.06976367279305,12.1022466985719,1.01951499385882
"t1","covered",10.4184523809524,"13 Dec","Wet PTFE",2023-12-13 16:52:21,11.5337829114706,0.903298810192711,12.1022466985719,0.860869278278863
"t2","covered",9.75297619047619,"13 Dec","Wet PTFE",2023-12-13 16:52:21,11.5337829114706,0.845600811575592,12.1022466985719,0.805881456013207
"c1","uncovered",-2.22457857531267,"13 Dec","Wet PTFE",2023-12-13 17:11:51,-2.79237616166605,0.796661497778075,-2.32717409288666,0.955914120096306
"c2","uncovered",-1.56408778200546,"13 Dec","Wet PTFE",2023-12-13 17:11:51,-2.79237616166605,0.560127895187393,-2.32717409288666,0.672097453639723
"c3","uncovered",-2.42976961046065,"13 Dec","Wet PTFE",2023-12-13 17:11:51,-2.79237616166605,0.870144088685725,-2.32717409288666,1.04408587990369
"t1","covered",-1.97823744882568,"13 Dec","Wet PTFE",2023-12-13 17:11:51,-2.79237616166605,0.708442320910441,-2.32717409288666,0.850059931000629
"t2","covered",-2.1018294323379,"13 Dec","Wet PTFE",2023-12-13 17:11:51,-2.79237616166605,0.752702827502962,-2.32717409288666,0.903168112244996
"c1","uncovered",-4.98413711368402,"13 Dec","Dry bracket",2023-12-13 17:20:11,-5.45356411902704,0.913922896091892,-5.03492569969915,0.98991274369388
"c2","uncovered",-2.90119047619047,"13 Dec","Dry bracket",2023-12-13 17:20:11,-5.45356411902704,0.531980630074277,-5.03492569969915,0.57621316564092
"c3","uncovered",-5.08571428571429,"13 Dec","Dry bracket",2023-12-13 17:20:11,-5.45356411902704,0.932548728632463,-5.03492569969915,1.01008725630612
"t1","covered",-8.98286484405083,"13 Dec","Dry bracket",2023-12-13 17:20:11,-5.45356411902704,1.64715489687017,-5.03492569969915,1.78411070586157
"t2","covered",-4.61975863791844,"13 Dec","Dry bracket",2023-12-13 17:20:11,-5.45356411902704,0.847108154793758,-5.03492569969915,0.917542564370808
"c1","uncovered",5.23988095238096,"13 Dec","Dry bracket",2023-12-13 17:25:11,5.57593984442524,0.939730538452585,5.41311630653644,0.967997112135519
"c2","uncovered",4.29345238095238,"13 Dec","Dry bracket",2023-12-13 17:25:11,5.57593984442524,0.769996180149778,5.41311630653644,0.793157238422525
"c3","uncovered",5.58635166069192,"13 Dec","Dry bracket",2023-12-13 17:25:11,5.57593984442524,1.00186727557276,5.41311630653644,1.03200288786448
"t1","covered",4.98392857142857,"13 Dec","Dry bracket",2023-12-13 17:25:11,5.57593984442524,0.893827535892707,5.41311630653644,0.920713372703703
"t2","covered",4.84290353341409,"13 Dec","Dry bracket",2023-12-13 17:25:11,5.57593984442524,0.868535828673971,5.41311630653644,0.894660904951589
"c1","uncovered",1.79765730550782,"13 Dec","Dry bracket",2023-12-13 17:26:41,1.83258620405811,0.980940106133647,1.85435485977517,0.969424647084958
"c2","uncovered",2.83598715890851,"13 Dec","Dry bracket",2023-12-13 17:26:41,1.83258620405811,1.54753274505093,1.85435485977517,1.52936593767838
"c3","uncovered",1.91105241404252,"13 Dec","Dry bracket",2023-12-13 17:26:41,1.83258620405811,1.04281719998254,1.85435485977517,1.03057535291504
"t1","covered",2.05217024108103,"13 Dec","Dry bracket",2023-12-13 17:26:41,1.83258620405811,1.11982194154723,1.85435485977517,1.1066761198716
"t2","covered",1.97232174847725,"13 Dec","Dry bracket",2023-12-13 17:26:41,1.83258620405811,1.07625046183896,1.85435485977517,1.06361613478683
"c1","uncovered",2.39880952380953,"13 Dec","Dry bracket",2023-12-13 17:34:41,2.28720510351072,1.04879510811142,2.40456410707231,0.997606808133806
"c2","uncovered",2.01428571428572,"13 Dec","Dry bracket",2023-12-13 17:34:41,2.28720510351072,0.880675594503487,2.40456410707231,0.83769266469598
"c3","uncovered",2.4103186903351,"13 Dec","Dry bracket",2023-12-13 17:34:41,2.28720510351072,1.05382708644511,2.40456410707231,1.00239319186619
"t1","covered",2.32380952380952,"13 Dec","Dry bracket",2023-12-13 17:34:41,2.28720510351072,1.01600399555012,2.40456410707231,0.966416123810019
"t2","covered",2.39170548190613,"13 Dec","Dry bracket",2023-12-13 17:34:41,2.28720510351072,1.04568911560883,2.40456410707231,0.994652409088047
"c1","uncovered",0.850595238095238,"13 Dec","Dry bracket",2023-12-13 17:38:41,1.04365027781208,0.815019414241367,0.924045612627073,0.920512176533132
"c2","uncovered",0.421428571428571,"13 Dec","Dry bracket",2023-12-13 17:38:41,1.04365027781208,0.403802480953735,0.924045612627073,0.456069013985624
"c3","uncovered",0.997495987158908,"13 Dec","Dry bracket",2023-12-13 17:38:41,1.04365027781208,0.95577609508242,0.924045612627073,1.07948782346687
"t1","covered",0.859387902779553,"13 Dec","Dry bracket",2023-12-13 17:38:41,1.04365027781208,0.823444329053585,0.924045612627073,0.930027577682342
"t2","covered",0.918555377207063,"13 Dec","Dry bracket",2023-12-13 17:38:41,1.04365027781208,0.880137146260083,0.924045612627073,0.994058480073943
"c1","uncovered",1.2125,"13 Dec","Wet bracket",2023-12-13 17:44:51,1.25917981232251,0.962928398418009,1.22797619047619,0.98739699466796
"c2","uncovered",0.634523809523811,"13 Dec","Wet bracket",2023-12-13 17:44:51,1.25917981232251,0.503918346938438,1.22797619047619,0.51672321861367
"c3","uncovered",1.24345238095238,"13 Dec","Wet bracket",2023-12-13 17:44:51,1.25917981232251,0.987509781195492,1.22797619047619,1.01260300533204
"t1","covered",1.12584978188572,"13 Dec","Wet bracket",2023-12-13 17:44:51,1.25917981232251,0.894113589550907,1.22797619047619,0.916833559654872
"t2","covered",0.280368487928845,"13 Dec","Wet bracket",2023-12-13 17:44:51,1.25917981232251,0.222659611586145,1.22797619047619,0.228317527736529
"c1","uncovered",6.45178571428572,"13 Dec","Wet bracket",2023-12-13 17:52:11,6.5509177511627,0.984867458172653,6.50476190476191,0.991855783308931
"c2","uncovered",6.45887167648255,"13 Dec","Wet bracket",2023-12-13 17:52:11,6.5509177511627,0.985949132903736,6.50476190476191,0.992945133280626
"c3","uncovered",6.5577380952381,"13 Dec","Wet bracket",2023-12-13 17:52:11,6.5509177511627,1.00104112802732,6.50476190476191,1.00814421669107
"t1","covered",6.57573033707865,"13 Dec","Wet bracket",2023-12-13 17:52:11,6.5509177511627,1.00378765035045,6.50476190476191,1.01091022751575
"t2","covered",6.41653290529695,"13 Dec","Wet bracket",2023-12-13 17:52:11,6.5509177511627,0.979486103936828,6.50476190476191,0.986436244591772
"c1","uncovered",4.52142857142857,"13 Dec","Wet bracket",2023-12-13 17:53:41,4.46146114335103,1.01344120819407,4.53631239988019,0.996718958674009
"c2","uncovered",4.40952380952381,"13 Dec","Wet bracket",2023-12-13 17:53:41,4.46146114335103,0.988358671709016,4.53631239988019,0.97205029566312
"c3","uncovered",4.5511962283318,"13 Dec","Wet bracket",2023-12-13 17:53:41,4.46146114335103,1.02011338485252,4.53631239988019,1.00328104132599
"t1","covered",4.40952380952381,"13 Dec","Wet bracket",2023-12-13 17:53:41,4.46146114335103,0.988358671709015,4.53631239988019,0.97205029566312
"t2","covered",4.48556738228396,"13 Dec","Wet bracket",2023-12-13 17:53:41,4.46146114335103,1.00540321615685,4.53631239988019,0.988813597229864
"c1","uncovered",1.89642857142857,"13 Dec","Wet bracket",2023-12-13 17:55:11,2.11205391612133,0.89790727260943,1.81994047619048,1.0420278004906
"c2","uncovered",2.05000000000001,"13 Dec","Wet bracket",2023-12-13 17:55:11,2.11205391612133,0.970619160975167,1.81994047619048,1.12641046606705
"c3","uncovered",1.74345238095239,"13 Dec","Wet bracket",2023-12-13 17:55:11,2.11205391612133,0.82547721326837,1.81994047619048,0.957972199509404
"t1","covered",1.78202740107585,"13 Dec","Wet bracket",2023-12-13 17:55:11,2.11205391612133,0.843741434569266,1.81994047619048,0.979167958726876
"t2","covered",2.01662657720386,"13 Dec","Wet bracket",2023-12-13 17:55:11,2.11205391612133,0.954817754324795,1.81994047619048,1.10807282083483
"c1","uncovered",-5.65595248948334,"13 Dec","Wet bracket",2023-12-13 17:56:41,-5.52924698522451,1.02291550813292,-5.45996704394788,1.03589498690339
"c2","uncovered",-5.855221184519,"13 Dec","Wet bracket",2023-12-13 17:56:41,-5.52924698522451,1.05895453760079,-5.45996704394788,1.07239130518366
"c3","uncovered",-5.26398159841241,"13 Dec","Wet bracket",2023-12-13 17:56:41,-5.52924698522451,0.952025042917967,-5.45996704394788,0.964105013096607
"t1","covered",-5.84319584557103,"13 Dec","Wet bracket",2023-12-13 17:56:41,-5.52924698522451,1.05677967744712,-5.45996704394788,1.07018884885907
"t2","covered",-5.42090395480226,"13 Dec","Wet bracket",2023-12-13 17:56:41,-5.52924698522451,0.980405463761743,-5.45996704394788,0.992845544884943
"c1","uncovered",2.28218298555377,"13 Dec","Wet bracket",2023-12-13 18:01:01,2.18012531176689,1.04681275577878,2.35404319979434,0.969473706240036
"c2","uncovered",2.025,"13 Dec","Wet bracket",2023-12-13 18:01:01,2.18012531176689,0.928845690231832,2.35404319979434,0.860222106449412
"c3","uncovered",2.42590341403491,"13 Dec","Wet bracket",2023-12-13 18:01:01,2.18012531176689,1.11273576841729,2.35404319979434,1.03052629375996
"t1","covered",2.14166666666667,"13 Dec","Wet bracket",2023-12-13 18:01:01,2.18012531176689,0.982359433701979,2.35404319979434,0.909782227808637
"t2","covered",2.23919696023054,"13 Dec","Wet bracket",2023-12-13 18:01:01,2.18012531176689,1.02709552893351,2.35404319979434,0.951213197967718
"c1","uncovered",1.68333333333333,"13 Dec","Wet bracket",2023-12-13 18:02:31,1.61728179610652,1.04084108124251,1.68065476190476,1.00159376660174
"c2","uncovered",1.48269213111744,"13 Dec","Wet bracket",2023-12-13 18:02:31,1.61728179610652,0.916780325288337,1.68065476190476,0.882211007712872
"c3","uncovered",1.67797619047619,"13 Dec","Wet bracket",2023-12-13 18:02:31,1.61728179610652,1.03752864498679,1.68065476190476,0.998406233398265
"t1","covered",1.71195744848302,"13 Dec","Wet bracket",2023-12-13 18:02:31,1.61728179610652,1.05853998518034,1.68065476190476,1.01862529252753
"t2","covered",1.7774895268842,"13 Dec","Wet bracket",2023-12-13 18:02:31,1.61728179610652,1.09905987389667,1.68065476190476,1.05761728534282
"c1","uncovered",2.41964285714286,"13 Dec","Bare K30s sprayed",2023-12-13 18:14:51,2.52072802403589,0.959898423816788,2.48333333333334,0.974352828379674
"c2","uncovered",2.13035714285715,"13 Dec","Bare K30s sprayed",2023-12-13 18:14:51,2.52072802403589,0.845135660231313,2.48333333333334,0.857861936720997
"c3","uncovered",2.54702380952381,"13 Dec","Bare K30s sprayed",2023-12-13 18:14:51,2.52072802403589,1.01043182177418,2.48333333333334,1.02564717162033
"c1","uncovered",1.81691813804173,"13 Dec","Bare K30s sprayed",2023-12-13 18:16:21,1.71064792361197,1.06212278573687,1.70816581958406,1.06366613663078
"c2","uncovered",2.48224719101124,"13 Dec","Bare K30s sprayed",2023-12-13 18:16:21,1.71064792361197,1.45105673514049,1.70816581958406,1.45316523873289
"c3","uncovered",1.59941350112639,"13 Dec","Bare K30s sprayed",2023-12-13 18:16:21,1.71064792361197,0.934975268171658,1.70816581958406,0.936333863369217
"c1","uncovered",7.85535714285715,"13 Dec","Bare K30s sprayed",2023-12-13 18:19:31,8.60925486685599,0.912431710332888,7.8383880529613,1.00216486984074
"c2","uncovered",4.30892857142857,"13 Dec","Bare K30s sprayed",2023-12-13 18:19:31,8.60925486685599,0.50049959468817,7.8383880529613,0.549721261860809
"c3","uncovered",7.82141896306545,"13 Dec","Bare K30s sprayed",2023-12-13 18:19:31,8.60925486685599,0.908489652591938,7.8383880529613,0.997835130159263
