"test","phase","group","n_ramps","median_ratio","q25","q75","covered_rel_uncovered"
"13 Dec","Bare K30s sprayed","uncovered",3,0.934975268171658,0.908489652591938,1.01043182177418,NA
"13 Dec","Dry","covered",11,0.887931873707708,0.778426576895248,0.926282979376458,0.933812241268333
"13 Dec","Dry","uncovered",11,0.966222439438324,0.838914605947158,1.04597372034768,NA
"13 Dec","Dry bracket","covered",5,0.954915765721414,0.871436158070499,1.06861012528143,0.980237301941981
"13 Dec","Dry bracket","uncovered",5,0.939730538452585,0.847847504372427,1.02234223777765,NA
"13 Dec","Wet PTFE","covered",4,0.768415391681455,0.687270339967375,0.853258396814552,0.848195128168685
"13 Dec","Wet PTFE","uncovered",4,0.857799619506925,0.784199699634155,0.985143593098142,NA
"13 Dec","Wet bracket","covered",7,0.985359052705497,0.960984841727803,1.02167245073934,0.987624920910818
"13 Dec","Wet bracket","uncovered",7,0.987509781195492,0.952025042917967,1.02291550813292,NA
"22 Sep","Covered sensor wetted","covered",5,0.708800004569853,0.690002237668827,0.993511956695644,1.15363777089783
"22 Sep","Covered sensor wetted","uncovered",5,0.598109957107096,0.270224730134052,1.19249134950969,NA
"22 Sep","Dry","covered",12,0.335758254905728,-0.08491103955982,0.899092653456115,0.869595362198009
"22 Sep","Dry","uncovered",12,0.440956800227611,0.0971416863440443,0.818849560678543,NA
