"system","stage","n","pct_of_intended","lost","pct_lost_step"
"fluxbot","intended",11520,100,NA,NA
"fluxbot","recorded",8591,74.5746527777778,2929,25.4253472222222
"fluxbot","computed",8372,72.6736111111111,219,2.54917937376324
"fluxbot","valid",6820,59.2013888888889,1552,18.5379837553751
"fluxbot","retained",6815,59.1579861111111,5,0.0733137829912024
"fluxbot","RH-screened",6195,53.7760416666667,620,9.0975788701394
"autochamber","intended",17280,100,NA,NA
"autochamber","recorded",14353,83.0613425925926,2927,16.9386574074074
"autochamber","computed",14347,83.0266203703704,6,0.0418031073643141
"autochamber","valid",13464,77.9166666666667,883,6.1545967798146
"autochamber","retained",13406,77.5810185185185,58,0.430778371954843
"autochamber","RH-screened",13406,77.5810185185185,0,0
