"stand","gC_m2","share_observed","mean_flux","model","dataset","system","mean_stands_gC","lo","hi"
"healthy",87.449437500612,0.681944444444444,2.80894254535618,"LM.flux","deployed","autochamber",81.5674826257965,71.9538379146059,93.9747304554046
"unhealthy",75.685527750981,0.894444444444444,2.43107680327823,"LM.flux","deployed","autochamber",81.5674826257965,71.9538379146059,93.9747304554046
"healthy",70.0447652648097,0.902777777777778,2.24989121548591,"LM.flux","deployed","fluxbot",71.852384762295,61.9244326941289,82.1367072694317
"unhealthy",73.6600042597802,0.768055555555556,2.36601544583939,"LM.flux","deployed","fluxbot",71.852384762295,61.9244326941289,82.1367072694317
"healthy",93.220901491037,0.681944444444444,2.99432636502435,"best.flux","deployed","autochamber",90.4297452110942,80.5715016948254,101.713104057392
"unhealthy",87.6385889311514,0.895833333333333,2.81501823338738,"best.flux","deployed","autochamber",90.4297452110942,80.5715016948254,101.713104057392
"healthy",86.2426709765299,0.902777777777778,2.77018028537273,"best.flux","deployed","fluxbot",88.9648302746632,78.1197539391012,101.679198748259
"unhealthy",91.6869895727965,0.765277777777778,2.94505594578416,"best.flux","deployed","fluxbot",88.9648302746632,78.1197539391012,101.679198748259
"healthy",72.1182263002179,0.805555555555556,2.31649236336014,"LM.flux","screened","fluxbot",72.4340308052374,62.3581726418753,83.2780613433848
"unhealthy",72.7498353102569,0.7,2.33678012587795,"LM.flux","screened","fluxbot",72.4340308052374,62.3581726418753,83.2780613433848
"healthy",120.510172204649,0.670833333333333,3.87087852739441,"HF293 published","deployed","autochamber",111.049204181022,NA,NA
"unhealthy",101.588236157396,0.895833333333333,3.26309152815538,"HF293 published","deployed","autochamber",111.049204181022,NA,NA
