"dropped","method","stand","chamber_mean","offset"
"autochamber10","autochamber","healthy",1.95555307203443,-0.191486697514479
"autochamber11","autochamber","healthy",3.35407067648254,-0.051634937069668
"autochamber12","autochamber","healthy",4.41401969720349,0.0543599650024271
"autochamber7","autochamber","healthy",2.22173653446314,-0.164868351271608
"autochamber8","autochamber","healthy",2.64278552807691,-0.122763451910231
"autochamber9","autochamber","healthy",2.7730720980146,-0.109734794916462
"autochamber1","autochamber","unhealthy",2.83085407047578,-0.051589153230112
"autochamber2","autochamber","unhealthy",2.29644349878376,-0.105030210399315
"autochamber3","autochamber","unhealthy",3.05523019832675,-0.0291515404450156
"autochamber4","autochamber","unhealthy",1.70161874887591,-0.1645126853901
"autochamber5","autochamber","unhealthy",1.93165049475267,-0.141509510802424
"autochamber6","autochamber","unhealthy",2.40339392864635,-0.0943351674130559
"fluxbot100","fluxbot","healthy",3.01504386622641,-0.130039222092716
"fluxbot101","fluxbot","healthy",2.51839904938375,-0.0945645923182399
"fluxbot108","fluxbot","healthy",2.81404818878363,-0.11568238798966
"fluxbot111","fluxbot","healthy",2.32185627918398,-0.0805258230182564
"fluxbot112","fluxbot","healthy",2.38925067077997,-0.0853397081322553
"fluxbot114","fluxbot","healthy",3.20006479543762,-0.143255002750659
"fluxbot13","fluxbot","healthy",2.53979884739728,-0.0960931493192065
"fluxbot22","fluxbot","healthy",1.69855735492825,-0.0360044712857039
"fluxbot102","fluxbot","unhealthy",2.80953822381254,-0.119376397246547
"fluxbot103","fluxbot","unhealthy",3.6555126913082,-0.179803144924808
"fluxbot104","fluxbot","unhealthy",3.18628828145567,-0.146287115649628
"fluxbot105","fluxbot","unhealthy",1.84260516932732,-0.0503097504976022
"fluxbot106","fluxbot","unhealthy",1.61576190056119,-0.0341066598714503
"fluxbot110","fluxbot","unhealthy",1.97730820440705,-0.0599313958604402
"fluxbot113","fluxbot","unhealthy",1.67396836634073,-0.0382642645699889
"fluxbot24","fluxbot","unhealthy",3.28622745836813,-0.153425628286231
