"method","id","b_total","b_between","b_within","b_within_air","b_trend_adj","b_rain_adj","b_both_adj"
"autochamber","autochamber1",0.0883641429994701,0.082879367379226,0.145183649468606,-0.00486595201311528,0.115086561184974,0.0862558048195788,0.112994097624145
"autochamber","autochamber10",0.0558303009961017,0.050260705511782,0.234672660637252,0.000158505057093917,0.0363118027586963,0.0564066905469746,0.0358482180722581
"autochamber","autochamber11",0.11060670953885,0.103154678174544,0.24846336667593,0.00655957027108507,0.0797909321999192,0.109995028896662,0.074668632142432
"autochamber","autochamber12",0.109679963524638,0.1104318534541,0.136402394075988,0.0182253257880079,0.0436810874376502,0.115415331194486,0.0494536728249704
"autochamber","autochamber2",0.118397134793361,0.115999627020307,0.145770229110052,0.0106472701918608,0.115080588043227,0.119673308556803,0.116347333734211
"autochamber","autochamber3",0.101301347674673,0.102517102510639,0.0861867103506529,0.0118867368016478,0.0967169399519785,0.103552303000619,0.0989511826764847
"autochamber","autochamber4",0.0960783862521843,0.0886539131939669,0.155251869618492,0.0022146381635129,0.117863855669585,0.0968968878688896,0.118679073802917
"autochamber","autochamber5",0.108671171767764,0.105525416866845,0.143765439201496,0.0149389996852772,0.143690244159993,0.109546047062022,0.14454428550346
"autochamber","autochamber6",0.0758415887762639,0.0729720173663955,0.180884141921016,-0.00295670387683465,0.0841871564187237,0.0727862850247671,0.0811662109435447
"autochamber","autochamber7",0.122333916373487,0.116376571875952,0.247469052535136,0.013197976270949,0.106052389805209,0.101329121291255,0.0550679141454338
"autochamber","autochamber8",0.0957782840972732,0.0936830465244851,0.0777948178705921,0.0278789488599454,0.0711041759396336,0.0947356426179731,0.0656746488523368
"autochamber","autochamber9",0.0987468473215143,0.0934128437988887,0.226919144321762,0.013910658140581,0.0606623923977859,0.100024500719384,0.0589625683580567
"fluxbot","fluxbot100",0.121457236120457,0.123569867580141,0.17739518915857,0.00666057597287428,0.164589409105663,0.0811515856527692,0.0520518125702485
"fluxbot","fluxbot101",0.10425683416102,0.108117668912678,0.073506653001762,0.0305694404408008,0.0920356919679418,0.0877408902848573,0.0207059274862551
"fluxbot","fluxbot102",0.0639029611004602,0.0620907644218204,0.0366426392916799,0.014629012314984,0.00676342965278524,0.0642632514475836,0.0018305599704539
"fluxbot","fluxbot103",0.0928351179194339,0.0998699672971743,0.039234065970285,0.0223252378373673,0.156950764221685,0.10173179007507,0.172367114623679
"fluxbot","fluxbot104",0.0619065448969118,0.0690593207569107,-0.0197180228237565,0.0298574197596854,0.0914468428418812,0.0618035602374098,0.0913066757222008
"fluxbot","fluxbot105",0.119120471255322,0.121399480069467,0.16888603502176,0.00812933536344618,0.143560640287741,0.113377999591949,0.137639965182715
"fluxbot","fluxbot106",0.0477832773916137,0.0177781565917587,0.142728109559279,0.0182681924113537,0.158858191140378,0.0398319752231382,0.147962511298948
"fluxbot","fluxbot108",0.0808516310857841,0.0844288025256536,0.0319332032367143,0.02777645902763,0.088329008640088,0.0633821331899892,0.0550669556267855
"fluxbot","fluxbot110",0.155223900012399,0.151622998243357,0.304078046331949,0.0185656422466582,0.184591949317784,0.143390077547868,0.161577409996011
"fluxbot","fluxbot111",0.205222573784228,0.100055894846588,0.0854873890505826,0.0158466208335069,-0.0633726168268865,0.194680874711228,-0.0804284225485795
"fluxbot","fluxbot112",0.216896956433279,0.220105443463577,-0.0364920431841768,0.0189383376081887,0.0745739798206266,0.207491390513592,0.0461830001395079
"fluxbot","fluxbot113",0.112577375904927,0.141937631224158,0.151619344396601,0.0193761999548928,0.254797099216907,0.153252006740649,0.244496165919971
"fluxbot","fluxbot114",0.183175130821652,0.228570872966102,0.00966241322376568,0.0211892363530516,-0.0241751333472537,0.221244566087503,0.00413073674271522
"fluxbot","fluxbot13",0.193259194341321,0.190440019965554,0.0622331317671519,0.0354941690850008,0.192604825221262,0.175057335656189,0.145483971557041
"fluxbot","fluxbot22",0.0987262146311908,0.0935377212339727,0.119126633647988,-0.00449337052062726,0.0850460573615116,0.0935598192854959,0.0662983374454174
