"method","stand","k","observed","independent"
"fluxbot","healthy",1,0.965277777777778,0.999931991807848
"fluxbot","healthy",2,0.943055555555556,0.998327798512835
"fluxbot","healthy",3,0.902777777777778,0.983313323433132
"fluxbot","healthy",4,0.788888888888889,0.910346399661267
"fluxbot","healthy",5,0.6125,0.710314502793387
"fluxbot","healthy",6,0.479166666666667,0.397473367085232
"fluxbot","healthy",7,0.319444444444444,0.129280619635098
"fluxbot","healthy",8,0.134722222222222,0.0168453304045346
"fluxbot","unhealthy",1,0.872222222222222,0.999040908013576
"fluxbot","unhealthy",2,0.847222222222222,0.986811864279592
"fluxbot","unhealthy",3,0.768055555555556,0.922590343247895
"fluxbot","unhealthy",4,0.691666666666667,0.742571062603287
"fluxbot","unhealthy",5,0.608333333333333,0.451363039392094
"fluxbot","unhealthy",6,0.351388888888889,0.177913366734767
"fluxbot","unhealthy",7,0.170833333333333,0.0367473528919471
"fluxbot","unhealthy",8,0.00972222222222222,0.00240650728128777
"autochamber","healthy",1,0.713888888888889,0.998778240803689
"autochamber","healthy",2,0.690277777777778,0.983651104888893
"autochamber","healthy",3,0.681944444444444,0.905718827308717
"autochamber","healthy",4,0.670833333333333,0.691906021234293
"autochamber","healthy",5,0.666666666666667,0.362462935364579
"autochamber","healthy",6,0.611111111111111,0.092205092622051
"autochamber","unhealthy",1,0.895833333333333,0.999998524364333
"autochamber","unhealthy",2,0.895833333333333,0.999924389083134
"autochamber","unhealthy",3,0.894444444444444,0.998372600361922
"autochamber","unhealthy",4,0.893055555555556,0.981050043140073
"autochamber","unhealthy",5,0.891666666666667,0.872285607319395
"autochamber","unhealthy",6,0.888888888888889,0.508091057953366
