"method","stand","n","err95","analytic","analytic_hourly","cv","cv_hourly","n_chambers"
"autochamber","healthy",1,0.525474092564026,3.89434565136665,4.03439226169977,0.306491649727586,0.317513556995805,6
"autochamber","healthy",2,0.34231623629383,2.7537182183657,2.85274612621444,0.306491649727586,0.317513556995805,6
"autochamber","healthy",3,0.321429402975032,0.76136746542487,0.788747400925267,0.306491649727586,0.317513556995805,6
"autochamber","healthy",4,0.278169615341067,0.487696609137933,0.505234923169394,0.306491649727586,0.317513556995805,6
"autochamber","healthy",5,0.233119303794807,0.380559647216822,0.39424515266331,0.306491649727586,0.317513556995805,6
"autochamber","healthy",6,0.214333068961696,0.321643260554645,0.333210042861543,0.306491649727586,0.317513556995805,6
"autochamber","healthy",7,0.201759451891175,0.28345749914554,0.293651063220908,0.306491649727586,0.317513556995805,6
"autochamber","healthy",8,0.189285948254102,0.256233431477067,0.265447976549561,0.306491649727586,0.317513556995805,6
"autochamber","healthy",9,0.182063131269335,0.235590337225787,0.24406252513857,0.306491649727586,0.317513556995805,6
"autochamber","healthy",10,0.168809836954532,0.219250918254971,0.227135515736259,0.306491649727586,0.317513556995805,6
"autochamber","healthy",11,0.163887942367521,0.205903891978756,0.213308510034655,0.306491649727586,0.317513556995805,6
"autochamber","healthy",12,0.159578180375423,0.194735503656868,0.201738489431664,0.306491649727586,0.317513556995805,6
"autochamber","healthy",13,0.151339375913523,0.185211050292553,0.191871522195094,0.306491649727586,0.317513556995805,6
"autochamber","healthy",14,0.14533208053483,0.176963009996472,0.183326869787822,0.306491649727586,0.317513556995805,6
"autochamber","healthy",15,0.139798297936135,0.169729418262902,0.175833147060881,0.306491649727586,0.317513556995805,6
"autochamber","healthy",16,0.135726321790083,0.163317871882432,0.169191031691944,0.306491649727586,0.317513556995805,6
"autochamber","healthy",17,0.133387923797714,0.157583465334396,0.163250407136772,0.306491649727586,0.317513556995805,6
"autochamber","healthy",18,0.127323269531713,0.15241471167575,0.157895777211779,0.306491649727586,0.317513556995805,6
"autochamber","healthy",19,0.125188413926358,0.147724246513382,0.153036635767005,0.306491649727586,0.317513556995805,6
"autochamber","healthy",20,0.120883420288193,0.143442507519918,0.148600918907669,0.306491649727586,0.317513556995805,6
"autochamber","unhealthy",1,0.289200016195817,2.76247079281236,3.02396739345816,0.21741116644749,0.23799139524715,6
"autochamber","unhealthy",2,0.28197655292509,1.9533618304274,2.13826785000128,0.21741116644749,0.23799139524715,6
"autochamber","unhealthy",3,0.2260807771899,0.540079277527838,0.591203400005524,0.21741116644749,0.23799139524715,6
"autochamber","unhealthy",4,0.194961423238044,0.345949681694118,0.378697418246804,0.21741116644749,0.23799139524715,6
"autochamber","unhealthy",5,0.170273293991849,0.269951618185335,0.295505347360669,0.21741116644749,0.23799139524715,6
"autochamber","unhealthy",6,0.158434824787291,0.228159026581354,0.249756652160931,0.21741116644749,0.23799139524715,6
"autochamber","unhealthy",7,0.147646616226945,0.201071792925827,0.220105330030605,0.21741116644749,0.23799139524715,6
"autochamber","unhealthy",8,0.133627426236771,0.181760283746021,0.198965785594463,0.21741116644749,0.23799139524715,6
"autochamber","unhealthy",9,0.12983508027536,0.167117016289158,0.182936380527646,0.21741116644749,0.23799139524715,6
"autochamber","unhealthy",10,0.12160510630042,0.15552657935335,0.170248788151643,0.21741116644749,0.23799139524715,6
"autochamber","unhealthy",11,0.118970090319445,0.146058809011495,0.159884794846442,0.21741116644749,0.23799139524715,6
"autochamber","unhealthy",12,0.110227194148703,0.138136464847931,0.151212518385565,0.21741116644749,0.23799139524715,6
"autochamber","unhealthy",13,0.107987487882343,0.131380252998274,0.143816760794274,0.21741116644749,0.23799139524715,6
"autochamber","unhealthy",14,0.103096137042603,0.125529470233815,0.137412140570971,0.21741116644749,0.23799139524715,6
"autochamber","unhealthy",15,0.102252746284522,0.120398290908707,0.131795241739141,0.21741116644749,0.23799139524715,6
"autochamber","unhealthy",16,0.0989278194854585,0.115850232981031,0.126816662811669,0.21741116644749,0.23799139524715,6
"autochamber","unhealthy",17,0.0919186808081149,0.111782507098121,0.122363884354264,0.21741116644749,0.23799139524715,6
"autochamber","unhealthy",18,0.0937286815883124,0.1081160295187,0.118350336526768,0.21741116644749,0.23799139524715,6
"autochamber","unhealthy",19,0.0881032034989533,0.104788827935759,0.114708180698567,0.21741116644749,0.23799139524715,6
"autochamber","unhealthy",20,0.0869735218832928,0.101751558013984,0.111383401579644,0.21741116644749,0.23799139524715,6
"fluxbot","healthy",1,0.33705194863348,2.30434497101101,4.1949728522096,0.181355882331293,0.330151523551834,8
"fluxbot","healthy",2,0.21541495885057,1.629417955195,2.96629375069088,0.181355882331293,0.330151523551834,8
"fluxbot","healthy",3,0.176773601491847,0.450512986546919,0.820141850246938,0.181355882331293,0.330151523551834,8
"fluxbot","healthy",4,0.164420297033446,0.288577678833345,0.52534474815566,0.181355882331293,0.330151523551834,8
"fluxbot","healthy",5,0.147550962297617,0.225183069953244,0.409937260746434,0.181355882331293,0.330151523551834,8
"fluxbot","healthy",6,0.130367334945424,0.190321326423241,0.346472775381253,0.181355882331293,0.330151523551834,8
"fluxbot","healthy",7,0.12773185158018,0.167726216706563,0.305339232857637,0.181355882331293,0.330151523551834,8
"fluxbot","healthy",8,0.117165816709023,0.151617311889577,0.276013580997257,0.181355882331293,0.330151523551834,8
"fluxbot","healthy",9,0.114011792954188,0.139402471533187,0.253776926184828,0.181355882331293,0.330151523551834,8
"fluxbot","healthy",10,0.105461814014961,0.129734182864093,0.236176172389541,0.181355882331293,0.330151523551834,8
"fluxbot","healthy",11,0.100819629597933,0.121836539554812,0.221798811492775,0.181355882331293,0.330151523551834,8
"fluxbot","healthy",12,0.0953546328626961,0.115228030252406,0.209768270290863,0.181355882331293,0.330151523551834,8
"fluxbot","healthy",13,0.0935131064676397,0.10959226286643,0.199508568951456,0.181355882331293,0.330151523551834,8
"fluxbot","healthy",14,0.087158170048412,0.104711768971313,0.19062381443208,0.181355882331293,0.330151523551834,8
"fluxbot","healthy",15,0.0851603549963839,0.10043154008928,0.182831819662524,0.181355882331293,0.330151523551834,8
"fluxbot","healthy",16,0.0842894637333724,0.0966377282449064,0.175925328710106,0.181355882331293,0.330151523551834,8
"fluxbot","healthy",17,0.081553449984651,0.0932445905849089,0.169748249953858,0.181355882331293,0.330151523551834,8
"fluxbot","healthy",18,0.0775011494089169,0.0901861585488324,0.164180490124894,0.181355882331293,0.330151523551834,8
"fluxbot","healthy",19,0.0780607905572434,0.087410737264691,0.159127940664251,0.181355882331293,0.330151523551834,8
"fluxbot","healthy",20,0.0748706459145358,0.0848771656200407,0.154515669323744,0.181355882331293,0.330151523551834,8
"fluxbot","unhealthy",1,0.458761648093857,4.15015917220642,4.56980977270498,0.326624610446491,0.359651828975704,8
"fluxbot","unhealthy",2,0.365137766679101,2.93460569367071,3.23134347901224,0.326624610446491,0.359651828975704,8
"fluxbot","unhealthy",3,0.333929806207516,0.811380512395889,0.893424671458526,0.326624610446491,0.359651828975704,8
"fluxbot","unhealthy",4,0.29651686485165,0.519732642365083,0.572286317156128,0.326624610446491,0.359651828975704,8
"fluxbot","unhealthy",5,0.274755802044222,0.405558019718737,0.446566727927269,0.326624610446491,0.359651828975704,8
"fluxbot","unhealthy",6,0.230620063895779,0.34277150706969,0.377431447280879,0.326624610446491,0.359651828975704,8
"fluxbot","unhealthy",7,0.226371394032356,0.302077382267473,0.332622464902987,0.326624610446491,0.359651828975704,8
"fluxbot","unhealthy",8,0.213586173822417,0.273065007852421,0.300676453526079,0.326624610446491,0.359651828975704,8
"fluxbot","unhealthy",9,0.193592066182648,0.251065900783019,0.276452868283905,0.326624610446491,0.359651828975704,8
"fluxbot","unhealthy",10,0.186390391191246,0.233653170742875,0.25727941960275,0.326624610446491,0.359651828975704,8
"fluxbot","unhealthy",11,0.183610941926799,0.219429399028499,0.241617386343789,0.326624610446491,0.359651828975704,8
"fluxbot","unhealthy",12,0.173006027463325,0.207527376613879,0.228511870124186,0.326624610446491,0.359651828975704,8
"fluxbot","unhealthy",13,0.161907898795444,0.197377276692395,0.217335425103532,0.326624610446491,0.359651828975704,8
"fluxbot","unhealthy",14,0.155957423938797,0.188587435432286,0.207656783676963,0.326624610446491,0.359651828975704,8
"fluxbot","unhealthy",15,0.156994177136365,0.180878680286082,0.199168544276789,0.326624610446491,0.359651828975704,8
"fluxbot","unhealthy",16,0.147590305719646,0.174045969376203,0.191644931857501,0.326624610446491,0.359651828975704,8
"fluxbot","unhealthy",17,0.145057923029721,0.16793487856326,0.184915907412873,0.326624610446491,0.359651828975704,8
"fluxbot","unhealthy",18,0.138988256629341,0.162426597499976,0.178850646879644,0.326624610446491,0.359651828975704,8
"fluxbot","unhealthy",19,0.137679184734619,0.157428022961866,0.173346632738013,0.326624610446491,0.359651828975704,8
"fluxbot","unhealthy",20,0.133520700157976,0.152865023180252,0.168322237255902,0.326624610446491,0.359651828975704,8
