"scenario","n","n_fluxbot","n_autochamber_hours","max_flux","gam_intercept","gam_method","gam_method_se","gam_method_lo","gam_method_hi","gam_method_p","gam_r2","ccc","ccc_lo","ccc_hi","r","cb","slope","intercept","r2","paired_bias","paired_bias_lo","paired_bias_hi","q10_ac","q10_ac_lo","q10_ac_hi","q10_fb","q10_fb_lo","q10_fb_hi","q10lmm_ac","q10lmm_fb","gini_ac","gini_fb"
"Main: as deployed (all conditions; linear fits)",13579,6815,6764,9.22944638615596,2.71757503280528,-0.321169163593538,0.248386531000652,-0.808006764354816,0.165668437167741,0.196025637497805,0.598311547173609,0.685964070042192,0.631940801512601,0.733353484577926,0.775250037954113,0.88482945689684,0.891845647398835,0.00740617974681564,0.601012621347854,-0.276062455941331,-0.421553812910306,-0.138280360949818,2.83601818102402,2.72521044564793,2.95133138651484,3.02307567193347,2.86949175088126,3.18487987129752,2.69898782792973,3.93387981989651,0.13506032034255,0.137636104832201
"RH-screened: wet-sensor closures removed",12959,6195,6764,9.22944638615596,2.72218336876507,-0.286479275810939,0.248175713258956,-0.772903673798492,0.199945122176614,0.248381959009532,0.629355297178217,0.748951523158845,0.698713146231724,0.79183937686292,0.820433838917652,0.912872540882626,0.965378002721536,-0.1446962859769,0.673111684041158,-0.233893801968401,-0.351821799303195,-0.0983880816533669,2.98860066355487,2.86831711128711,3.11392833485996,3.32902791198318,3.15978633679821,3.50733424905965,2.84191137367723,4.30147259781104,0.1352821072785,0.1378644552701
"Flux model: goFlux best model (LM or HM)",13563,6798,6765,11.4197037364494,2.95871143929337,-0.0495899834030543,0.306324228988319,-0.64998547222016,0.550805505414051,0.871397071861401,0.509878576070309,0.657550924128194,0.599175129480065,0.708972128351764,0.702340565433917,0.936228030231956,1.01352355818879,-0.0490211461469901,0.493282269854034,-0.00987819157644769,-0.227620165021757,0.238072659584906,2.73609856796622,2.62151880299649,2.85568631629487,3.18112631538945,2.99242307363298,3.38172924932621,2.74367503668891,4.32174964493641,0.139939189102366,0.154500201295181
"Flux model: Hutchinson-Mosier (HM) for all closures",13504,6752,6752,12.5197663670211,2.99633677050118,0.169672861243373,0.320186115567945,-0.457891925269798,0.797237647756545,0.596176497072775,0.485834160304391,0.641586668202171,0.58438847058543,0.692441082309279,0.723713891428138,0.886519763958239,1.12712615611192,-0.190708910729262,0.523761796646057,0.181188260968324,-0.0226821447198799,0.421942429310812,2.72486144014462,2.60889967221152,2.84597753875796,2.60618557572291,2.44734194812288,2.77533887747719,2.74463642674141,3.81600064078542,0.137664952195324,0.13713198726312
"QC: submitted rule (negatives removed, pooled 1.5 x IQR)",14100,7438,6662,5.43901582754518,2.51310189541773,-0.360801441127658,0.219370893586296,-0.790768392556798,0.069165510301482,0.100052047645745,0.512319385190469,0.508934957981258,0.445019001934372,0.56769206920081,0.619599119957435,0.821393932929118,0.734518478905055,0.313511907807391,0.383903069452028,-0.347692130786298,-0.495773142798583,-0.177136733915181,2.27898096258165,2.19420131615043,2.36703632870007,3.32683501154027,3.1526844622898,3.51060543051351,2.46843038205123,6.89761417686308,0.131794985927517,0.141528098568686
"QC: negatives removed only",14596,7524,7072,15.3545612770551,2.52090123258307,-0.348698164524552,0.245522746302726,-0.829922747277895,0.132526418228791,0.155562872524315,0.517813960356428,0.454979869094312,0.38199867652243,0.522321477414762,0.495125169609036,0.918918885609424,0.503526589900231,0.952035650851414,0.245148933580377,-0.266356380734123,-0.478141329703877,-0.0457025773677164,3.01278374166348,2.87559558223642,3.15651683779973,3.68654609304562,3.49058468432114,3.89350877438834,4.5918299024866,7.31599809314518,0.134986754659236,0.140460552372299
"Autochamber clock read as EDT (as submitted)",13579,6815,6764,9.22944638615596,2.71577767814597,-0.317963981562312,0.24833433317252,-0.80469927458045,0.168771311455826,0.200431104954961,0.597016528349143,0.698688521049879,0.646609612000778,0.744284483555492,0.791939079162586,0.882250338989064,0.920293012981406,-0.0662287477623268,0.627167505104885,-0.27484775136904,-0.408996758115765,-0.139542933950113,2.78481934092593,2.67522592539161,2.89890236483855,3.0093246126746,2.8563360790089,3.17050738216751,2.65725882102765,3.90723347173299,0.134426696323279,0.136867755552975
"Pressure: HF001 sea-level (as submitted)",13579,6815,6764,9.61731635903848,2.83178185628945,-0.334666384289307,0.258825041937573,-0.841963466486949,0.172630697908336,0.196025637497807,0.598311547173611,0.685964070042193,0.631940801512601,0.733353484577926,0.775250037954113,0.88482945689684,0.891845647398836,0.00771742644757194,0.601012621347854,-0.287664055086049,-0.431145873488768,-0.147926030925138,2.83601985093073,2.7252120521885,2.95133312228462,3.02307551719779,2.86949160373521,3.1848797085813,2.6989878280104,3.93387981972163,0.135060320342549,0.137636104832201
"Autochamber: HF-published fluxes (HF293)",13478,6815,6663,12.776668215,3.7309184598243,-1.29908774062398,0.293756781839072,-1.87485103302856,-0.723324448219402,9.84118347201729e-06,0.651603255924528,0.29534880361846,0.255784409388808,0.333925478411072,0.804959576199554,0.366911348533658,0.684286434793455,-0.0909771691788368,0.647959919315367,-1.21383022645488,-1.36634179423294,-1.08077966085777,2.8267231462378,2.71022359346066,2.94823045772166,3.02738413732873,2.87372802891573,3.18925612400685,2.71411687462459,3.91553839346397,0.130961540880973,0.137322845152353
"Submitted flux files and QC",13591,6865,6726,5.9405342297323,2.68632038091751,-0.329830595675718,0.249899069355492,-0.819632771612483,0.159971580261047,0.186905652824472,0.537264012289835,0.656744287919386,0.605943352141727,0.702210482412481,0.796966232539501,0.824055350283407,0.976544204505452,-0.27796456228883,0.635155175808206,-0.339987924597653,-0.458592121569187,-0.207084405388647,2.2753519891057,2.19398031300042,2.3597416274201,2.86033612024746,2.70102577290183,3.0290428187964,2.4241776185251,4.54530222054283,0.128680857792288,0.158588342714579
