"method","stand","id","success"
"autochamber","healthy","autochamber10",0.627777777777778
"autochamber","healthy","autochamber11",0.679166666666667
"autochamber","healthy","autochamber12",0.681944444444444
"autochamber","healthy","autochamber7",0.677777777777778
"autochamber","healthy","autochamber8",0.680555555555556
"autochamber","healthy","autochamber9",0.6875
"autochamber","unhealthy","autochamber1",0.893055555555556
"autochamber","unhealthy","autochamber2",0.893055555555556
"autochamber","unhealthy","autochamber3",0.893055555555556
"autochamber","unhealthy","autochamber4",0.890277777777778
"autochamber","unhealthy","autochamber5",0.895833333333333
"autochamber","unhealthy","autochamber6",0.894444444444444
"fluxbot","healthy","fluxbot100",0.891666666666667
"fluxbot","healthy","fluxbot101",0.788888888888889
"fluxbot","healthy","fluxbot108",0.784722222222222
"fluxbot","healthy","fluxbot111",0.561111111111111
"fluxbot","healthy","fluxbot112",0.444444444444444
"fluxbot","healthy","fluxbot114",0.240277777777778
"fluxbot","healthy","fluxbot13",0.644444444444444
"fluxbot","healthy","fluxbot22",0.790277777777778
"fluxbot","unhealthy","fluxbot102",0.613888888888889
"fluxbot","unhealthy","fluxbot103",0.440277777777778
"fluxbot","unhealthy","fluxbot104",0.690277777777778
"fluxbot","unhealthy","fluxbot105",0.773611111111111
"fluxbot","unhealthy","fluxbot106",0.593055555555556
"fluxbot","unhealthy","fluxbot110",0.715277777777778
"fluxbot","unhealthy","fluxbot113",0.393055555555556
"fluxbot","unhealthy","fluxbot24",0.1
