"ep","rec_h","followed_h","unit","start_i","end_i","start","end","length_h","wet_h","anom_end","anom_ep","type"
1,1,72,"100",1,12,2023-10-02,2023-10-02 11:00:00,12,12,59,408.5,"wet sensor"
2,1,8,"100",130,133,2023-10-07 09:00:00,2023-10-07 12:00:00,4,4,125.5,147,"wet sensor"
3,1,72,"100",142,155,2023-10-07 21:00:00,2023-10-08 10:00:00,14,14,224.5,193.75,"wet sensor"
4,3,72,"100",452,484,2023-10-20 19:00:00,2023-10-22 03:00:00,33,33,114.5,81.5,"wet sensor"
5,3,14,"100",676,706,2023-10-30 03:00:00,2023-10-31 09:00:00,31,31,238.5,147,"wet sensor"
6,1,9,"101",131,132,2023-10-07 10:00:00,2023-10-07 11:00:00,2,2,-54,-54,"wet sensor"
7,1,72,"101",142,153,2023-10-07 21:00:00,2023-10-08 08:00:00,12,12,-182.5,-220,"wet sensor"
8,1,72,"101",452,482,2023-10-20 19:00:00,2023-10-22 01:00:00,31,30,-270,-273.5,"wet sensor"
9,1,36,"102",78,81,2023-10-05 05:00:00,2023-10-05 08:00:00,4,4,71.5,59.75,"wet sensor"
10,1,7,"102",118,132,2023-10-06 21:00:00,2023-10-07 11:00:00,15,14,-29,2.5,"wet sensor"
11,1,23,"102",140,154,2023-10-07 19:00:00,2023-10-08 09:00:00,15,14,13.5,24.25,"wet sensor"
12,1,72,"102",178,178,2023-10-09 09:00:00,2023-10-09 09:00:00,1,1,67.75,67.75,"wet sensor"
13,1,4,"102",427,444,2023-10-19 18:00:00,2023-10-20 11:00:00,18,18,-12.25,-18.5,"wet sensor"
14,1,68,"102",449,489,2023-10-20 16:00:00,2023-10-22 08:00:00,41,40,175.5,65.25,"wet sensor"
15,1,72,"102",558,561,2023-10-25 05:00:00,2023-10-25 08:00:00,4,3,-4.75,-7.625,"wet sensor"
16,NA,15,"102",635,636,2023-10-28 10:00:00,2023-10-28 11:00:00,2,2,1743.875,1743.875,"lid failure"
18,1,9,"103",130,132,2023-10-07 09:00:00,2023-10-07 11:00:00,3,3,143,143,"wet sensor"
19,2,72,"103",142,155,2023-10-07 21:00:00,2023-10-08 10:00:00,14,14,218.75,232.625,"wet sensor"
20,1,4,"103",427,435,2023-10-19 18:00:00,2023-10-20 02:00:00,9,8,27,27.5,"wet sensor"
21,1,9,"103",440,440,2023-10-20 07:00:00,2023-10-20 07:00:00,1,1,37.5,37.5,"wet sensor"
22,NA,72,"103",450,467,2023-10-20 17:00:00,2023-10-21 10:00:00,18,18,81.25,113.75,"wet sensor"
23,4,12,"104",151,156,2023-10-08 06:00:00,2023-10-08 11:00:00,6,6,72.25,-107.875,"wet sensor"
24,1,72,"104",169,179,2023-10-09,2023-10-09 10:00:00,11,11,7.75,77.875,"wet sensor"
25,1,7,"104",466,495,2023-10-21 09:00:00,2023-10-22 14:00:00,30,29,1125.5,-220.25,"wet sensor"
26,1,12,"104",503,516,2023-10-22 22:00:00,2023-10-23 11:00:00,14,14,1299,1192,"lid failure"
27,NA,4,"104",529,531,2023-10-24,2023-10-24 02:00:00,3,3,42.5,42.5,"wet sensor"
28,1,72,"104",536,539,2023-10-24 07:00:00,2023-10-24 10:00:00,4,4,1250.75,1235.625,"lid failure"
29,1,17,"105",126,158,2023-10-07 05:00:00,2023-10-08 13:00:00,33,30,-27,-25.75,"wet sensor"
30,1,72,"105",176,178,2023-10-09 07:00:00,2023-10-09 09:00:00,3,2,-25,-25,"wet sensor"
31,55,72,"105",355,372,2023-10-16 18:00:00,2023-10-17 11:00:00,18,18,NA,-32.875,"wet sensor"
32,1,72,"105",456,482,2023-10-20 23:00:00,2023-10-22 01:00:00,27,25,-149,-217,"wet sensor"
33,1,8,"105",683,683,2023-10-30 10:00:00,2023-10-30 10:00:00,1,1,-256,-256,"wet sensor"
34,1,14,"105",692,693,2023-10-30 19:00:00,2023-10-30 20:00:00,2,2,-237.5,-237.5,"wet sensor"
35,1,9,"105",708,711,2023-10-31 11:00:00,2023-10-31 14:00:00,4,4,688,744,"lid failure"
36,2,11,"106",130,130,2023-10-07 09:00:00,2023-10-07 09:00:00,1,1,93,93,"wet sensor"
37,1,72,"106",142,154,2023-10-07 21:00:00,2023-10-08 09:00:00,13,13,40.25,43.75,"wet sensor"
38,1,72,"106",451,489,2023-10-20 18:00:00,2023-10-22 08:00:00,39,39,22.5,51.25,"wet sensor"
39,1,14,"106",677,706,2023-10-30 04:00:00,2023-10-31 09:00:00,30,27,-362.5,43,"wet sensor"
40,1,8,"108",130,133,2023-10-07 09:00:00,2023-10-07 12:00:00,4,4,42.5,39.5,"wet sensor"
41,1,72,"108",142,155,2023-10-07 21:00:00,2023-10-08 10:00:00,14,14,-133.5,-125.5,"wet sensor"
42,1,72,"108",452,485,2023-10-20 19:00:00,2023-10-22 04:00:00,34,34,-194,-162.25,"wet sensor"
43,1,20,"108",677,700,2023-10-30 04:00:00,2023-10-31 03:00:00,24,24,-116,-62.5,"wet sensor"
44,1,11,"110",130,130,2023-10-07 09:00:00,2023-10-07 09:00:00,1,1,-23,-23,"wet sensor"
45,1,72,"110",142,153,2023-10-07 21:00:00,2023-10-08 08:00:00,12,12,-53.25,-38.25,"wet sensor"
46,1,24,"110",426,426,2023-10-19 17:00:00,2023-10-19 17:00:00,1,1,19.25,19.25,"wet sensor"
47,1,72,"110",451,482,2023-10-20 18:00:00,2023-10-22 01:00:00,32,32,-13,-83.5,"wet sensor"
48,1,26,"110",680,694,2023-10-30 07:00:00,2023-10-30 21:00:00,15,14,59.5,93.25,"wet sensor"
49,1,6,"111",130,133,2023-10-07 09:00:00,2023-10-07 12:00:00,4,4,-15,-23.25,"wet sensor"
50,1,72,"111",140,153,2023-10-07 19:00:00,2023-10-08 08:00:00,14,13,-174.5,-186.75,"wet sensor"
51,1,72,"111",453,489,2023-10-20 20:00:00,2023-10-22 08:00:00,37,37,-12,-203.5,"wet sensor"
52,1,14,"111",676,706,2023-10-30 03:00:00,2023-10-31 09:00:00,31,28,-134.75,-139,"wet sensor"
53,1,6,"112",130,133,2023-10-07 09:00:00,2023-10-07 12:00:00,4,4,-126,-135.75,"wet sensor"
54,1,72,"112",140,153,2023-10-07 19:00:00,2023-10-08 08:00:00,14,13,-196,-186.5,"wet sensor"
55,NA,7,"112",454,455,2023-10-20 21:00:00,2023-10-20 22:00:00,2,2,372.75,372.75,"wet sensor"
56,NA,6,"112",463,601,2023-10-21 06:00:00,2023-10-27,139,136,1075,920.75,"lid failure"
57,NA,11,"112",608,618,2023-10-27 07:00:00,2023-10-27 17:00:00,11,11,982,982,"lid failure"
58,NA,10,"112",630,638,2023-10-28 05:00:00,2023-10-28 13:00:00,9,8,884.5,1019,"lid failure"
60,1,17,"113",57,58,2023-10-04 08:00:00,2023-10-04 09:00:00,2,2,188.5,188.5,"wet sensor"
61,3,36,"113",76,81,2023-10-05 03:00:00,2023-10-05 08:00:00,6,6,105.5,146.5,"wet sensor"
62,1,6,"113",118,132,2023-10-06 21:00:00,2023-10-07 11:00:00,15,14,37.5,41,"wet sensor"
63,1,22,"113",139,154,2023-10-07 18:00:00,2023-10-08 09:00:00,16,16,-59.25,-25.875,"wet sensor"
64,1,72,"113",177,178,2023-10-09 08:00:00,2023-10-09 09:00:00,2,2,131.625,131.625,"wet sensor"
65,NA,72,"113",427,440,2023-10-19 18:00:00,2023-10-20 07:00:00,14,14,77.75,66.25,"wet sensor"
66,1,36,"114",81,81,2023-10-05 08:00:00,2023-10-05 08:00:00,1,1,-22.5,-22.5,"wet sensor"
67,1,4,"114",118,133,2023-10-06 21:00:00,2023-10-07 12:00:00,16,13,-3,-9.5,"wet sensor"
68,1,20,"114",138,253,2023-10-07 17:00:00,2023-10-12 12:00:00,116,115,2855,1865.25,"lid failure"
69,1,8,"114",274,278,2023-10-13 09:00:00,2023-10-13 13:00:00,5,5,1737,1546,"lid failure"
70,NA,6,"114",287,287,2023-10-13 22:00:00,2023-10-13 22:00:00,1,1,1280.5,1280.5,"lid failure"
71,NA,72,"114",294,329,2023-10-14 05:00:00,2023-10-15 16:00:00,36,36,909,1268,"lid failure"
72,1,18,"114",426,589,2023-10-19 17:00:00,2023-10-26 12:00:00,164,164,3427,1228.5,"lid failure"
73,1,21,"114",608,612,2023-10-27 07:00:00,2023-10-27 11:00:00,5,5,1454.5,1454.5,"lid failure"
74,2,72,"114",634,635,2023-10-28 09:00:00,2023-10-28 10:00:00,2,2,1459.75,1459.75,"lid failure"
75,3,72,"13",142,153,2023-10-07 21:00:00,2023-10-08 08:00:00,12,12,242.5,161.75,"wet sensor"
76,3,72,"13",451,484,2023-10-20 18:00:00,2023-10-22 03:00:00,34,34,131.5,48.25,"wet sensor"
77,1,13,"13",679,707,2023-10-30 06:00:00,2023-10-31 10:00:00,29,29,-133,-63.5,"wet sensor"
78,2,7,"22",130,132,2023-10-07 09:00:00,2023-10-07 11:00:00,3,3,114.5,114.5,"wet sensor"
79,2,72,"22",140,153,2023-10-07 19:00:00,2023-10-08 08:00:00,14,14,163,132,"wet sensor"
80,1,72,"22",452,482,2023-10-20 19:00:00,2023-10-22 01:00:00,31,31,-80,-40.5,"wet sensor"
81,2,15,"22",674,705,2023-10-30 01:00:00,2023-10-31 08:00:00,32,30,57.5,43.5,"wet sensor"
82,NA,72,"24",426,520,2023-10-19 17:00:00,2023-10-23 15:00:00,95,94,2319.5,1273.5,"lid failure"
