"Fluxbot model","Autochamber model","Compared hours","Mean, Fluxbot","Mean, autochamber","Offset (%)","r"
"LM","LM",397,2.32,2.51,-7.5,0.52
"LM","HM",397,2.33,2.85,-18.2,0.57
"LM","best",398,2.33,2.8,-16.7,0.54
"LM","HF293",361,2.3,3.56,-35.5,0.77
"HM","LM",383,3.23,2.5,29.3,0.48
"HM","HM",383,3.24,2.84,13.9,0.49
"HM","best",384,3.24,2.79,15.9,0.46
"HM","HF293",347,3.18,3.55,-10.5,0.69
"best","LM",397,2.89,2.51,15.1,0.43
"best","HM",397,2.9,2.85,1.8,0.5
"best","best",398,2.9,2.8,3.5,0.46
"best","HF293",361,2.83,3.56,-20.6,0.74
